,city,city_ascii,lat,lng,country,iso2,iso3,admin_name,capital,population,id
4313,abbeville,Abbeville,29.9751,-92.1265,United States,US,USA,louisiana,,11086.0,1840014005
1770,aberdeen,Aberdeen,45.4649,-98.4686,United States,US,USA,south dakota,,28297.0,1840002032
3024,aberdeen,Aberdeen,39.5151,-76.1733,United States,US,USA,maryland,,16831.0,1840005666
2632,aberdeen,Aberdeen,40.4165,-74.2249,United States,US,USA,new jersey,,19274.0,1840081652
5105,aberdeen,Aberdeen,35.135,-79.4326,United States,US,USA,north carolina,,8969.0,1840015433
2993,aberdeen,Aberdeen,46.9757,-123.8094,United States,US,USA,washington,,17040.0,1840018446
360,abilene,Abilene,32.4543,-99.7384,United States,US,USA,texas,,127130.0,1840019476
862,abington,Abington,40.1108,-75.1146,United States,US,USA,pennsylvania,,58470.0,1840035369
2998,abington,Abington,42.118,-70.959,United States,US,USA,massachusetts,,17008.0,1840053564
5053,absecon,Absecon,39.4229,-74.4944,United States,US,USA,new jersey,,9099.0,1840003797
3755,accokeek,Accokeek,38.6745,-77.0023,United States,US,USA,maryland,,13226.0,1840005943
2148,acton,Acton,42.4843,-71.4378,United States,US,USA,massachusetts,,23961.0,1840053471
4510,acushnet,Acushnet,41.7138,-70.9012,United States,US,USA,massachusetts,,10563.0,1840131572
2293,acworth,Acworth,34.0566,-84.6716,United States,US,USA,georgia,,22370.0,1840013688
3074,ada,Ada,34.7662,-96.6681,United States,US,USA,oklahoma,,16536.0,1840019191
3343,adams,Adams,40.7092,-80.0118,United States,US,USA,pennsylvania,,15056.0,1840149061
2975,addison,Addison,32.959,-96.8355,United States,US,USA,texas,,17128.0,1840022057
1404,addison,Addison,41.9313,-88.0085,United States,US,USA,illinois,,35470.0,1840010171
1295,adelanto,Adelanto,34.5814,-117.4397,United States,US,USA,california,,38010.0,1840019117
2960,adelphi,Adelphi,39.0017,-76.9649,United States,US,USA,maryland,,17210.0,1840005944
2503,adrian,Adrian,41.8994,-84.0447,United States,US,USA,michigan,,20493.0,1840003226
2542,affton,Affton,38.5499,-90.3264,United States,US,USA,missouri,,20035.0,1840006124
1758,agawam,Agawam,42.0657,-72.6526,United States,US,USA,massachusetts,,28510.0,1840031157
2560,agoura hills,Agoura Hills,34.151,-118.7609,United States,US,USA,california,,19881.0,1840019221
5330,ahuimanu,Ahuimanu,21.4379,-157.8404,United States,US,USA,hawaii,,8520.0,1840029468
5023,aiea,Aiea,21.3865,-157.9232,United States,US,USA,hawaii,,9155.0,1840029469
1542,aiken,Aiken,33.5303,-81.7271,United States,US,USA,south carolina,,32334.0,1840013722
4703,airmont,Airmont,41.0992,-74.0989,United States,US,USA,new york,,10082.0,1840004991
4431,airway heights,Airway Heights,47.6459,-117.5792,United States,US,USA,washington,,10766.0,1840018399
82,akron,Akron,41.0798,-81.5219,United States,US,USA,ohio,,538659.0,1840000791
1483,alabaster,Alabaster,33.2198,-86.8225,United States,US,USA,alabama,,33633.0,1840013756
4477,alachua,Alachua,29.7779,-82.4832,United States,US,USA,florida,,10638.0,1840014020
526,alafaya,Alafaya,28.528,-81.1868,United States,US,USA,florida,,90874.0,1840029102
634,alameda,Alameda,37.7668,-122.267,United States,US,USA,california,,76876.0,1840018913
3467,alamo,Alamo,37.8548,-122.0136,United States,US,USA,california,,14441.0,1840017609
2543,alamo,Alamo,26.181,-98.1177,United States,US,USA,texas,,20008.0,1840019732
1618,alamogordo,Alamogordo,32.8837,-105.9625,United States,US,USA,new mexico,,31063.0,1840019403
4791,alamosa,Alamosa,37.4752,-105.877,United States,US,USA,colorado,,9847.0,1840018921
574,albany,Albany,31.5776,-84.1762,United States,US,USA,georgia,,82612.0,1840013864
77,albany,Albany,42.6664,-73.7987,United States,US,USA,new york,admin,602242.0,1840000417
2576,albany,Albany,37.8897,-122.3018,United States,US,USA,california,,19768.0,1840028140
771,albany,Albany,44.6272,-123.0965,United States,US,USA,oregon,,65410.0,1840018605
3076,albemarle,Albemarle,35.3594,-80.1915,United States,US,USA,north carolina,,16527.0,1840013444
2768,albert lea,Albert Lea,43.6548,-93.3643,United States,US,USA,minnesota,,18379.0,1840006824
2275,albertville,Albertville,34.2633,-86.2108,United States,US,USA,alabama,,22584.0,1840013599
61,albuquerque,Albuquerque,35.1054,-106.6465,United States,US,USA,new mexico,,767499.0,1840019176
4155,alcoa,Alcoa,35.8076,-83.9753,United States,US,USA,tennessee,,11635.0,1840013404
4804,alden,Alden,42.9114,-78.5211,United States,US,USA,new york,,9776.0,1840004394
4669,alderwood manor,Alderwood Manor,47.8146,-122.2672,United States,US,USA,washington,,10168.0,1840017323
3279,aldine,Aldine,29.9123,-95.3784,United States,US,USA,texas,,15434.0,1840018250
3416,alexander city,Alexander City,32.9229,-85.9358,United States,US,USA,alabama,,14686.0,1840013788
671,alexandria,Alexandria,31.2923,-92.4702,United States,US,USA,louisiana,,73457.0,1840013873
3436,alexandria,Alexandria,45.8776,-95.3767,United States,US,USA,minnesota,,14579.0,1840006680
286,alexandria,Alexandria,38.8185,-77.0861,United States,US,USA,virginia,,156788.0,1840003837
4564,alexandria,Alexandria,38.9621,-84.3859,United States,US,USA,kentucky,,10430.0,1840013162
1679,algonquin,Algonquin,42.1629,-88.3159,United States,US,USA,illinois,,29904.0,1840010110
588,alhambra,Alhambra,34.084,-118.1355,United States,US,USA,california,,81483.0,1840019222
2866,alice,Alice,27.7556,-98.0653,United States,US,USA,texas,,17797.0,1840019714
5033,aliquippa,Aliquippa,40.6155,-80.2547,United States,US,USA,pennsylvania,,9146.0,1840001009
966,aliso viejo,Aliso Viejo,33.5792,-117.7289,United States,US,USA,california,,51320.0,1840019321
433,allen,Allen,33.1088,-96.6735,United States,US,USA,texas,,107684.0,1840019396
1783,allen park,Allen Park,42.2595,-83.2107,United States,US,USA,michigan,,28128.0,1840003967
1976,allendale,Allendale,42.9845,-85.9499,United States,US,USA,michigan,,25741.0,1840004345
71,allentown,Allentown,40.5961,-75.4756,United States,US,USA,pennsylvania,,632175.0,1840001044
2378,alliance,Alliance,40.9107,-81.1189,United States,US,USA,ohio,,21574.0,1840000962
2322,allison park,Allison Park,40.573,-79.9603,United States,US,USA,pennsylvania,,22108.0,1840026468
3557,allouez,Allouez,44.4721,-88.0259,United States,US,USA,wisconsin,,14023.0,1840002346
4926,alma,Alma,43.3799,-84.6556,United States,US,USA,michigan,,9421.0,1840002879
937,aloha,Aloha,45.492,-122.8725,United States,US,USA,oregon,,53362.0,1840017414
4664,alpena,Alpena,45.074,-83.4402,United States,US,USA,michigan,,10178.0,1840003947
763,alpharetta,Alpharetta,34.0704,-84.2738,United States,US,USA,georgia,,66355.0,1840013659
3274,alpine,Alpine,32.8439,-116.7585,United States,US,USA,california,,15470.0,1840018014
4630,alpine,Alpine,40.4629,-111.7724,United States,US,USA,utah,,10272.0,1840018755
2734,alsip,Alsip,41.6701,-87.7368,United States,US,USA,illinois,,18650.0,1840010147
1171,altadena,Altadena,34.1927,-118.1346,United States,US,USA,california,,41921.0,1840017918
2566,altamont,Altamont,42.198,-121.7248,United States,US,USA,oregon,,19844.0,1840017440
1079,altamonte springs,Altamonte Springs,28.6615,-81.3953,United States,US,USA,florida,,45657.0,1840014072
625,alton,Alton,38.9037,-90.152,United States,US,USA,illinois,,77583.0,1840007424
2646,alton,Alton,26.2884,-98.3098,United States,US,USA,texas,,19205.0,1840019733
5216,altoona,Altoona,44.8029,-91.4385,United States,US,USA,wisconsin,,8750.0,1840002295
2495,altoona,Altoona,41.6483,-93.4783,United States,US,USA,iowa,,20592.0,1840007065
676,altoona,Altoona,40.5082,-78.4007,United States,US,USA,pennsylvania,,73070.0,1840001080
2732,altus,Altus,34.6565,-99.3061,United States,US,USA,oklahoma,,18670.0,1840019202
4162,alum rock,Alum Rock,37.3694,-121.8238,United States,US,USA,california,,11619.0,1840017638
1816,alvin,Alvin,29.3872,-95.2938,United States,US,USA,texas,,27700.0,1840019671
222,amarillo,Amarillo,35.1984,-101.8316,United States,US,USA,texas,,205100.0,1840019156
3944,amelia,Amelia,39.0269,-84.2218,United States,US,USA,ohio,,12482.0,1840010681
2367,american canyon,American Canyon,38.1796,-122.2583,United States,US,USA,california,,21698.0,1840018834
1407,american fork,American Fork,40.3783,-111.7953,United States,US,USA,utah,,35312.0,1840018756
3199,americus,Americus,32.0736,-84.2248,United States,US,USA,georgia,,15910.0,1840013841
767,ames,Ames,42.0256,-93.6217,United States,US,USA,iowa,,66112.0,1840007019
2950,amesbury,Amesbury,42.853,-70.9446,United States,US,USA,massachusetts,,17277.0,1840132383
4095,amherst,Amherst,42.8706,-71.6068,United States,US,USA,new hampshire,,11821.0,1840054510
348,amherst,Amherst,43.0117,-78.757,United States,US,USA,new york,,130209.0,1840057194
3849,amherst,Amherst,41.4022,-82.2303,United States,US,USA,ohio,,12796.0,1840000640
3709,amity,Amity,40.2905,-75.7477,United States,US,USA,pennsylvania,,13373.0,1840151686
4890,amityville,Amityville,40.6696,-73.4156,United States,US,USA,new york,,9513.0,1840005140
2746,ammon,Ammon,43.4745,-111.9568,United States,US,USA,idaho,,18496.0,1840018643
2811,amsterdam,Amsterdam,42.942,-74.1906,United States,US,USA,new york,,18162.0,1840000391
4891,anaconda,Anaconda,46.0608,-113.0678,United States,US,USA,montana,,9512.0,1840074775
2859,anacortes,Anacortes,48.4878,-122.6292,United States,US,USA,washington,,17837.0,1840018366
125,anaheim,Anaheim,33.839,-117.8574,United States,US,USA,california,,344553.0,1840019322
155,anchorage,Anchorage,61.1508,-149.1091,United States,US,USA,alaska,,289069.0,1840023385
5166,andalusia,Andalusia,31.3102,-86.4781,United States,US,USA,alabama,,8841.0,1840004591
1699,anderson,Anderson,34.5211,-82.6478,United States,US,USA,south carolina,,29563.0,1840013579
594,anderson,Anderson,40.0891,-85.6892,United States,US,USA,indiana,,80820.0,1840007242
4258,anderson,Anderson,40.4497,-122.295,United States,US,USA,california,,11282.0,1840018733
3558,anderson creek,Anderson Creek,35.2657,-78.958,United States,US,USA,north carolina,,14021.0,1840089354
1349,andover,Andover,42.6466,-71.1651,United States,US,USA,massachusetts,,36465.0,1840053666
1523,andover,Andover,45.2571,-93.3265,United States,US,USA,minnesota,,32825.0,1840006716
3267,andover,Andover,37.6873,-97.1352,United States,US,USA,kansas,,15508.0,1840007546
3695,andrews,Andrews,32.3207,-102.552,United States,US,USA,texas,,13416.0,1840019474
2595,angleton,Angleton,29.1721,-95.4293,United States,US,USA,texas,,19597.0,1840019672
4932,angola,Angola,41.6433,-85.005,United States,US,USA,indiana,,9383.0,1840007084
705,ankeny,Ankeny,41.7288,-93.6031,United States,US,USA,iowa,,70542.0,1840007066
139,ann arbor,Ann Arbor,42.2759,-83.731,United States,US,USA,michigan,,314647.0,1840003172
2445,anna,Anna,33.3472,-96.5508,United States,US,USA,texas,,20975.0,1840019397
1169,annandale,Annandale,38.8324,-77.196,United States,US,USA,virginia,,41982.0,1840006011
1205,annapolis,Annapolis,38.9706,-76.5047,United States,US,USA,maryland,admin,40744.0,1840005928
3942,annapolis neck,Annapolis Neck,38.9409,-76.4997,United States,US,USA,maryland,,12484.0,1840039445
645,anniston,Anniston,33.6712,-85.8135,United States,US,USA,alabama,,76228.0,1840006563
2847,anoka,Anoka,45.2099,-93.3893,United States,US,USA,minnesota,,17941.0,1840006717
2693,ansonia,Ansonia,41.3443,-73.0689,United States,US,USA,connecticut,,18951.0,1840004846
1010,antelope,Antelope,38.7153,-121.361,United States,US,USA,california,,49080.0,1840022490
2271,anthem,Anthem,33.856,-112.1168,United States,US,USA,arizona,,22622.0,1840022919
5242,anthony,Anthony,32.0131,-106.5984,United States,US,USA,new mexico,,8701.0,1840018049
129,antioch,Antioch,37.9787,-121.796,United States,US,USA,california,,333347.0,1840018903
3404,antioch,Antioch,42.4742,-88.0721,United States,US,USA,illinois,,14751.0,1840010115
3206,antrim,Antrim,39.7862,-77.7221,United States,US,USA,pennsylvania,,15881.0,1840148478
1238,apache junction,Apache Junction,33.3985,-111.535,United States,US,USA,arizona,,39746.0,1840019365
744,apex,Apex,35.7237,-78.8743,United States,US,USA,north carolina,,67765.0,1840015355
1769,apollo beach,Apollo Beach,27.7618,-82.4003,United States,US,USA,florida,,28347.0,1840014149
896,apopka,Apopka,28.7015,-81.5316,United States,US,USA,florida,,56202.0,1840014093
655,apple valley,Apple Valley,34.5352,-117.2109,United States,US,USA,california,,75478.0,1840021733
902,apple valley,Apple Valley,44.7457,-93.2004,United States,US,USA,minnesota,,55696.0,1840006768
192,appleton,Appleton,44.278,-88.3892,United States,US,USA,wisconsin,,234701.0,1840002400
5304,arab,Arab,34.3309,-86.4991,United States,US,USA,alabama,,8573.0,1840013600
5184,aransas pass,Aransas Pass,27.8876,-97.1136,United States,US,USA,texas,,8807.0,1840019708
2457,arbutus,Arbutus,39.2428,-76.6922,United States,US,USA,maryland,,20869.0,1840005676
904,arcadia,Arcadia,34.1342,-118.0373,United States,US,USA,california,,55550.0,1840019223
3641,arcadia,Arcadia,43.087,-77.0858,United States,US,USA,new york,,13662.0,1840087174
2737,arcata,Arcata,40.8615,-124.0758,United States,US,USA,california,,18578.0,1840009422
4061,archdale,Archdale,35.9032,-79.9591,United States,US,USA,north carolina,,11992.0,1840013399
4818,arden hills,Arden Hills,45.0721,-93.167,United States,US,USA,minnesota,,9737.0,1840006752
489,arden-arcade,Arden-Arcade,38.6017,-121.3845,United States,US,USA,california,,96319.0,1840036690
3527,ardmore,Ardmore,40.0033,-75.2947,United States,US,USA,pennsylvania,,14165.0,1840005455
2064,ardmore,Ardmore,34.1949,-97.1256,United States,US,USA,oklahoma,,24757.0,1840019258
5255,arizona city,Arizona City,32.7506,-111.6707,United States,US,USA,arizona,,8681.0,1840018030
4610,arkadelphia,Arkadelphia,34.1253,-93.0729,United States,US,USA,arkansas,,10316.0,1840013638
4078,arkansas city,Arkansas City,37.0726,-97.0385,United States,US,USA,kansas,,11909.0,1840001700
190,arlington,Arlington,38.8786,-77.1011,United States,US,USA,virginia,,235463.0,1840006112
3360,arlington,Arlington,35.2594,-89.668,United States,US,USA,tennessee,,14989.0,1840015458
1071,arlington,Arlington,42.4187,-71.1639,United States,US,USA,massachusetts,,46015.0,1840053631
113,arlington,Arlington,32.6998,-97.125,United States,US,USA,texas,,394769.0,1840019422
2494,arlington,Arlington,48.1701,-122.1442,United States,US,USA,washington,,20599.0,1840018378
646,arlington heights,Arlington Heights,42.0955,-87.9826,United States,US,USA,illinois,,76220.0,1840011243
2155,arnold,Arnold,39.0437,-76.4974,United States,US,USA,maryland,,23866.0,1840005907
2456,arnold,Arnold,38.4297,-90.3733,United States,US,USA,missouri,,20884.0,1840007506
2764,arroyo grande,Arroyo Grande,35.1241,-120.5845,United States,US,USA,california,,18412.0,1840019125
3921,artesia,Artesia,32.8497,-104.4268,United States,US,USA,new mexico,,12555.0,1840019443
3171,artesia,Artesia,33.8676,-118.0805,United States,US,USA,california,,16044.0,1840019224
3552,artondale,Artondale,47.3021,-122.6406,United States,US,USA,washington,,14051.0,1840037617
371,arvada,Arvada,39.832,-105.151,United States,US,USA,colorado,,122835.0,1840018788
2607,arvin,Arvin,35.1944,-118.8306,United States,US,USA,california,,19478.0,1840019147
3684,asbury lake,Asbury Lake,30.0472,-81.7853,United States,US,USA,florida,,13465.0,1840029019
3313,asbury park,Asbury Park,40.2226,-74.0119,United States,US,USA,new jersey,,15239.0,1840003684
1082,ashburn,Ashburn,39.0277,-77.4714,United States,US,USA,virginia,,45551.0,1840024495
1841,asheboro,Asheboro,35.7158,-79.8127,United States,US,USA,north carolina,,27353.0,1840013400
149,asheville,Asheville,35.5707,-82.5537,United States,US,USA,north carolina,,295040.0,1840013411
2399,ashland,Ashland,38.4592,-82.6448,United States,US,USA,kentucky,,21405.0,1840013195
2726,ashland,Ashland,42.2573,-71.4687,United States,US,USA,massachusetts,,18694.0,1840053632
2405,ashland,Ashland,42.1905,-122.6992,United States,US,USA,oregon,,21343.0,1840018674
4923,ashland,Ashland,39.8782,-75.0085,United States,US,USA,new jersey,,9437.0,1840033467
2683,ashland,Ashland,40.8668,-82.3156,United States,US,USA,ohio,,19008.0,1840002751
2257,ashland,Ashland,37.6942,-122.1159,United States,US,USA,california,,22784.0,1840017619
2851,ashtabula,Ashtabula,41.8805,-80.7984,United States,US,USA,ohio,,17919.0,1840007046
3009,ashwaubenon,Ashwaubenon,44.4796,-88.0889,United States,US,USA,wisconsin,,16931.0,1840002342
929,aspen hill,Aspen Hill,39.0927,-77.0826,United States,US,USA,maryland,,53752.0,1840005825
3046,aston,Aston,39.8719,-75.4349,United States,US,USA,pennsylvania,,16690.0,1840150553
4672,astoria,Astoria,46.1856,-123.8053,United States,US,USA,oregon,,10162.0,1840018504
1689,atascadero,Atascadero,35.4827,-120.6858,United States,US,USA,california,,29735.0,1840019126
506,atascocita,Atascocita,29.9777,-95.1953,United States,US,USA,texas,,93926.0,1840018251
4422,atchison,Atchison,39.5625,-95.1367,United States,US,USA,kansas,,10795.0,1840001543
3510,athens,Athens,35.4573,-84.6045,United States,US,USA,tennessee,,14250.0,1840013429
1832,athens,Athens,34.7843,-86.9503,United States,US,USA,alabama,,27474.0,1840000935
312,athens,Athens,33.9508,-83.3689,United States,US,USA,georgia,,147368.0,1840029463
2220,athens,Athens,39.327,-82.0987,United States,US,USA,ohio,,23211.0,1840007355
3800,athens,Athens,32.2041,-95.8321,United States,US,USA,texas,,13013.0,1840019500
4071,athol,Athol,42.5841,-72.2177,United States,US,USA,massachusetts,,11937.0,1840053683
7,atlanta,Atlanta,33.7628,-84.422,United States,US,USA,georgia,admin,5211164.0,1840013660
3718,atlantic beach,Atlantic Beach,30.3375,-81.4127,United States,US,USA,florida,,13353.0,1840013956
1280,atlantic city,Atlantic City,39.3797,-74.4527,United States,US,USA,new jersey,,38486.0,1840003798
4641,atoka,Atoka,35.4239,-89.7861,United States,US,USA,tennessee,,10237.0,1840015416
1064,attleboro,Attleboro,41.9311,-71.295,United States,US,USA,massachusetts,,46499.0,1840000496
1558,atwater,Atwater,37.3529,-120.5959,United States,US,USA,california,,32013.0,1840018934
3620,auburn,Auburn,38.895,-121.0777,United States,US,USA,california,,13758.0,1840010231
556,auburn,Auburn,47.3039,-122.2108,United States,US,USA,washington,,85455.0,1840018416
3022,auburn,Auburn,42.1972,-71.8453,United States,US,USA,massachusetts,,16840.0,1840053684
430,auburn,Auburn,32.6087,-85.4903,United States,US,USA,alabama,,108327.0,1840013810
3685,auburn,Auburn,41.3666,-85.0559,United States,US,USA,indiana,,13464.0,1840007100
1911,auburn,Auburn,42.9338,-76.5685,United States,US,USA,new york,,26475.0,1840000367
2115,auburn,Auburn,44.0851,-70.2492,United States,US,USA,maine,,24294.0,1840000319
2054,auburn hills,Auburn Hills,42.6735,-83.2448,United States,US,USA,michigan,,24911.0,1840002436
2920,auburndale,Auburndale,28.0963,-81.8012,United States,US,USA,florida,,17438.0,1840014127
5244,audubon,Audubon,39.8906,-75.0722,United States,US,USA,new jersey,,8699.0,1840003775
5091,audubon,Audubon,40.1304,-75.428,United States,US,USA,pennsylvania,,9014.0,1840034852
2685,augusta,Augusta,44.3341,-69.7319,United States,US,USA,maine,admin,18999.0,1840000302
4975,augusta,Augusta,37.6955,-96.9919,United States,US,USA,kansas,,9252.0,1840001675
101,augusta,Augusta,33.3645,-82.0708,United States,US,USA,georgia,,439361.0,1840029462
114,aurora,Aurora,39.7083,-104.7237,United States,US,USA,colorado,,390201.0,1840018794
3591,aurora,Aurora,42.7382,-78.6373,United States,US,USA,new york,,13870.0,1840150816
2932,aurora,Aurora,41.3118,-81.345,United States,US,USA,ohio,,17386.0,1840000806
253,aurora,Aurora,41.7638,-88.2902,United States,US,USA,illinois,,179867.0,1840007034
1937,austin,Austin,43.6721,-92.9784,United States,US,USA,minnesota,,26167.0,1840006830
27,austin,Austin,30.3005,-97.7522,United States,US,USA,texas,admin,1915031.0,1840019590
1667,austintown,Austintown,41.0932,-80.7405,United States,US,USA,ohio,,30215.0,1840005185
3692,avenal,Avenal,36.0311,-120.1162,United States,US,USA,california,,13441.0,1840019054
2971,avenel,Avenel,40.5842,-74.2716,United States,US,USA,new jersey,,17143.0,1840005410
1248,aventura,Aventura,25.9566,-80.1371,United States,US,USA,florida,,39372.0,1840014243
3815,avocado heights,Avocado Heights,34.0391,-117.997,United States,US,USA,california,,12934.0,1840028318
2039,avon,Avon,41.4485,-82.0187,United States,US,USA,ohio,,25082.0,1840000641
2266,avon,Avon,39.7601,-86.3916,United States,US,USA,indiana,,22683.0,1840009535
2004,avon lake,Avon Lake,41.4944,-82.0159,United States,US,USA,ohio,,25456.0,1840000642
4778,avon park,Avon Park,27.5898,-81.5068,United States,US,USA,florida,,9879.0,1840014166
528,avondale,Avondale,33.3873,-112.3235,United States,US,USA,arizona,,90644.0,1840019310
3155,azalea park,Azalea Park,28.5473,-81.2956,United States,US,USA,florida,,16110.0,1840014082
3623,azle,Azle,32.8955,-97.5379,United States,US,USA,texas,,13734.0,1840019423
1004,azusa,Azusa,34.1386,-117.9124,United States,US,USA,california,,49318.0,1840019226
208,babylon,Babylon,40.6925,-73.3586,United States,US,USA,new york,,217860.0,1840005142
4757,bacliff,Bacliff,29.5085,-94.9888,United States,US,USA,texas,,9935.0,1840018273
2677,badger,Badger,64.8006,-147.3877,United States,US,USA,alaska,,19033.0,1840023690
2003,bailey's crossroads,Bailey's Crossroads,38.8477,-77.1305,United States,US,USA,virginia,,25458.0,1840037327
5147,bainbridge,Bainbridge,41.3855,-81.3478,United States,US,USA,ohio,,8882.0,1840152715
3486,bainbridge,Bainbridge,30.9052,-84.5732,United States,US,USA,georgia,,14353.0,1840013899
2078,bainbridge island,Bainbridge Island,47.6439,-122.5434,United States,US,USA,washington,,24607.0,1840018409
3975,baker,Baker,30.5832,-91.1582,United States,US,USA,louisiana,,12322.0,1840013939
4665,baker city,Baker City,44.7749,-117.832,United States,US,USA,oregon,,10177.0,1840018587
78,bakersfield,Bakersfield,35.3529,-119.0359,United States,US,USA,california,,578542.0,1840019148
4851,bala cynwyd,Bala Cynwyd,40.0116,-75.2283,United States,US,USA,pennsylvania,,9622.0,1840153024
1851,balch springs,Balch Springs,32.7194,-96.6151,United States,US,USA,texas,,27181.0,1840019435
2426,baldwin,Baldwin,40.369,-79.9669,United States,US,USA,pennsylvania,,21159.0,1840001201
1488,baldwin,Baldwin,40.6511,-73.6075,United States,US,USA,new york,,33595.0,1840005228
702,baldwin park,Baldwin Park,34.0829,-117.9722,United States,US,USA,california,,70720.0,1840019227
1960,ballenger creek,Ballenger Creek,39.3807,-77.4206,United States,US,USA,maryland,,25866.0,1840031490
4014,ballston,Ballston,42.9542,-73.8794,United States,US,USA,new york,,12164.0,1840087194
1629,ballwin,Ballwin,38.595,-90.55,United States,US,USA,missouri,,30835.0,1840007447
22,baltimore,Baltimore,39.3051,-76.6144,United States,US,USA,maryland,,2189589.0,1840001592
5309,baltimore highlands,Baltimore Highlands,39.2355,-76.6367,United States,US,USA,maryland,,8564.0,1840024447
1588,bangor,Bangor,44.8323,-68.7906,United States,US,USA,maine,,31663.0,1840000238
1640,banning,Banning,33.946,-116.8992,United States,US,USA,california,,30680.0,1840019297
3933,baraboo,Baraboo,43.4695,-89.7376,United States,US,USA,wisconsin,,12506.0,1840002720
2049,barberton,Barberton,41.0095,-81.6037,United States,US,USA,ohio,,24977.0,1840000792
4696,bardmoor,Bardmoor,27.8574,-82.7534,United States,US,USA,florida,,10095.0,1840038841
3638,bardstown,Bardstown,37.8175,-85.455,United States,US,USA,kentucky,,13673.0,1840013219
4671,bargersville,Bargersville,39.5412,-86.2004,United States,US,USA,indiana,,10163.0,1840009569
2066,barnegat,Barnegat,39.7668,-74.2776,United States,US,USA,new jersey,,24731.0,1840081601
1008,barnstable,Barnstable,41.6655,-70.3639,United States,US,USA,massachusetts,,49232.0,1840031233
4927,barrington,Barrington,43.2139,-71.0424,United States,US,USA,new hampshire,,9420.0,1840018720
2980,barrington,Barrington,41.7443,-71.3145,United States,US,USA,rhode island,,17113.0,1840106239
4329,barrington,Barrington,42.1515,-88.1281,United States,US,USA,illinois,,11049.0,1840011244
2029,barstow,Barstow,34.8661,-117.0471,United States,US,USA,california,,25198.0,1840019118
1312,bartlesville,Bartlesville,36.7365,-95.9456,United States,US,USA,oklahoma,,37559.0,1840018977
887,bartlett,Bartlett,35.2337,-89.8195,United States,US,USA,tennessee,,56998.0,1840013472
1212,bartlett,Bartlett,41.9804,-88.2071,United States,US,USA,illinois,,40531.0,1840011246
5337,barton,Barton,42.0812,-76.4982,United States,US,USA,new york,,8509.0,1840057223
2569,bartow,Bartow,27.8868,-81.8214,United States,US,USA,florida,,19801.0,1840014128
4930,bastrop,Bastrop,32.7748,-91.9078,United States,US,USA,louisiana,,9408.0,1840013793
4539,bastrop,Bastrop,30.1113,-97.3176,United States,US,USA,texas,,10484.0,1840019603
1891,batavia,Batavia,41.8479,-88.3109,United States,US,USA,illinois,,26730.0,1840007035
3269,batavia,Batavia,42.9987,-78.1802,United States,US,USA,new york,,15494.0,1840000385
4237,batesville,Batesville,35.7687,-91.6227,United States,US,USA,arkansas,,11385.0,1840013398
5190,bath,Bath,43.9346,-69.8346,United States,US,USA,maine,,8801.0,1840000332
4229,bath,Bath,42.3219,-77.3083,United States,US,USA,new york,,11400.0,1840004559
72,baton rouge,Baton Rouge,30.442,-91.1311,United States,US,USA,louisiana,admin,630063.0,1840013941
672,battle creek,Battle Creek,42.2985,-85.2296,United States,US,USA,michigan,,73448.0,1840003176
2415,battle ground,Battle Ground,45.7766,-122.5413,United States,US,USA,washington,,21293.0,1840018523
5185,baxter,Baxter,46.3426,-94.2793,United States,US,USA,minnesota,,8804.0,1840006643
802,bay city,Bay City,43.5902,-83.8887,United States,US,USA,michigan,,62979.0,1840002583
2862,bay city,Bay City,28.9838,-95.9601,United States,US,USA,texas,,17816.0,1840019682
2135,bay point,Bay Point,38.0329,-121.9615,United States,US,USA,california,,24065.0,1840028316
1605,bay shore,Bay Shore,40.7288,-73.2495,United States,US,USA,new york,,31275.0,1840005017
4741,bay st. louis,Bay St. Louis,30.3281,-89.3774,United States,US,USA,mississippi,,9971.0,1840013951
3188,bay village,Bay Village,41.4851,-81.9317,United States,US,USA,ohio,,15992.0,1840003394
2163,bayonet point,Bayonet Point,28.3254,-82.6834,United States,US,USA,florida,,23787.0,1840014117
707,bayonne,Bayonne,40.6668,-74.1158,United States,US,USA,new jersey,,70468.0,1840003595
4274,bayou blue,Bayou Blue,29.6341,-90.6733,United States,US,USA,louisiana,,11218.0,1840039382
2318,bayou cane,Bayou Cane,29.6243,-90.751,United States,US,USA,louisiana,,22143.0,1840014031
5174,bayport,Bayport,40.7461,-73.0546,United States,US,USA,new york,,8831.0,1840005018
2778,bayshore gardens,Bayshore Gardens,27.4345,-82.5793,United States,US,USA,florida,,18324.0,1840014168
561,baytown,Baytown,29.7587,-94.9671,United States,US,USA,texas,,84538.0,1840019616
3566,beach park,Beach Park,42.426,-87.8583,United States,US,USA,illinois,,13988.0,1840011149
3598,beachwood,Beachwood,41.4759,-81.503,United States,US,USA,ohio,,13850.0,1840003395
4353,beachwood,Beachwood,39.9286,-74.2022,United States,US,USA,new jersey,,11002.0,1840001483
3426,beacon,Beacon,41.5036,-73.9655,United States,US,USA,new york,,14629.0,1840000499
2272,bear,Bear,39.6189,-75.6808,United States,US,USA,delaware,,22604.0,1840005568
4001,beatrice,Beatrice,40.2736,-96.7455,United States,US,USA,nebraska,,12233.0,1840001352
3642,beaufort,Beaufort,32.4597,-80.7235,United States,US,USA,south carolina,,13660.0,1840013818
915,beaumont,Beaumont,33.9076,-116.9766,United States,US,USA,california,,54817.0,1840019298
314,beaumont,Beaumont,30.0849,-94.1451,United States,US,USA,texas,,146554.0,1840019612
3060,beaver dam,Beaver Dam,43.4688,-88.8309,United States,US,USA,wisconsin,,16629.0,1840002738
5145,beaver falls,Beaver Falls,40.7619,-80.3226,United States,US,USA,pennsylvania,,8885.0,1840001013
1058,beavercreek,Beavercreek,39.731,-84.0624,United States,US,USA,ohio,,46787.0,1840007312
481,beaverton,Beaverton,45.4779,-122.8168,United States,US,USA,oregon,,97502.0,1840018556
4918,beckett ridge,Beckett Ridge,39.3448,-84.438,United States,US,USA,ohio,,9451.0,1840034377
3004,beckley,Beckley,37.7877,-81.1841,United States,US,USA,west virginia,,16977.0,1840006350
3809,bedford,Bedford,41.3919,-81.536,United States,US,USA,ohio,,12960.0,1840003396
3493,bedford,Bedford,42.4969,-71.2783,United States,US,USA,massachusetts,,14343.0,1840053633
2186,bedford,Bedford,42.9406,-71.5302,United States,US,USA,new hampshire,,23580.0,1840054623
1009,bedford,Bedford,32.8464,-97.135,United States,US,USA,texas,,49191.0,1840019424
3029,bedford,Bedford,41.225,-73.6673,United States,US,USA,new york,,16807.0,1840057226
3605,bedford,Bedford,38.8602,-86.4895,United States,US,USA,indiana,,13824.0,1840007426
4392,bedford heights,Bedford Heights,41.4041,-81.5053,United States,US,USA,ohio,,10876.0,1840003397
5160,bee cave,Bee Cave,30.3084,-97.9629,United States,US,USA,texas,,8861.0,1840023142
4765,bee ridge,Bee Ridge,27.2855,-82.4731,United States,US,USA,florida,,9921.0,1840028632
5299,beebe,Beebe,35.0713,-91.8998,United States,US,USA,arkansas,,8580.0,1840013439
3337,beech grove,Beech Grove,39.7157,-86.0871,United States,US,USA,indiana,,15082.0,1840007307
5339,beecher,Beecher,43.0903,-83.7039,United States,US,USA,michigan,,8507.0,1840004343
3551,beekman,Beekman,41.6042,-73.6944,United States,US,USA,new york,,14057.0,1840057227
3672,beeville,Beeville,28.4053,-97.749,United States,US,USA,texas,,13518.0,1840019698
4495,bel air,Bel Air,39.5348,-76.346,United States,US,USA,maryland,,10616.0,1840005668
1593,bel air north,Bel Air North,39.5543,-76.3732,United States,US,USA,maryland,,31599.0,1840073591
878,bel air south,Bel Air South,39.5022,-76.3113,United States,US,USA,maryland,,57702.0,1840073592
5269,bel aire,Bel Aire,37.7749,-97.2457,United States,US,USA,kansas,,8654.0,1840045965
3293,belchertown,Belchertown,42.2788,-72.4004,United States,US,USA,massachusetts,,15366.0,1840053455
4219,belgrade,Belgrade,45.7789,-111.1736,United States,US,USA,montana,,11425.0,1840018508
1522,bell,Bell,33.9801,-118.1798,United States,US,USA,california,,32830.0,1840019228
1275,bell gardens,Bell Gardens,33.9663,-118.155,United States,US,USA,california,,38661.0,1840019229
1626,bella vista,Bella Vista,36.4667,-94.2707,United States,US,USA,arkansas,,30935.0,1840015287
3582,bellair-meadowbrook terrace,Bellair-Meadowbrook Terrace,30.1796,-81.7375,United States,US,USA,florida,,13887.0,1840073845
2979,bellaire,Bellaire,29.704,-95.4621,United States,US,USA,texas,,17116.0,1840019617
4330,belle chasse,Belle Chasse,29.8558,-90.0045,United States,US,USA,louisiana,,11046.0,1840014028
3027,belle glade,Belle Glade,26.6916,-80.6656,United States,US,USA,florida,,16818.0,1840014206
3553,bellefontaine,Bellefontaine,40.3627,-83.763,United States,US,USA,ohio,,14051.0,1840007233
4511,bellefontaine neighbors,Bellefontaine Neighbors,38.7529,-90.228,United States,US,USA,missouri,,10562.0,1840007449
1175,belleville,Belleville,38.5164,-89.99,United States,US,USA,illinois,,41722.0,1840007486
1306,belleville,Belleville,40.795,-74.1617,United States,US,USA,new jersey,,37756.0,1840131591
298,bellevue,Bellevue,47.5951,-122.1535,United States,US,USA,washington,,151199.0,1840018417
3130,bellevue,Bellevue,44.4592,-87.955,United States,US,USA,wisconsin,,16255.0,1840000308
784,bellevue,Bellevue,41.1485,-95.939,United States,US,USA,nebraska,,64355.0,1840007142
628,bellflower,Bellflower,33.888,-118.1271,United States,US,USA,california,,77396.0,1840019230
352,bellingham,Bellingham,48.7548,-122.469,United States,US,USA,washington,,128737.0,1840018346
2967,bellingham,Bellingham,42.0777,-71.4741,United States,US,USA,massachusetts,,17160.0,1840053544
4140,bellmawr,Bellmawr,39.8666,-75.0941,United States,US,USA,new jersey,,11678.0,1840000731
4515,bellmead,Bellmead,31.6026,-97.0897,United States,US,USA,texas,,10550.0,1840019531
3244,bellmore,Bellmore,40.6569,-73.5285,United States,US,USA,new york,,15652.0,1840005232
2042,bellview,Bellview,30.462,-87.312,United States,US,USA,florida,,25051.0,1840013912
2770,bellwood,Bellwood,41.8829,-87.8762,United States,US,USA,illinois,,18373.0,1840011248
1828,belmont,Belmont,37.5154,-122.2953,United States,US,USA,california,,27505.0,1840018924
4883,belmont,Belmont,39.0622,-77.4985,United States,US,USA,virginia,,9525.0,1840024496
3328,belmont,Belmont,35.2212,-81.0401,United States,US,USA,north carolina,,15140.0,1840013469
1863,belmont,Belmont,42.396,-71.1795,United States,US,USA,massachusetts,,27009.0,1840053474
1346,beloit,Beloit,42.523,-89.0184,United States,US,USA,wisconsin,,36554.0,1840002471
2076,belton,Belton,38.8192,-94.5335,United States,US,USA,missouri,,24618.0,1840007463
2166,belton,Belton,31.0525,-97.479,United States,US,USA,texas,,23769.0,1840019556
2669,beltsville,Beltsville,39.0394,-76.9211,United States,US,USA,maryland,,19086.0,1840005945
3472,belvedere park,Belvedere Park,33.7489,-84.2599,United States,US,USA,georgia,,14422.0,1840013699
2092,belvidere,Belvidere,42.2543,-88.8649,United States,US,USA,illinois,,24510.0,1840006971
3271,bemidji,Bemidji,47.4828,-94.8797,United States,US,USA,minnesota,,15490.0,1840006600
2103,benbrook,Benbrook,32.6788,-97.4637,United States,US,USA,texas,,24430.0,1840019425
410,bend,Bend,44.0563,-121.3095,United States,US,USA,oregon,,113454.0,1840018618
1881,benicia,Benicia,38.0725,-122.1526,United States,US,USA,california,,26861.0,1840018858
5217,benner,Benner,40.8698,-77.8153,United States,US,USA,pennsylvania,,8748.0,1840143700
3302,bennington,Bennington,42.8854,-73.2133,United States,US,USA,vermont,,15313.0,1840070381
805,bensalem,Bensalem,40.1086,-74.9431,United States,US,USA,pennsylvania,,62689.0,1840152153
2738,bensenville,Bensenville,41.9579,-87.9442,United States,US,USA,illinois,,18576.0,1840011398
3398,bensville,Bensville,38.6176,-77.0077,United States,US,USA,maryland,,14792.0,1840073595
1370,benton,Benton,34.5776,-92.5713,United States,US,USA,arkansas,,35954.0,1840013572
5086,benton harbor,Benton Harbor,42.1159,-86.4488,United States,US,USA,michigan,,9023.0,1840003215
892,bentonville,Bentonville,36.3547,-94.2305,United States,US,USA,arkansas,,56326.0,1840013319
3258,berea,Berea,37.5904,-84.2898,United States,US,USA,kentucky,,15557.0,1840013225
2776,berea,Berea,41.3696,-81.8641,United States,US,USA,ohio,,18330.0,1840000588
3055,berea,Berea,34.8802,-82.465,United States,US,USA,south carolina,,16642.0,1840013495
1774,bergenfield,Bergenfield,40.9236,-73.9982,United States,US,USA,new jersey,,28269.0,1840000893
1116,berkeley,Berkeley,39.9156,-74.1923,United States,US,USA,new jersey,,44222.0,1840081604
377,berkeley,Berkeley,37.8722,-122.276,United States,US,USA,california,,120223.0,1840018914
3774,berkeley heights,Berkeley Heights,40.6764,-74.4244,United States,US,USA,new jersey,,13121.0,1840081748
4409,berkley,Berkley,39.8045,-105.0281,United States,US,USA,colorado,,10838.0,1840028561
3336,berkley,Berkley,42.4986,-83.1853,United States,US,USA,michigan,,15084.0,1840002437
4908,berlin,Berlin,44.4869,-71.2599,United States,US,USA,new hampshire,,9473.0,1840002100
5064,bernalillo,Bernalillo,35.3127,-106.5537,United States,US,USA,new mexico,,9068.0,1840020388
1800,bernards,Bernards,40.6761,-74.5677,United States,US,USA,new jersey,,27840.0,1840081704
4137,berthoud,Berthoud,40.3071,-105.0426,United States,US,USA,colorado,,11684.0,1840020153
4618,berwick,Berwick,41.0555,-76.2492,United States,US,USA,pennsylvania,,10291.0,1840003484
900,berwyn,Berwyn,41.8433,-87.7909,United States,US,USA,illinois,,55888.0,1840007027
1982,bessemer,Bessemer,33.3712,-86.9728,United States,US,USA,alabama,,25655.0,1840013732
4979,bethalto,Bethalto,38.9015,-90.0466,United States,US,USA,illinois,,9244.0,1840012789
1587,bethany,Bethany,45.5614,-122.837,United States,US,USA,oregon,,31700.0,1840034671
2492,bethany,Bethany,35.5071,-97.6418,United States,US,USA,oklahoma,,20606.0,1840019153
4859,bethel,Bethel,39.8458,-75.4891,United States,US,USA,pennsylvania,,9598.0,1840150552
1504,bethel park,Bethel Park,40.3238,-80.0364,United States,US,USA,pennsylvania,,33070.0,1840001206
746,bethesda,Bethesda,38.9866,-77.1188,United States,US,USA,maryland,,67403.0,1840005826
632,bethlehem,Bethlehem,40.6266,-75.3679,United States,US,USA,pennsylvania,,77069.0,1840000986
1424,bethlehem,Bethlehem,42.5856,-73.8219,United States,US,USA,new york,,35002.0,1840087216
2942,bethpage,Bethpage,40.7495,-73.4856,United States,US,USA,new york,,17334.0,1840005233
1251,bettendorf,Bettendorf,41.5657,-90.4765,United States,US,USA,iowa,,39297.0,1840007079
1161,beverly,Beverly,42.5681,-70.8627,United States,US,USA,massachusetts,,42408.0,1840000411
4530,beverly hills,Beverly Hills,42.522,-83.2423,United States,US,USA,michigan,,10507.0,1840011052
1564,beverly hills,Beverly Hills,34.0786,-118.4021,United States,US,USA,california,,31955.0,1840019231
4826,beverly hills,Beverly Hills,28.9176,-82.4542,United States,US,USA,florida,,9716.0,1840014061
3731,bexley,Bexley,39.965,-82.9343,United States,US,USA,ohio,,13324.0,1840003759
2285,biddeford,Biddeford,43.4673,-70.4511,United States,US,USA,maine,,22463.0,1840000342
3937,big bear city,Big Bear City,34.2536,-116.7903,United States,US,USA,california,,12493.0,1840017797
4024,big lake,Big Lake,45.3417,-93.7434,United States,US,USA,minnesota,,12115.0,1840006701
2063,big spring,Big Spring,32.2389,-101.4799,United States,US,USA,texas,,24769.0,1840019471
1177,billerica,Billerica,42.5587,-71.2673,United States,US,USA,massachusetts,,41700.0,1840053475
343,billings,Billings,45.7891,-108.5526,United States,US,USA,montana,,133173.0,1840018496
1013,biloxi,Biloxi,30.4426,-88.9514,United States,US,USA,mississippi,,49011.0,1840013948
300,binghamton,Binghamton,42.1014,-75.9093,United States,US,USA,new york,,150564.0,1840000460
4311,birch bay,Birch Bay,48.9243,-122.7519,United States,US,USA,washington,,11103.0,1840017289
2373,birmingham,Birmingham,42.5446,-83.2166,United States,US,USA,michigan,,21612.0,1840002438
60,birmingham,Birmingham,33.5279,-86.7971,United States,US,USA,alabama,,778756.0,1840006507
477,bismarck,Bismarck,46.8143,-100.7694,United States,US,USA,north dakota,admin,99060.0,1840001926
4423,bithlo,Bithlo,28.5644,-81.1073,United States,US,USA,florida,,10790.0,1840014083
1708,bixby,Bixby,35.9454,-95.8776,United States,US,USA,oklahoma,,29402.0,1840019058
3422,black forest,Black Forest,39.0608,-104.6752,United States,US,USA,colorado,,14658.0,1840017562
3891,blackfoot,Blackfoot,43.194,-112.3454,United States,US,USA,idaho,,12628.0,1840018650
4579,blackhawk,Blackhawk,37.8159,-121.9071,United States,US,USA,california,,10404.0,1840028358
5152,blacklick estates,Blacklick Estates,39.9049,-82.8655,United States,US,USA,ohio,,8867.0,1840034379
699,blacksburg,Blacksburg,37.23,-80.4279,United States,US,USA,virginia,,71014.0,1840006446
4999,blackstone,Blackstone,42.0399,-71.5313,United States,US,USA,massachusetts,,9211.0,1840053687
4647,blackwells mills,Blackwells Mills,40.4773,-74.5976,United States,US,USA,new jersey,,10220.0,1840033455
4870,bladensburg,Bladensburg,38.9424,-76.9264,United States,US,USA,maryland,,9552.0,1840005981
696,blaine,Blaine,45.1696,-93.2077,United States,US,USA,minnesota,,71261.0,1840006719
4963,blanchard,Blanchard,35.1524,-97.6602,United States,US,USA,oklahoma,,9276.0,1840019175
944,bloomfield,Bloomfield,40.8098,-74.1869,United States,US,USA,new jersey,,52974.0,1840131592
2731,blooming grove,Blooming Grove,41.3948,-74.184,United States,US,USA,new york,,18672.0,1840057241
2146,bloomingdale,Bloomingdale,27.8784,-82.2624,United States,US,USA,florida,,23979.0,1840014150
5168,bloomingdale,Bloomingdale,36.5793,-82.5096,United States,US,USA,tennessee,,8840.0,1840013297
2292,bloomingdale,Bloomingdale,41.9497,-88.0895,United States,US,USA,illinois,,22388.0,1840011399
344,bloomington,Bloomington,40.4757,-88.9703,United States,US,USA,illinois,,133107.0,1840007207
436,bloomington,Bloomington,39.1637,-86.5257,United States,US,USA,indiana,,107262.0,1840007376
535,bloomington,Bloomington,44.8306,-93.3151,United States,US,USA,minnesota,,88838.0,1840006747
2110,bloomington,Bloomington,34.0601,-117.4013,United States,US,USA,california,,24324.0,1840017799
3823,bloomsburg,Bloomsburg,41.0027,-76.4561,United States,US,USA,pennsylvania,,12906.0,1840000811
3706,blue ash,Blue Ash,39.248,-84.3827,United States,US,USA,ohio,,13374.0,1840003812
2198,blue island,Blue Island,41.6578,-87.6811,United States,US,USA,illinois,,23416.0,1840007028
851,blue springs,Blue Springs,39.0124,-94.2721,United States,US,USA,missouri,,59416.0,1840007396
4892,bluefield,Bluefield,37.2608,-81.2143,United States,US,USA,west virginia,,9511.0,1840006401
2810,bluffdale,Bluffdale,40.4744,-111.9381,United States,US,USA,utah,,18168.0,1840018745
1603,bluffton,Bluffton,32.2135,-80.9316,United States,US,USA,south carolina,,31323.0,1840015799
4520,bluffton,Bluffton,40.7424,-85.173,United States,US,USA,indiana,,10539.0,1840007178
2860,blythe,Blythe,33.6219,-114.6195,United States,US,USA,california,,17824.0,1840019299
3797,blytheville,Blytheville,35.9321,-89.9051,United States,US,USA,arkansas,,13026.0,1840013390
4406,boaz,Boaz,34.1985,-86.1529,United States,US,USA,alabama,,10847.0,1840013602
478,boca raton,Boca Raton,26.3752,-80.108,United States,US,USA,florida,,98833.0,1840014207
2604,boerne,Boerne,29.7847,-98.7292,United States,US,USA,texas,,19509.0,1840019623
4521,bogalusa,Bogalusa,30.7812,-89.8633,United States,US,USA,louisiana,,10539.0,1840013905
5050,bogota,Bogota,40.8751,-74.0293,United States,US,USA,new jersey,,9110.0,1840000894
4951,bohemia,Bohemia,40.7717,-73.1271,United States,US,USA,new york,,9306.0,1840005020
3898,boiling springs,Boiling Springs,35.045,-81.9779,United States,US,USA,south carolina,,12609.0,1840013509
98,boise,Boise,43.6005,-116.2308,United States,US,USA,idaho,admin,449428.0,1840027142
669,bolingbrook,Bolingbrook,41.6901,-88.1021,United States,US,USA,illinois,,73813.0,1840011482
4357,bolivar,Bolivar,37.6059,-93.4175,United States,US,USA,missouri,,10996.0,1840007578
2945,bon air,Bon Air,37.5187,-77.5713,United States,US,USA,virginia,,17302.0,1840006409
4500,bonham,Bonham,33.588,-96.1901,United States,US,USA,texas,,10594.0,1840019332
3726,bonita,Bonita,32.6651,-117.0296,United States,US,USA,california,,13336.0,1840018015
99,bonita springs,Bonita Springs,26.3558,-81.7859,United States,US,USA,florida,,445500.0,1840014227
2259,bonney lake,Bonney Lake,47.1791,-122.17,United States,US,USA,washington,,22776.0,1840018454
3949,boone,Boone,42.0531,-93.877,United States,US,USA,iowa,,12445.0,1840007012
2602,boone,Boone,36.2111,-81.6669,United States,US,USA,north carolina,,19534.0,1840015310
5070,booneville,Booneville,34.6643,-88.5684,United States,US,USA,mississippi,,9060.0,1840013591
5186,boonton,Boonton,40.9047,-74.4048,United States,US,USA,new jersey,,8803.0,1840000946
4079,bordentown,Bordentown,40.142,-74.7098,United States,US,USA,new jersey,,11898.0,1840001476
3958,borger,Borger,35.6598,-101.4012,United States,US,USA,texas,,12398.0,1840019083
803,bossier city,Bossier City,32.5224,-93.6668,United States,US,USA,louisiana,,62832.0,1840013790
9,boston,Boston,42.3188,-71.0852,United States,US,USA,massachusetts,admin,4355184.0,1840000455
3072,bostonia,Bostonia,32.8189,-116.948,United States,US,USA,california,,16545.0,1840018018
1022,bothell,Bothell,47.7735,-122.2044,United States,US,USA,washington,,48610.0,1840018419
3454,bothell east,Bothell East,47.8064,-122.1844,United States,US,USA,washington,,14487.0,1840041892
2441,bothell west,Bothell West,47.8056,-122.2401,United States,US,USA,washington,,21014.0,1840041906
378,boulder,Boulder,40.0248,-105.2524,United States,US,USA,colorado,,120121.0,1840018774
3381,boulder city,Boulder City,35.8407,-114.9257,United States,US,USA,nevada,,14888.0,1840019028
5044,boulder hill,Boulder Hill,41.7113,-88.3353,United States,US,USA,illinois,,9127.0,1840004821
4047,bound brook,Bound Brook,40.5676,-74.5383,United States,US,USA,new jersey,,12023.0,1840001053
1093,bountiful,Bountiful,40.8721,-111.8647,United States,US,USA,utah,,45093.0,1840018737
2820,bourbonnais,Bourbonnais,41.183,-87.8784,United States,US,USA,illinois,,18109.0,1840011692
2538,bourne,Bourne,41.7233,-70.5816,United States,US,USA,massachusetts,,20093.0,1840053642
876,bowie,Bowie,38.9549,-76.7406,United States,US,USA,maryland,,57771.0,1840005970
1671,bowling green,Bowling Green,41.3776,-83.6495,United States,US,USA,ohio,,30051.0,1840000621
463,bowling green,Bowling Green,36.9716,-86.4378,United States,US,USA,kentucky,,102247.0,1840013265
3947,box elder,Box Elder,44.112,-103.0818,United States,US,USA,south dakota,,12457.0,1840002183
599,boynton beach,Boynton Beach,26.5281,-80.0811,United States,US,USA,florida,,80601.0,1840014208
789,bozeman,Bozeman,45.6833,-111.0558,United States,US,USA,montana,,63917.0,1840018509
893,bradenton,Bradenton,27.4901,-82.5757,United States,US,USA,florida,,56289.0,1840014173
2600,bradfordville,Bradfordville,30.5735,-84.2055,United States,US,USA,florida,,19548.0,1840028817
3299,bradley,Bradley,41.1641,-87.8452,United States,US,USA,illinois,,15331.0,1840011693
3501,bradley gardens,Bradley Gardens,40.5711,-74.6678,United States,US,USA,new jersey,,14315.0,1840033232
3456,brainerd,Brainerd,46.3553,-94.1983,United States,US,USA,minnesota,,14474.0,1840006644
1272,braintree,Braintree,42.2039,-71.0022,United States,US,USA,massachusetts,,38762.0,1840132398
2140,brambleton,Brambleton,38.9803,-77.5323,United States,US,USA,virginia,,23999.0,1840024497
3369,branchburg,Branchburg,40.5629,-74.714,United States,US,USA,new jersey,,14948.0,1840081705
3575,brandermill,Brandermill,37.434,-77.6522,United States,US,USA,virginia,,13938.0,1840024784
2013,brandon,Brandon,32.2778,-89.9896,United States,US,USA,mississippi,,25352.0,1840013825
4356,brandon,Brandon,43.5928,-96.5799,United States,US,USA,south dakota,,10996.0,1840002650
390,brandon,Brandon,27.9367,-82.3,United States,US,USA,florida,,116365.0,1840014151
4359,brandywine,Brandywine,38.6963,-76.8846,United States,US,USA,maryland,,10989.0,1840005946
3853,branson,Branson,36.6509,-93.2636,United States,US,USA,missouri,,12760.0,1840007659
3535,braselton,Braselton,34.1087,-83.8127,United States,US,USA,georgia,,14139.0,1840015596
4016,brattleboro,Brattleboro,42.8619,-72.6145,United States,US,USA,vermont,,12152.0,1840070391
1869,brawley,Brawley,32.9783,-115.5287,United States,US,USA,california,,26934.0,1840019378
1045,brea,Brea,33.9254,-117.8655,United States,US,USA,california,,47337.0,1840019323
3643,brecksville,Brecksville,41.3079,-81.6192,United States,US,USA,ohio,,13656.0,1840000590
196,bremerton,Bremerton,47.5436,-122.7121,United States,US,USA,washington,,228576.0,1840018410
2827,brenham,Brenham,30.1584,-96.3966,United States,US,USA,texas,,18086.0,1840019604
2197,brent,Brent,30.4727,-87.2495,United States,US,USA,florida,,23441.0,1840013913
781,brentwood,Brentwood,37.9356,-121.719,United States,US,USA,california,,64609.0,1840018904
4762,brentwood,Brentwood,40.3734,-79.9757,United States,US,USA,pennsylvania,,9927.0,1840001212
1089,brentwood,Brentwood,35.9918,-86.7758,United States,US,USA,tennessee,,45272.0,1840013381
4842,brewer,Brewer,44.7835,-68.7352,United States,US,USA,maine,,9654.0,1840000239
4597,brewster,Brewster,41.7463,-70.0676,United States,US,USA,massachusetts,,10367.0,1840053498
660,brick,Brick,40.06,-74.1099,United States,US,USA,new jersey,,74807.0,1840081606
4871,bridge city,Bridge City,30.0298,-93.8406,United States,US,USA,texas,,9549.0,1840019609
53,bridgeport,Bridgeport,41.1918,-73.1954,United States,US,USA,connecticut,,921660.0,1840004836
4959,bridgeport,Bridgeport,39.3036,-80.2478,United States,US,USA,west virginia,,9292.0,1840005766
4239,bridgeton,Bridgeton,38.7673,-90.4275,United States,US,USA,missouri,,11372.0,1840006129
1883,bridgeton,Bridgeton,39.4286,-75.2281,United States,US,USA,new jersey,,26836.0,1840016610
3603,bridgetown,Bridgetown,39.1552,-84.6359,United States,US,USA,ohio,,13830.0,1840034100
3043,bridgeview,Bridgeview,41.7403,-87.8067,United States,US,USA,illinois,,16721.0,1840010140
1072,bridgewater,Bridgewater,40.5934,-74.6076,United States,US,USA,new jersey,,45943.0,1840081701
1750,bridgewater,Bridgewater,41.9728,-70.9749,United States,US,USA,massachusetts,,28669.0,1840003199
2572,brigham city,Brigham City,41.5035,-112.0453,United States,US,USA,utah,,19796.0,1840018702
1341,brighton,Brighton,43.1175,-77.5835,United States,US,USA,new york,,36633.0,1840057402
1193,brighton,Brighton,39.9716,-104.7963,United States,US,USA,colorado,,41196.0,1840018784
5209,brighton,Brighton,40.7023,-80.3677,United States,US,USA,pennsylvania,,8769.0,1840145004
2996,bristol,Bristol,36.6181,-82.1604,United States,US,USA,virginia,,17024.0,1840003879
924,bristol,Bristol,40.1216,-74.8667,United States,US,USA,pennsylvania,,54153.0,1840001318
2301,bristol,Bristol,41.6827,-71.2694,United States,US,USA,rhode island,,22317.0,1840106238
727,bristol,Bristol,36.5572,-82.2154,United States,US,USA,tennessee,,68737.0,1840013301
827,bristol,Bristol,41.6812,-72.9407,United States,US,USA,connecticut,,61129.0,1840004772
3417,broadlands,Broadlands,39.0168,-77.5167,United States,US,USA,virginia,,14673.0,1840024498
2577,broadview heights,Broadview Heights,41.3196,-81.6779,United States,US,USA,ohio,,19768.0,1840000591
3700,brock hall,Brock Hall,38.8604,-76.7459,United States,US,USA,maryland,,13400.0,1840024541
451,brockton,Brockton,42.0821,-71.0242,United States,US,USA,massachusetts,,105080.0,1840000467
394,broken arrow,Broken Arrow,36.038,-95.7806,United States,US,USA,oklahoma,,115919.0,1840019059
37,bronx,Bronx,40.8501,-73.8662,United States,US,USA,new york,,1472654.0,1840033999
2773,brook park,Brook Park,41.4036,-81.8219,United States,US,USA,ohio,,18359.0,1840000594
4715,brookdale,Brookdale,40.8348,-74.1798,United States,US,USA,new jersey,,10044.0,1840024254
2640,brookfield,Brookfield,41.8245,-87.847,United States,US,USA,illinois,,19235.0,1840010142
1181,brookfield,Brookfield,43.064,-88.1231,United States,US,USA,wisconsin,,41592.0,1840003012
4148,brookhaven,Brookhaven,31.5803,-90.4432,United States,US,USA,mississippi,,11656.0,1840013862
884,brookhaven,Brookhaven,33.8743,-84.3314,United States,US,USA,georgia,,57224.0,1840029224
89,brookhaven,Brookhaven,40.832,-72.9517,United States,US,USA,new york,,487817.0,1840057464
2172,brookings,Brookings,44.3022,-96.7859,United States,US,USA,south dakota,,23710.0,1840002506
804,brookline,Brookline,42.3243,-71.1408,United States,US,USA,massachusetts,,62822.0,1840053672
4277,brooklyn,Brooklyn,41.4349,-81.7497,United States,US,USA,ohio,,11203.0,1840000592
17,brooklyn,Brooklyn,40.6501,-73.9496,United States,US,USA,new york,,2736074.0,1840034030
1524,brooklyn center,Brooklyn Center,45.0681,-93.3162,United States,US,USA,minnesota,,32811.0,1840004022
3220,brooklyn park,Brooklyn Park,39.217,-76.6174,United States,US,USA,maryland,,15799.0,1840031312
562,brooklyn park,Brooklyn Park,45.1112,-93.3505,United States,US,USA,minnesota,,84349.0,1840004023
3307,brookside,Brookside,39.6665,-75.7152,United States,US,USA,delaware,,15262.0,1840005569
4981,brooksville,Brooksville,28.5404,-82.3903,United States,US,USA,florida,,9235.0,1840014112
4462,broomall,Broomall,39.9688,-75.354,United States,US,USA,pennsylvania,,10684.0,1840005549
659,broomfield,Broomfield,39.9542,-105.0526,United States,US,USA,colorado,,75110.0,1840018781
3614,broussard,Broussard,30.1396,-91.954,United States,US,USA,louisiana,,13791.0,1840013964
3894,brown deer,Brown Deer,43.1743,-87.975,United States,US,USA,wisconsin,,12615.0,1840003041
5187,brownfield,Brownfield,33.1757,-102.273,United States,US,USA,texas,,8803.0,1840019404
4867,browns mills,Browns Mills,39.9737,-74.569,United States,US,USA,new jersey,,9561.0,1840005517
1660,brownsburg,Brownsburg,39.8337,-86.383,United States,US,USA,indiana,,30310.0,1840009536
201,brownsville,Brownsville,25.9975,-97.458,United States,US,USA,texas,,223416.0,1840019743
3106,brownsville,Brownsville,25.8216,-80.2417,United States,US,USA,florida,,16391.0,1840029024
4847,brownsville,Brownsville,35.589,-89.2578,United States,US,USA,tennessee,,9634.0,1840013413
2711,brownwood,Brownwood,31.7127,-98.9767,United States,US,USA,texas,,18805.0,1840019519
1408,brunswick,Brunswick,41.2465,-81.8198,United States,US,USA,ohio,,35284.0,1840003485
2324,brunswick,Brunswick,43.9007,-69.9761,United States,US,USA,maine,,22081.0,1840052591
3928,brunswick,Brunswick,42.7558,-73.5903,United States,US,USA,new york,,12531.0,1840087244
675,brunswick,Brunswick,31.1449,-81.4746,United States,US,USA,georgia,,73159.0,1840013875
2450,brushy creek,Brushy Creek,30.5128,-97.7386,United States,US,USA,texas,,20953.0,1840135494
5264,bryan,Bryan,41.4706,-84.5483,United States,US,USA,ohio,,8664.0,1840000573
548,bryan,Bryan,30.665,-96.3807,United States,US,USA,texas,,86169.0,1840019569
5013,bryans road,Bryans Road,38.6145,-77.0851,United States,US,USA,maryland,,9174.0,1840006172
2428,bryant,Bryant,34.6152,-92.4914,United States,US,USA,arkansas,,21125.0,1840013573
2893,bryn mawr-skyway,Bryn Mawr-Skyway,47.4949,-122.241,United States,US,USA,washington,,17577.0,1840037012
474,buckeye,Buckeye,33.4314,-112.6429,United States,US,USA,arizona,,99844.0,1840021939
2509,buckhall,Buckhall,38.7239,-77.4476,United States,US,USA,virginia,,20447.0,1840026707
2464,buckingham,Buckingham,40.3188,-75.058,United States,US,USA,pennsylvania,,20838.0,1840034882
4161,bucyrus,Bucyrus,40.8054,-82.9719,United States,US,USA,ohio,,11619.0,1840007170
3272,buda,Buda,30.0758,-97.8487,United States,US,USA,texas,,15487.0,1840019605
4689,budd lake,Budd Lake,40.8733,-74.7375,United States,US,USA,new jersey,,10106.0,1840005195
570,buena park,Buena Park,33.8572,-118.0046,United States,US,USA,california,,83052.0,1840019324
1543,buenaventura lakes,Buenaventura Lakes,28.3349,-81.3539,United States,US,USA,florida,,32310.0,1840028974
51,buffalo,Buffalo,42.9018,-78.8487,United States,US,USA,new york,,949547.0,1840000386
3107,buffalo,Buffalo,45.1794,-93.8644,United States,US,USA,minnesota,,16388.0,1840006703
1150,buffalo grove,Buffalo Grove,42.1675,-87.9615,United States,US,USA,illinois,,42824.0,1840010143
2890,buford,Buford,34.1192,-83.9903,United States,US,USA,georgia,,17611.0,1840013678
4911,bull mountain,Bull Mountain,45.4125,-122.832,United States,US,USA,oregon,,9465.0,1840040416
3047,bull run,Bull Run,38.7802,-77.5204,United States,US,USA,virginia,,16688.0,1840006093
1165,bullhead city,Bullhead City,35.1205,-114.5461,United States,US,USA,arizona,,42193.0,1840019748
450,burbank,Burbank,34.1879,-118.3235,United States,US,USA,california,,105165.0,1840019233
1745,burbank,Burbank,41.7444,-87.7686,United States,US,USA,illinois,,28822.0,1840007022
965,burien,Burien,47.4762,-122.3394,United States,US,USA,washington,,51331.0,1840018420
4348,burkburnett,Burkburnett,34.0746,-98.5672,United States,US,USA,texas,,11012.0,1840019278
1141,burke,Burke,38.7773,-77.2633,United States,US,USA,virginia,,43336.0,1840006014
2917,burke centre,Burke Centre,38.7903,-77.2999,United States,US,USA,virginia,,17447.0,1840041683
976,burleson,Burleson,32.517,-97.3344,United States,US,USA,texas,,50981.0,1840019467
4126,burley,Burley,42.5379,-113.7926,United States,US,USA,idaho,,11721.0,1840018683
1646,burlingame,Burlingame,37.5859,-122.3667,United States,US,USA,california,,30526.0,1840018925
2145,burlington,Burlington,40.0641,-74.8394,United States,US,USA,new jersey,,23981.0,1840001477
2826,burlington,Burlington,39.0223,-84.7217,United States,US,USA,kentucky,,18090.0,1840013160
4845,burlington,Burlington,48.4676,-122.3298,United States,US,USA,washington,,9637.0,1840018367
1929,burlington,Burlington,42.5022,-71.2027,United States,US,USA,massachusetts,,26223.0,1840053476
4342,burlington,Burlington,42.6744,-88.2721,United States,US,USA,wisconsin,,11021.0,1840002491
381,burlington,Burlington,44.4876,-73.2316,United States,US,USA,vermont,,118409.0,1840002310
291,burlington,Burlington,36.076,-79.4685,United States,US,USA,north carolina,,154504.0,1840013362
2162,burlington,Burlington,40.8071,-91.1247,United States,US,USA,iowa,,23800.0,1840007164
785,burnsville,Burnsville,44.7648,-93.2793,United States,US,USA,minnesota,,64295.0,1840006766
4303,burr ridge,Burr Ridge,41.7485,-87.92,United States,US,USA,illinois,,11119.0,1840010168
3136,burrillville,Burrillville,41.9706,-71.6984,United States,US,USA,rhode island,,16243.0,1840106236
1702,burton,Burton,42.9974,-83.6175,United States,US,USA,michigan,,29529.0,1840002945
4710,burtonsville,Burtonsville,39.1166,-76.9356,United States,US,USA,maryland,,10063.0,1840005827
5305,bushkill,Bushkill,40.7976,-75.3281,United States,US,USA,pennsylvania,,8573.0,1840144379
4834,butler,Butler,41.0358,-75.9798,United States,US,USA,pennsylvania,,9694.0,1840147559
3734,butler,Butler,40.8616,-79.8962,United States,US,USA,pennsylvania,,13306.0,1840000857
1429,butte,Butte,45.902,-112.6571,United States,US,USA,montana,,34929.0,1840032850
3836,byram,Byram,32.189,-90.2861,United States,US,USA,mississippi,,12847.0,1840023049
1889,cabot,Cabot,34.9766,-92.0274,United States,US,USA,arkansas,,26733.0,1840013530
4578,cadillac,Cadillac,44.2493,-85.4164,United States,US,USA,michigan,,10404.0,1840002512
2964,cahokia heights,Cahokia Heights,38.571,-90.1525,United States,US,USA,illinois,,17173.0,1840001915
4706,cairo,Cairo,30.879,-84.205,United States,US,USA,georgia,,10067.0,1840013900
2249,calabasas,Calabasas,34.1375,-118.6689,United States,US,USA,california,,22869.0,1840019234
5140,caldwell,Caldwell,40.8389,-74.2776,United States,US,USA,new jersey,,8898.0,1840005354
794,caldwell,Caldwell,43.6453,-116.6594,United States,US,USA,idaho,,63465.0,1840018641
2016,caledonia,Caledonia,42.7986,-87.8762,United States,US,USA,wisconsin,,25292.0,1840010091
2962,calera,Calera,33.1254,-86.7449,United States,US,USA,alabama,,17188.0,1840013757
1282,calexico,Calexico,32.6849,-115.4944,United States,US,USA,california,,38476.0,1840019379
2889,calhoun,Calhoun,34.491,-84.9386,United States,US,USA,georgia,,17611.0,1840013596
3757,california,California,38.2969,-76.4949,United States,US,USA,maryland,,13223.0,1840006228
3393,california city,California City,35.1578,-117.8721,United States,US,USA,california,,14821.0,1840019149
4464,calimesa,Calimesa,33.9874,-117.0542,United States,US,USA,california,,10680.0,1840019300
3737,callaway,Callaway,30.1349,-85.5568,United States,US,USA,florida,,13297.0,1840013958
3440,caln,Caln,40.0014,-75.7619,United States,US,USA,pennsylvania,,14555.0,1840034888
1411,calumet city,Calumet City,41.6134,-87.5505,United States,US,USA,illinois,,35253.0,1840007023
2877,calverton,Calverton,39.0578,-76.9488,United States,US,USA,maryland,,17721.0,1840031445
2903,camano,Camano,48.1865,-122.4708,United States,US,USA,washington,,17535.0,1840037492
663,camarillo,Camarillo,34.223,-119.0321,United States,US,USA,california,,74210.0,1840019201
1886,camas,Camas,45.6005,-122.4304,United States,US,USA,washington,,26779.0,1840018524
4733,cambridge,Cambridge,45.5612,-93.2283,United States,US,USA,minnesota,,9992.0,1840006692
4713,cambridge,Cambridge,40.0221,-81.5869,United States,US,USA,ohio,,10046.0,1840007259
384,cambridge,Cambridge,42.3759,-71.1185,United States,US,USA,massachusetts,,117794.0,1840000429
3782,cambridge,Cambridge,38.5515,-76.0787,United States,US,USA,maryland,,13094.0,1840006165
4566,camden,Camden,33.5672,-92.8467,United States,US,USA,arkansas,,10427.0,1840013736
694,camden,Camden,39.9361,-75.1073,United States,US,USA,new jersey,,71471.0,1840001507
5230,cameron,Cameron,39.7444,-94.2329,United States,US,USA,missouri,,8721.0,1840007321
2946,cameron park,Cameron Park,38.6738,-120.9872,United States,US,USA,california,,17283.0,1840028322
2021,camillus,Camillus,43.0539,-76.3056,United States,US,USA,new york,,25260.0,1840004331
3354,camp pendleton south,Camp Pendleton South,33.2329,-117.393,United States,US,USA,california,,15011.0,1840073902
2316,camp springs,Camp Springs,38.8052,-76.9199,United States,US,USA,maryland,,22174.0,1840005947
3985,camp verde,Camp Verde,34.569,-111.856,United States,US,USA,arizona,,12282.0,1840022752
1149,campbell,Campbell,37.2802,-121.9539,United States,US,USA,california,,42848.0,1840018949
4184,campbellsville,Campbellsville,37.3445,-85.3511,United States,US,USA,kentucky,,11523.0,1840013242
4447,campton hills,Campton Hills,41.9498,-88.4166,United States,US,USA,illinois,,10724.0,1840000495
4840,canal winchester,Canal Winchester,39.8437,-82.8126,United States,US,USA,ohio,,9659.0,1840010524
4280,canandaigua,Canandaigua,42.8608,-77.3182,United States,US,USA,new york,,11196.0,1840000392
2823,canby,Canby,45.2652,-122.6867,United States,US,USA,oregon,,18103.0,1840018569
2410,candler-mcafee,Candler-McAfee,33.7267,-84.2723,United States,US,USA,georgia,,21316.0,1840073846
4835,canonsburg,Canonsburg,40.2643,-80.1867,United States,US,USA,pennsylvania,,9682.0,1840003643
3697,canton,Canton,40.5632,-90.0409,United States,US,USA,illinois,,13408.0,1840007212
2100,canton,Canton,42.175,-71.1264,United States,US,USA,massachusetts,,24459.0,1840053673
150,canton,Canton,40.8078,-81.3676,United States,US,USA,ohio,,293657.0,1840000963
4160,canton,Canton,44.5802,-75.1978,United States,US,USA,new york,,11620.0,1840004065
4399,canton,Canton,32.5975,-90.0317,United States,US,USA,mississippi,,10863.0,1840014872
1437,canton,Canton,34.2467,-84.4897,United States,US,USA,georgia,,34587.0,1840014703
3286,canyon,Canyon,34.9911,-101.919,United States,US,USA,texas,,15398.0,1840019180
4308,canyon lake,Canyon Lake,33.6885,-117.2621,United States,US,USA,california,,11107.0,1840019301
1514,canyon lake,Canyon Lake,29.8761,-98.2611,United States,US,USA,texas,,32924.0,1840018260
4739,cape canaveral,Cape Canaveral,28.3933,-80.6049,United States,US,USA,florida,,9976.0,1840015091
67,cape coral,Cape Coral,26.6443,-81.9957,United States,US,USA,florida,,656464.0,1840015130
4872,cape elizabeth,Cape Elizabeth,43.5891,-70.238,United States,US,USA,maine,,9547.0,1840052639
1224,cape girardeau,Cape Girardeau,37.3109,-89.5597,United States,US,USA,missouri,,40047.0,1840007598
5089,cape st. claire,Cape St. Claire,39.0433,-76.4471,United States,US,USA,maryland,,9016.0,1840005908
4798,capitola,Capitola,36.9773,-121.9537,United States,US,USA,california,,9813.0,1840018959
2354,carbondale,Carbondale,37.7221,-89.2237,United States,US,USA,illinois,,21813.0,1840007560
5178,carbondale,Carbondale,41.5714,-75.5048,United States,US,USA,pennsylvania,,8820.0,1840003376
4389,carencro,Carencro,30.3126,-92.0388,United States,US,USA,louisiana,,10882.0,1840015043
2406,carlisle,Carlisle,40.2,-77.2034,United States,US,USA,pennsylvania,,21335.0,1840001386
1576,carlsbad,Carlsbad,32.401,-104.2388,United States,US,USA,new mexico,,31813.0,1840019444
406,carlsbad,Carlsbad,33.1246,-117.2834,United States,US,USA,california,,114500.0,1840019352
1480,carmel,Carmel,41.3899,-73.7239,United States,US,USA,new york,,33761.0,1840057833
471,carmel,Carmel,39.965,-86.146,United States,US,USA,indiana,,100501.0,1840007260
621,carmichael,Carmichael,38.6318,-121.3263,United States,US,USA,california,,78070.0,1840017579
1754,carney,Carney,39.405,-76.5235,United States,US,USA,maryland,,28624.0,1840005678
5287,carneys point,Carneys Point,39.6967,-75.4475,United States,US,USA,new jersey,,8611.0,1840081665
3648,carnot-moon,Carnot-Moon,40.5187,-80.2178,United States,US,USA,pennsylvania,,13639.0,1840073606
1247,carol stream,Carol Stream,41.9181,-88.1307,United States,US,USA,illinois,,39427.0,1840010169
1916,carolina forest,Carolina Forest,33.7651,-78.913,United States,US,USA,south carolina,,26373.0,1840147796
1315,carpentersville,Carpentersville,42.1227,-88.2896,United States,US,USA,illinois,,37544.0,1840010149
3780,carpinteria,Carpinteria,34.3962,-119.5118,United States,US,USA,california,,13100.0,1840019187
2425,carrboro,Carrboro,35.9259,-79.0878,United States,US,USA,north carolina,,21170.0,1840015334
4634,carroll,Carroll,42.0699,-94.8646,United States,US,USA,iowa,,10261.0,1840000490
1860,carrollton,Carrollton,33.5818,-85.0838,United States,US,USA,georgia,,27058.0,1840014801
346,carrollton,Carrollton,32.989,-96.8999,United States,US,USA,texas,,132741.0,1840019436
1391,carrollwood,Carrollwood,28.0577,-82.5148,United States,US,USA,florida,,35645.0,1840029026
509,carson,Carson,33.8374,-118.2559,United States,US,USA,california,,93523.0,1840019214
864,carson city,Carson City,39.1511,-119.7476,United States,US,USA,nevada,admin,58364.0,1840003826
2030,carteret,Carteret,40.5849,-74.2284,United States,US,USA,new jersey,,25187.0,1840001331
2181,cartersville,Cartersville,34.1644,-84.8009,United States,US,USA,georgia,,23617.0,1840014701
3266,carthage,Carthage,37.1503,-94.3225,United States,US,USA,missouri,,15513.0,1840007629
4150,carver,Carver,41.8739,-70.7563,United States,US,USA,massachusetts,,11645.0,1840053565
258,cary,Cary,35.7819,-78.8195,United States,US,USA,north carolina,,176686.0,1840016196
2858,cary,Cary,42.2129,-88.2494,United States,US,USA,illinois,,17875.0,1840010109
2588,casa de oro-mount helix,Casa de Oro-Mount Helix,32.764,-116.9688,United States,US,USA,california,,19651.0,1840073904
880,casa grande,Casa Grande,32.9069,-111.7624,United States,US,USA,arizona,,57590.0,1840019364
701,casas adobes,Casas Adobes,32.3423,-111.0113,United States,US,USA,arizona,,70770.0,1840018108
3939,cascades,Cascades,39.0464,-77.3874,United States,US,USA,virginia,,12489.0,1840041712
732,casper,Casper,42.842,-106.3208,United States,US,USA,wyoming,,68438.0,1840038324
1705,casselberry,Casselberry,28.6624,-81.3217,United States,US,USA,florida,,29473.0,1840015088
2751,castaic,Castaic,34.4818,-118.6316,United States,US,USA,california,,18479.0,1840022826
3913,castle pines,Castle Pines,39.4625,-104.8706,United States,US,USA,colorado,,12573.0,1840022456
637,castle rock,Castle Rock,39.3763,-104.8535,United States,US,USA,colorado,,76614.0,1840022455
772,castro valley,Castro Valley,37.7088,-122.0626,United States,US,USA,california,,65389.0,1840017620
956,catalina foothills,Catalina Foothills,32.3046,-110.8838,United States,US,USA,arizona,,51756.0,1840018110
954,cathedral city,Cathedral City,33.8362,-116.4642,United States,US,USA,california,,52047.0,1840019293
1152,catonsville,Catonsville,39.2646,-76.7424,United States,US,USA,maryland,,42717.0,1840005679
4248,catskill,Catskill,42.2063,-73.9435,United States,US,USA,new york,,11322.0,1840004650
1946,cave spring,Cave Spring,37.2254,-80.0072,United States,US,USA,virginia,,26014.0,1840006440
3625,cayce,Cayce,33.9459,-81.0429,United States,US,USA,south carolina,,13718.0,1840014734
2985,cañon city,Canon City,38.443,-105.2203,United States,US,USA,colorado,,17098.0,1840018855
3408,cecil,Cecil,40.3147,-80.1942,United States,US,USA,pennsylvania,,14740.0,1840034893
1326,cedar city,Cedar City,37.6834,-113.0956,United States,US,USA,utah,,37202.0,1840018895
1210,cedar falls,Cedar Falls,42.5195,-92.4536,United States,US,USA,iowa,,40662.0,1840006946
3747,cedar grove,Cedar Grove,40.8565,-74.2288,United States,US,USA,new jersey,,13252.0,1840081752
1024,cedar hill,Cedar Hill,32.581,-96.9591,United States,US,USA,texas,,48547.0,1840019433
5332,cedar hills,Cedar Hills,45.5047,-122.8053,United States,US,USA,oregon,,8515.0,1840034716
4751,cedar hills,Cedar Hills,40.4135,-111.7531,United States,US,USA,utah,,9945.0,1840018754
3415,cedar lake,Cedar Lake,41.3696,-87.4389,United States,US,USA,indiana,,14686.0,1840009259
2606,cedar mill,Cedar Mill,45.5355,-122.8006,United States,US,USA,oregon,,19482.0,1840034678
627,cedar park,Cedar Park,30.5105,-97.8197,United States,US,USA,texas,,77474.0,1840019572
241,cedar rapids,Cedar Rapids,41.9662,-91.6783,United States,US,USA,iowa,,192755.0,1840000471
3976,cedarburg,Cedarburg,43.299,-87.9887,United States,US,USA,wisconsin,,12317.0,1840002825
4654,cedartown,Cedartown,34.0223,-85.2479,United States,US,USA,georgia,,10211.0,1840014752
3767,celebration,Celebration,28.3102,-81.551,United States,US,USA,florida,,13150.0,1840014138
1852,celina,Celina,33.3154,-96.7941,United States,US,USA,texas,,27141.0,1840019395
4345,celina,Celina,40.555,-84.5626,United States,US,USA,ohio,,11017.0,1840007210
435,centennial,Centennial,39.5926,-104.8673,United States,US,USA,colorado,,107386.0,1840018792
4141,center,Center,40.6483,-80.2977,United States,US,USA,pennsylvania,,11674.0,1840144996
3151,center point,Center Point,33.6447,-86.6852,United States,US,USA,alabama,,16125.0,1840014789
1598,centereach,Centereach,40.8681,-73.0821,United States,US,USA,new york,,31501.0,1840005026
2532,centerton,Centerton,36.3566,-94.2971,United States,US,USA,arkansas,,20212.0,1840014441
3045,centerville,Centerville,40.9284,-111.8848,United States,US,USA,utah,,16692.0,1840018734
2059,centerville,Centerville,39.6339,-84.1449,United States,US,USA,ohio,,24815.0,1840007308
1696,central,Central,30.5593,-91.0369,United States,US,USA,louisiana,,29603.0,1840023139
2284,central falls,Central Falls,41.8901,-71.3934,United States,US,USA,rhode island,,22481.0,1840003286
1308,central islip,Central Islip,40.7836,-73.1945,United States,US,USA,new york,,37751.0,1840005028
2652,central point,Central Point,42.3764,-122.9111,United States,US,USA,oregon,,19183.0,1840018672
2757,centralia,Centralia,46.7223,-122.9696,United States,US,USA,washington,,18457.0,1840018471
4056,centralia,Centralia,38.5224,-89.1232,United States,US,USA,illinois,,12009.0,1840007465
690,centreville,Centreville,38.839,-77.4389,United States,US,USA,virginia,,71885.0,1840006015
1017,ceres,Ceres,37.5952,-120.962,United States,US,USA,california,,48918.0,1840018910
1027,cerritos,Cerritos,33.8678,-118.0686,United States,US,USA,california,,48340.0,1840019215
4487,chalco,Chalco,41.1817,-96.1353,United States,US,USA,nebraska,,10625.0,1840005176
2289,chalmette,Chalmette,29.9438,-89.966,United States,US,USA,louisiana,,22447.0,1840014001
2329,chambersburg,Chambersburg,39.9315,-77.6556,United States,US,USA,pennsylvania,,22051.0,1840001410
1657,chamblee,Chamblee,33.8842,-84.3007,United States,US,USA,georgia,,30369.0,1840014775
309,champaign,Champaign,40.1142,-88.2737,United States,US,USA,illinois,,148477.0,1840007239
2194,champlin,Champlin,45.1702,-93.3903,United States,US,USA,minnesota,,23450.0,1840006746
162,chandler,Chandler,33.2825,-111.8514,United States,US,USA,arizona,,278123.0,1840019309
1947,chanhassen,Chanhassen,44.8546,-93.5621,United States,US,USA,minnesota,,26001.0,1840006759
3596,channahon,Channahon,41.421,-88.2599,United States,US,USA,illinois,,13854.0,1840010214
1134,channelview,Channelview,29.7914,-95.1144,United States,US,USA,texas,,43536.0,1840018253
2169,chantilly,Chantilly,38.8868,-77.4453,United States,US,USA,virginia,,23744.0,1840006016
5279,chanute,Chanute,37.6695,-95.4621,United States,US,USA,kansas,,8629.0,1840001694
3056,chaparral,Chaparral,32.0442,-106.406,United States,US,USA,new mexico,,16642.0,1840018050
842,chapel hill,Chapel Hill,35.9271,-79.0391,United States,US,USA,north carolina,,59889.0,1840016152
63,charleston,Charleston,32.8168,-79.9687,United States,US,USA,south carolina,,726389.0,1840015163
2959,charleston,Charleston,39.4842,-88.1781,United States,US,USA,illinois,,17212.0,1840007324
345,charleston,Charleston,38.3484,-81.6322,United States,US,USA,west virginia,admin,133045.0,1840006196
38,charlotte,Charlotte,35.2083,-80.8303,United States,US,USA,north carolina,,1436613.0,1840014557
4967,charlotte,Charlotte,42.5662,-84.8304,United States,US,USA,michigan,,9269.0,1840003107
457,charlottesville,Charlottesville,38.0375,-78.4855,United States,US,USA,virginia,,102802.0,1840001678
3713,charlton,Charlton,42.1351,-71.968,United States,US,USA,massachusetts,,13359.0,1840053584
4928,charter oak,Charter Oak,34.1025,-117.8564,United States,US,USA,california,,9414.0,1840017919
5136,chartiers,Chartiers,40.2505,-80.2495,United States,US,USA,pennsylvania,,8905.0,1840151797
1781,chaska,Chaska,44.8164,-93.6091,United States,US,USA,minnesota,,28146.0,1840006760
4354,chatham,Chatham,40.7274,-74.4289,United States,US,USA,new jersey,,11001.0,1840000948
3407,chatham,Chatham,39.6733,-89.6934,United States,US,USA,illinois,,14740.0,1840010560
107,chattanooga,Chattanooga,35.066,-85.2481,United States,US,USA,tennessee,,410795.0,1840014569
4537,cheat lake,Cheat Lake,39.667,-79.8564,United States,US,USA,west virginia,,10485.0,1840005645
533,cheektowaga,Cheektowaga,42.9082,-78.7466,United States,US,USA,new york,,89201.0,1840057976
1360,chelmsford,Chelmsford,42.6,-71.3631,United States,US,USA,massachusetts,,36220.0,1840070185
3231,chelsea,Chelsea,33.3262,-86.63,United States,US,USA,alabama,,15731.0,1840014823
1245,chelsea,Chelsea,42.3959,-71.0325,United States,US,USA,massachusetts,,39460.0,1840000456
1292,cheltenham,Cheltenham,40.0781,-75.1382,United States,US,USA,pennsylvania,,38029.0,1840143117
4413,chenango,Chenango,42.1954,-75.8989,United States,US,USA,new york,,10832.0,1840087298
3841,cheney,Cheney,47.4901,-117.579,United States,US,USA,washington,,12830.0,1840018398
4349,cherry creek,Cherry Creek,39.6094,-104.8645,United States,US,USA,colorado,,11011.0,1840028588
653,cherry hill,Cherry Hill,39.9034,-74.9947,United States,US,USA,new jersey,,75641.0,1840081685
2196,cherry hill,Cherry Hill,38.5696,-77.2895,United States,US,USA,virginia,,23443.0,1840026712
3392,cherry hill mall,Cherry Hill Mall,39.9384,-75.0117,United States,US,USA,new jersey,,14827.0,1840033469
3437,cherryland,Cherryland,37.6792,-122.1038,United States,US,USA,california,,14575.0,1840028361
182,chesapeake,Chesapeake,36.6778,-76.3023,United States,US,USA,virginia,,251153.0,1840003874
4949,chesapeake ranch estates,Chesapeake Ranch Estates,38.3574,-76.4147,United States,US,USA,maryland,,9307.0,1840026723
1500,chester,Chester,39.8456,-75.3718,United States,US,USA,pennsylvania,,33209.0,1840000690
2191,chester,Chester,37.3531,-77.4342,United States,US,USA,virginia,,23519.0,1840006410
4998,chesterfield,Chesterfield,40.1166,-74.6459,United States,US,USA,new jersey,,9213.0,1840081640
997,chesterfield,Chesterfield,38.6589,-90.5803,United States,US,USA,missouri,,49591.0,1840007446
3498,chesterton,Chesterton,41.5997,-87.055,United States,US,USA,indiana,,14326.0,1840009267
4547,chestnut ridge,Chestnut Ridge,41.0829,-74.0551,United States,US,USA,new york,,10464.0,1840004992
3048,chestnuthill,Chestnuthill,40.9568,-75.4183,United States,US,USA,pennsylvania,,16678.0,1840145216
3630,cheval,Cheval,28.1459,-82.5184,United States,US,USA,florida,,13694.0,1840028977
5267,cheviot,Cheviot,39.1577,-84.6139,United States,US,USA,ohio,,8655.0,1840003813
4899,chevy chase,Chevy Chase,38.9944,-77.0738,United States,US,USA,maryland,,9484.0,1840031323
589,cheyenne,Cheyenne,41.135,-104.7902,United States,US,USA,wyoming,admin,81378.0,1840018713
2,chicago,Chicago,41.8375,-87.6866,United States,US,USA,illinois,,8489066.0,1840000494
1868,chicago heights,Chicago Heights,41.51,-87.6345,United States,US,USA,illinois,,26938.0,1840007024
3533,chicago ridge,Chicago Ridge,41.7034,-87.7795,United States,US,USA,illinois,,14147.0,1840010146
3117,chickasha,Chickasha,35.0409,-97.9474,United States,US,USA,oklahoma,,16349.0,1840019169
426,chico,Chico,39.7578,-121.8161,United States,US,USA,california,,109411.0,1840018778
909,chicopee,Chicopee,42.1764,-72.5719,United States,US,USA,massachusetts,,55213.0,1840000462
1734,chili,Chili,43.0845,-77.7541,United States,US,USA,new york,,29070.0,1840087304
5043,chillicothe,Chillicothe,39.7953,-93.5499,United States,US,USA,missouri,,9129.0,1840007302
2337,chillicothe,Chillicothe,39.3393,-82.9939,United States,US,USA,ohio,,21958.0,1840007369
1415,chillum,Chillum,38.9666,-76.9791,United States,US,USA,maryland,,35163.0,1840005948
520,chino,Chino,33.9836,-117.6654,United States,US,USA,california,,91775.0,1840019114
622,chino hills,Chino Hills,33.9508,-117.7254,United States,US,USA,california,,78024.0,1840019115
3710,chino valley,Chino Valley,34.7594,-112.412,United States,US,USA,arizona,,13372.0,1840022753
3425,chippewa falls,Chippewa Falls,44.9358,-91.3902,United States,US,USA,wisconsin,,14643.0,1840002108
4005,choctaw,Choctaw,35.4802,-97.2666,United States,US,USA,oklahoma,,12208.0,1840019152
2702,chowchilla,Chowchilla,37.1095,-120.2349,United States,US,USA,california,,18876.0,1840018919
2256,christiansburg,Christiansburg,37.1406,-80.4036,United States,US,USA,virginia,,22820.0,1840006447
3202,chubbuck,Chubbuck,42.9263,-112.4623,United States,US,USA,idaho,,15900.0,1840018667
165,chula vista,Chula Vista,32.6281,-117.0144,United States,US,USA,california,,275030.0,1840019350
1476,cibolo,Cibolo,29.5634,-98.2115,United States,US,USA,texas,,33829.0,1840019639
1609,cicero,Cicero,43.1662,-76.0662,United States,US,USA,new york,,31218.0,1840057983
569,cicero,Cicero,41.8445,-87.7593,United States,US,USA,illinois,,83223.0,1840009186
2709,cimarron hills,Cimarron Hills,38.8597,-104.6995,United States,US,USA,colorado,,18808.0,1840028574
32,cincinnati,Cincinnati,39.1413,-84.506,United States,US,USA,ohio,,1704916.0,1840003814
2660,cinco ranch,Cinco Ranch,29.7395,-95.7607,United States,US,USA,texas,,19139.0,1840037039
2952,cinnaminson,Cinnaminson,40.0008,-74.993,United States,US,USA,new jersey,,17243.0,1840081627
3534,circleville,Circleville,39.6063,-82.9334,United States,US,USA,ohio,,14144.0,1840007317
4418,citrus,Citrus,34.116,-117.8891,United States,US,USA,california,,10813.0,1840017916
542,citrus heights,Citrus Heights,38.6948,-121.288,United States,US,USA,california,,87036.0,1840018845
5078,citrus hills,Citrus Hills,28.887,-82.4312,United States,US,USA,florida,,9044.0,1840028978
1780,citrus park,Citrus Park,28.073,-82.5628,United States,US,USA,florida,,28163.0,1840014152
4203,citrus springs,Citrus Springs,28.9931,-82.4594,United States,US,USA,florida,,11469.0,1840014062
1470,city of orange,City of Orange,40.7681,-74.2348,United States,US,USA,new jersey,,33973.0,1840131615
3882,claiborne,Claiborne,32.5379,-92.1981,United States,US,USA,louisiana,,12647.0,1840013811
5155,clanton,Clanton,32.8444,-86.6233,United States,US,USA,alabama,,8862.0,1840006157
1347,claremont,Claremont,34.1259,-117.7153,United States,US,USA,california,,36553.0,1840019216
3789,claremont,Claremont,43.379,-72.3368,United States,US,USA,new hampshire,,13054.0,1840002805
2553,claremore,Claremore,36.3146,-95.6095,United States,US,USA,oklahoma,,19921.0,1840019049
1510,clarence,Clarence,43.0196,-78.6375,United States,US,USA,new york,,32975.0,1840057985
5272,clarendon hills,Clarendon Hills,41.7981,-87.9568,United States,US,USA,illinois,,8642.0,1840010170
3283,clark,Clark,40.6203,-74.3134,United States,US,USA,new jersey,,15410.0,1840081746
3216,clarksburg,Clarksburg,39.2862,-80.3232,United States,US,USA,west virginia,,15829.0,1840005767
1722,clarksburg,Clarksburg,39.2246,-77.2659,United States,US,USA,maryland,,29246.0,1840005830
3471,clarksdale,Clarksdale,34.1933,-90.5693,United States,US,USA,mississippi,,14423.0,1840014696
3438,clarkston,Clarkston,33.8117,-84.2403,United States,US,USA,georgia,,14560.0,1840014776
544,clarkstown,Clarkstown,41.1319,-73.966,United States,US,USA,new york,,86575.0,1840087311
2321,clarksville,Clarksville,38.322,-85.7673,United States,US,USA,indiana,,22121.0,1840009665
4895,clarksville,Clarksville,35.457,-93.4803,United States,US,USA,arkansas,,9500.0,1840014533
207,clarksville,Clarksville,36.5692,-87.3413,United States,US,USA,tennessee,,218159.0,1840014421
4251,clawson,Clawson,42.5367,-83.1504,United States,US,USA,michigan,,11314.0,1840002440
838,clay,Clay,43.1808,-76.1954,United States,US,USA,new york,,60083.0,1840057989
4620,clay,Clay,33.6951,-86.609,United States,US,USA,alabama,,10288.0,1840014790
4876,claymont,Claymont,39.8032,-75.4607,United States,US,USA,delaware,,9543.0,1840005570
3745,clayton,Clayton,39.8689,-84.3292,United States,US,USA,ohio,,13269.0,1840010584
1790,clayton,Clayton,35.659,-78.4498,United States,US,USA,north carolina,,28043.0,1840016290
2947,clayton,Clayton,38.6444,-90.3303,United States,US,USA,missouri,,17282.0,1840007439
5153,clayton,Clayton,39.6627,-75.0782,United States,US,USA,new jersey,,8867.0,1840001520
4369,clayton,Clayton,37.9404,-121.9301,United States,US,USA,california,,10962.0,1840018901
1516,clearfield,Clearfield,41.103,-112.0238,United States,US,USA,utah,,32895.0,1840018735
3065,clearlake,Clearlake,38.9589,-122.633,United States,US,USA,california,,16604.0,1840028139
388,clearwater,Clearwater,27.979,-82.7623,United States,US,USA,florida,,117075.0,1840015110
1511,cleburne,Cleburne,32.3568,-97.4151,United States,US,USA,texas,,32966.0,1840019464
2379,clemmons,Clemmons,36.0319,-80.3861,United States,US,USA,north carolina,,21574.0,1840017728
2869,clemson,Clemson,34.6837,-82.8124,United States,US,USA,south carolina,,17759.0,1840014626
1100,clermont,Clermont,28.5325,-81.7208,United States,US,USA,florida,,44984.0,1840015080
35,cleveland,Cleveland,41.4764,-81.6805,United States,US,USA,ohio,,1679247.0,1840000596
4403,cleveland,Cleveland,33.744,-90.7285,United States,US,USA,mississippi,,10855.0,1840014748
703,cleveland,Cleveland,35.1817,-84.8707,United States,US,USA,tennessee,,70578.0,1840014603
1107,cleveland heights,Cleveland Heights,41.5113,-81.5636,United States,US,USA,ohio,,44694.0,1840000597
1991,cliffside park,Cliffside Park,40.8222,-73.9879,United States,US,USA,new jersey,,25580.0,1840003537
2581,clifton,Clifton,39.0764,-108.4605,United States,US,USA,colorado,,19746.0,1840017556
532,clifton,Clifton,40.863,-74.1575,United States,US,USA,new jersey,,89247.0,1840003511
1296,clifton park,Clifton Park,42.8587,-73.8242,United States,US,USA,new york,,37996.0,1840057994
3281,clinton,Clinton,42.4119,-71.6888,United States,US,USA,massachusetts,,15430.0,1840053585
5077,clinton,Clinton,38.3716,-93.7679,United States,US,USA,missouri,,9047.0,1840007492
1837,clinton,Clinton,32.354,-90.3403,United States,US,USA,mississippi,,27418.0,1840014893
3721,clinton,Clinton,40.6315,-74.8553,United States,US,USA,new jersey,,13347.0,1840003604
1273,clinton,Clinton,38.7499,-76.9063,United States,US,USA,maryland,,38756.0,1840005949
2192,clinton,Clinton,41.1395,-112.0656,United States,US,USA,utah,,23492.0,1840018736
4681,clinton,Clinton,36.0981,-84.1283,United States,US,USA,tennessee,,10141.0,1840014471
2104,clinton,Clinton,41.8435,-90.2412,United States,US,USA,iowa,,24425.0,1840000507
2716,clive,Clive,41.6147,-93.798,United States,US,USA,iowa,,18776.0,1840007063
3909,cloquet,Cloquet,46.7221,-92.4923,United States,US,USA,minnesota,,12582.0,1840006646
5321,closter,Closter,40.9733,-73.9604,United States,US,USA,new jersey,,8544.0,1840003538
5124,cloverdale,Cloverdale,38.7962,-123.0152,United States,US,USA,california,,8933.0,1840018838
2074,cloverleaf,Cloverleaf,29.7882,-95.1724,United States,US,USA,texas,,24630.0,1840018248
3041,cloverly,Cloverly,39.1064,-76.9995,United States,US,USA,maryland,,16726.0,1840031267
372,clovis,Clovis,36.8278,-119.683,United States,US,USA,california,,122719.0,1840018944
1290,clovis,Clovis,34.4376,-103.1923,United States,US,USA,new mexico,,38153.0,1840019195
4475,clute,Clute,29.0256,-95.3975,United States,US,USA,texas,,10650.0,1840019669
1157,coachella,Coachella,33.6905,-116.143,United States,US,USA,california,,42594.0,1840019294
4790,coal,Coal,40.7873,-76.5493,United States,US,USA,pennsylvania,,9850.0,1840150358
2940,coalinga,Coalinga,36.142,-120.3242,United States,US,USA,california,,17352.0,1840018945
3732,coatesville,Coatesville,39.9849,-75.82,United States,US,USA,pennsylvania,,13323.0,1840001424
2213,cockeysville,Cockeysville,39.4804,-76.6294,United States,US,USA,maryland,,23265.0,1840005680
2625,cocoa,Cocoa,28.382,-80.7675,United States,US,USA,florida,,19330.0,1840015092
4243,cocoa beach,Cocoa Beach,28.3327,-80.6274,United States,US,USA,florida,,11341.0,1840015093
881,coconut creek,Coconut Creek,26.2803,-80.1842,United States,US,USA,florida,,57587.0,1840015132
4685,cody,Cody,44.5213,-109.0548,United States,US,USA,wyoming,,10121.0,1840018595
354,coeur d'alene,Coeur d'Alene,47.704,-116.7936,United States,US,USA,idaho,,128680.0,1840018402
5215,coffeyville,Coffeyville,37.0519,-95.618,United States,US,USA,kansas,,8752.0,1840001707
2833,cohoes,Cohoes,42.7732,-73.7077,United States,US,USA,new york,,18043.0,1840000418
2895,colchester,Colchester,44.5545,-73.2168,United States,US,USA,vermont,,17570.0,1840070411
4272,cold springs,Cold Springs,39.6927,-119.9775,United States,US,USA,nevada,,11223.0,1840033824
3599,coldwater,Coldwater,41.9465,-84.9989,United States,US,USA,michigan,,13847.0,1840003250
3546,colesville,Colesville,39.073,-77.001,United States,US,USA,maryland,,14075.0,1840005831
4410,college,College,40.8144,-77.8172,United States,US,USA,pennsylvania,,10838.0,1840144819
4123,college,College,64.8694,-147.8216,United States,US,USA,alaska,,11730.0,1840023462
1446,college park,College Park,38.996,-76.9337,United States,US,USA,maryland,,34397.0,1840005971
3569,college park,College Park,33.6363,-84.464,United States,US,USA,georgia,,13969.0,1840014737
4796,college place,College Place,46.0419,-118.3878,United States,US,USA,washington,,9828.0,1840018490
209,college station,College Station,30.5852,-96.2959,United States,US,USA,texas,,215768.0,1840019570
4285,collegedale,Collegedale,35.0526,-85.0488,United States,US,USA,tennessee,,11185.0,1840014570
1957,colleyville,Colleyville,32.8913,-97.1486,United States,US,USA,texas,,25906.0,1840019430
5132,collier,Collier,40.3991,-80.1322,United States,US,USA,pennsylvania,,8909.0,1840142357
968,collierville,Collierville,35.047,-89.6987,United States,US,USA,tennessee,,51212.0,1840016403
5157,collingdale,Collingdale,39.9151,-75.2776,United States,US,USA,pennsylvania,,8862.0,1840000693
3528,collingswood,Collingswood,39.916,-75.0758,United States,US,USA,new jersey,,14163.0,1840016611
2129,collinsville,Collinsville,38.677,-90.0063,United States,US,USA,illinois,,24126.0,1840007423
2783,colonia,Colonia,40.5926,-74.3148,United States,US,USA,new jersey,,18294.0,1840005411
2800,colonial heights,Colonial Heights,37.265,-77.3969,United States,US,USA,virginia,,18210.0,1840003860
2818,colonial park,Colonial Park,40.2987,-76.8069,United States,US,USA,pennsylvania,,18125.0,1840005398
557,colonie,Colonie,42.7396,-73.7874,United States,US,USA,new york,,85426.0,1840004495
69,colorado springs,Colorado Springs,38.8674,-104.7605,United States,US,USA,colorado,,638421.0,1840018825
928,colton,Colton,34.0538,-117.3255,United States,US,USA,california,,53798.0,1840019120
4754,colts neck,Colts Neck,40.2928,-74.168,United States,US,USA,new jersey,,9942.0,1840081833
4322,columbia,Columbia,38.4581,-90.2156,United States,US,USA,illinois,,11063.0,1840007502
4649,columbia,Columbia,40.0347,-76.4944,United States,US,USA,pennsylvania,,10217.0,1840003713
76,columbia,Columbia,34.0378,-80.9036,United States,US,USA,south carolina,admin,605083.0,1840014730
325,columbia,Columbia,38.9472,-92.3268,United States,US,USA,missouri,,141811.0,1840007391
1124,columbia,Columbia,35.6238,-87.0484,United States,US,USA,tennessee,,43971.0,1840014518
445,columbia,Columbia,39.2004,-76.859,United States,US,USA,maryland,,105871.0,1840005803
4740,columbia city,Columbia City,41.1612,-85.4855,United States,US,USA,indiana,,9975.0,1840007140
2333,columbia heights,Columbia Heights,45.0484,-93.2472,United States,US,USA,minnesota,,22016.0,1840006712
1979,columbine,Columbine,39.5879,-105.0694,United States,US,USA,colorado,,25681.0,1840135257
2182,columbus,Columbus,33.5088,-88.4096,United States,US,USA,mississippi,,23616.0,1840014807
2122,columbus,Columbus,41.4366,-97.3565,United States,US,USA,nebraska,,24188.0,1840003345
177,columbus,Columbus,32.51,-84.8771,United States,US,USA,georgia,,257578.0,1840014887
973,columbus,Columbus,39.2093,-85.9183,United States,US,USA,indiana,,51104.0,1840013714
36,columbus,Columbus,39.9862,-82.9855,United States,US,USA,ohio,admin,1578153.0,1840003760
1353,commack,Commack,40.8435,-73.2833,United States,US,USA,new york,,36353.0,1840005030
4034,commerce,Commerce,33.9963,-118.1519,United States,US,USA,california,,12072.0,1840019239
5000,commerce,Commerce,33.2421,-95.8992,United States,US,USA,texas,,9211.0,1840019394
780,commerce city,Commerce City,39.8641,-104.843,United States,US,USA,colorado,,64640.0,1840018785
508,compton,Compton,33.893,-118.2274,United States,US,USA,california,,93525.0,1840019240
4616,comstock park,Comstock Park,43.0438,-85.6778,United States,US,USA,michigan,,10306.0,1840004307
2803,concord,Concord,39.8741,-75.5135,United States,US,USA,pennsylvania,,18197.0,1840152841
83,concord,Concord,37.9722,-122.0016,United States,US,USA,california,,525233.0,1840018905
2836,concord,Concord,38.5117,-90.3574,United States,US,USA,missouri,,18028.0,1840006126
2798,concord,Concord,42.462,-71.3639,United States,US,USA,massachusetts,,18226.0,1840053635
147,concord,Concord,35.3933,-80.6369,United States,US,USA,north carolina,,297379.0,1840014559
1117,concord,Concord,43.2305,-71.5595,United States,US,USA,new hampshire,admin,44219.0,1840002747
5276,conewago,Conewago,40.0658,-76.7932,United States,US,USA,pennsylvania,,8638.0,1840150916
3960,conneaut,Conneaut,41.9275,-80.5685,United States,US,USA,ohio,,12378.0,1840003337
3750,connersville,Connersville,39.6582,-85.141,United States,US,USA,indiana,,13241.0,1840007318
5296,conning towers nautilus park,Conning Towers Nautilus Park,41.385,-72.0684,United States,US,USA,connecticut,,8590.0,1840073288
485,conroe,Conroe,30.3238,-95.4824,United States,US,USA,texas,,96976.0,1840019586
4982,conshohocken,Conshohocken,40.0772,-75.3034,United States,US,USA,pennsylvania,,9235.0,1840003697
1747,converse,Converse,29.5091,-98.3084,United States,US,USA,texas,,28764.0,1840019655
3722,conway,Conway,28.4968,-81.3316,United States,US,USA,florida,,13346.0,1840013121
713,conway,Conway,35.0753,-92.4692,United States,US,USA,arkansas,,69918.0,1840014598
4705,conway,Conway,44.0085,-71.0719,United States,US,USA,new hampshire,,10068.0,1840054762
1941,conway,Conway,33.8401,-79.0431,United States,US,USA,south carolina,,26082.0,1840014716
2854,conyers,Conyers,33.6646,-83.9966,United States,US,USA,georgia,,17916.0,1840014806
1396,cookeville,Cookeville,36.1482,-85.5109,United States,US,USA,tennessee,,35544.0,1840014470
2473,coolbaugh,Coolbaugh,41.1837,-75.4386,United States,US,USA,pennsylvania,,20754.0,1840145213
3303,coolidge,Coolidge,32.9363,-111.5254,United States,US,USA,arizona,,15300.0,1840019367
795,coon rapids,Coon Rapids,45.1755,-93.3094,United States,US,USA,minnesota,,63348.0,1840006714
1457,cooper city,Cooper City,26.0463,-80.2862,United States,US,USA,florida,,34166.0,1840015133
3212,coos bay,Coos Bay,43.3789,-124.233,United States,US,USA,oregon,,15867.0,1840018653
2207,copiague,Copiague,40.6707,-73.3922,United States,US,USA,new york,,23332.0,1840005031
1168,coppell,Coppell,32.9639,-96.9903,United States,US,USA,texas,,42029.0,1840019439
1328,copperas cove,Copperas Cove,31.1192,-97.914,United States,US,USA,texas,,37149.0,1840019538
1006,coral gables,Coral Gables,25.7037,-80.2715,United States,US,USA,florida,,49243.0,1840015147
4936,coral hills,Coral Hills,38.8706,-76.9215,United States,US,USA,maryland,,9372.0,1840005950
341,coral springs,Coral Springs,26.2702,-80.2591,United States,US,USA,florida,,133962.0,1840015134
2137,coral terrace,Coral Terrace,25.7464,-80.3049,United States,US,USA,florida,,24051.0,1840029028
2254,coralville,Coralville,41.699,-91.5967,United States,US,USA,iowa,,22846.0,1840007076
1182,coram,Coram,40.8812,-73.0059,United States,US,USA,new york,,41527.0,1840005032
2270,corcoran,Corcoran,36.0841,-119.5613,United States,US,USA,california,,22626.0,1840019056
4688,cordele,Cordele,31.9563,-83.7694,United States,US,USA,georgia,,10107.0,1840014934
3463,corinth,Corinth,34.9474,-88.5143,United States,US,USA,mississippi,,14450.0,1840014638
2250,corinth,Corinth,33.1434,-97.0682,United States,US,USA,texas,,22868.0,1840019389
1559,cornelius,Cornelius,35.4724,-80.8813,United States,US,USA,north carolina,,32009.0,1840016352
3628,cornelius,Cornelius,45.5188,-123.051,United States,US,USA,oregon,,13700.0,1840018557
4471,corning,Corning,42.147,-77.0561,United States,US,USA,new york,,10666.0,1840000443
3847,cornwall,Cornwall,41.4195,-74.054,United States,US,USA,new york,,12801.0,1840087346
284,corona,Corona,33.8616,-117.5649,United States,US,USA,california,,158839.0,1840019305
5081,corona de tucson,Corona de Tucson,31.9503,-110.7835,United States,US,USA,arizona,,9039.0,1840018106
2740,coronado,Coronado,32.6649,-117.1604,United States,US,USA,california,,18558.0,1840019354
126,corpus christi,Corpus Christi,27.7254,-97.3767,United States,US,USA,texas,,339432.0,1840019718
5313,corrales,Corrales,35.2366,-106.6191,United States,US,USA,new mexico,,8557.0,1840022681
2015,corsicana,Corsicana,32.0824,-96.4665,United States,US,USA,texas,,25344.0,1840019505
4692,corte madera,Corte Madera,37.9238,-122.5128,United States,US,USA,california,,10101.0,1840022519
5139,cortez,Cortez,37.3503,-108.5768,United States,US,USA,colorado,,8898.0,1840018928
2915,cortland,Cortland,42.6004,-76.1784,United States,US,USA,new york,,17465.0,1840000419
1172,cortlandt,Cortlandt,41.2552,-73.9018,United States,US,USA,new york,,41886.0,1840087347
743,corvallis,Corvallis,44.5698,-123.2779,United States,US,USA,oregon,,67769.0,1840018611
4325,coshocton,Coshocton,40.2618,-81.848,United States,US,USA,ohio,,11056.0,1840003692
421,costa mesa,Costa Mesa,33.6667,-117.9135,United States,US,USA,california,,110538.0,1840019326
3294,coto de caza,Coto de Caza,33.5959,-117.586,United States,US,USA,california,,15363.0,1840028363
1223,cottage grove,Cottage Grove,44.8161,-92.9274,United States,US,USA,minnesota,,40124.0,1840006735
4484,cottage grove,Cottage Grove,43.796,-123.0573,United States,US,USA,oregon,,10630.0,1840018624
2224,cottage lake,Cottage Lake,47.7466,-122.0755,United States,US,USA,washington,,23170.0,1840037848
3924,cottonwood,Cottonwood,34.7195,-112.0016,United States,US,USA,arizona,,12547.0,1840019168
1509,cottonwood heights,Cottonwood Heights,40.6137,-111.8144,United States,US,USA,utah,,32984.0,1840018746
807,council bluffs,Council Bluffs,41.2369,-95.8516,United States,US,USA,iowa,,62564.0,1840007117
4721,country club,Country Club,37.9687,-121.3408,United States,US,USA,california,,10017.0,1840028364
975,country club,Country Club,25.9407,-80.3102,United States,US,USA,florida,,51000.0,1840029029
4862,country club estates,Country Club Estates,31.2113,-81.4622,United States,US,USA,georgia,,9575.0,1840029452
3099,country club hills,Country Club Hills,41.5636,-87.7251,United States,US,USA,illinois,,16419.0,1840007025
2727,country walk,Country Walk,25.633,-80.4353,United States,US,USA,florida,,18693.0,1840028979
4886,countryside,Countryside,39.0518,-77.4124,United States,US,USA,virginia,,9521.0,1840024500
1383,coventry,Coventry,41.6934,-71.6611,United States,US,USA,rhode island,,35757.0,1840066132
993,covina,Covina,34.0903,-117.8818,United States,US,USA,california,,50143.0,1840019241
4176,covington,Covington,30.481,-90.1122,United States,US,USA,louisiana,,11568.0,1840015019
1200,covington,Covington,39.0334,-84.5166,United States,US,USA,kentucky,,40902.0,1840014263
3494,covington,Covington,33.6049,-83.8463,United States,US,USA,georgia,,14334.0,1840014808
5286,covington,Covington,35.566,-89.6482,United States,US,USA,tennessee,,8612.0,1840014547
2447,covington,Covington,47.3667,-122.1045,United States,US,USA,washington,,20957.0,1840018425
4673,coweta,Coweta,35.9683,-95.6545,United States,US,USA,oklahoma,,10157.0,1840019077
5087,craig,Craig,40.5171,-107.5554,United States,US,USA,colorado,,9022.0,1840018741
1484,cranberry,Cranberry,40.7104,-80.1059,United States,US,USA,pennsylvania,,33632.0,1840147947
2159,cranford,Cranford,40.6564,-74.3036,United States,US,USA,new jersey,,23841.0,1840081744
573,cranston,Cranston,41.7658,-71.4858,United States,US,USA,rhode island,,82632.0,1840003287
5054,crawford,Crawford,41.5685,-74.3169,United States,US,USA,new york,,9097.0,1840058024
3102,crawfordsville,Crawfordsville,40.0428,-86.8976,United States,US,USA,indiana,,16408.0,1840007261
5052,cresskill,Cresskill,40.9405,-73.9596,United States,US,USA,new jersey,,9101.0,1840003539
2579,crest hill,Crest Hill,41.5723,-88.1124,United States,US,USA,illinois,,19754.0,1840007088
4563,crestline,Crestline,34.2486,-117.2887,United States,US,USA,california,,10431.0,1840017796
1789,crestview,Crestview,30.7477,-86.5785,United States,US,USA,florida,,28046.0,1840015007
3980,crestwood,Crestwood,38.5569,-90.3783,United States,US,USA,missouri,,12298.0,1840007442
4491,crestwood,Crestwood,41.6454,-87.7397,United States,US,USA,illinois,,10622.0,1840011267
2735,creve coeur,Creve Coeur,38.662,-90.443,United States,US,USA,missouri,,18643.0,1840007443
1681,crofton,Crofton,39.0144,-76.68,United States,US,USA,maryland,,29878.0,1840005909
4667,cross lanes,Cross Lanes,38.4351,-81.7707,United States,US,USA,west virginia,,10172.0,1840006190
3994,crossville,Crossville,35.9526,-85.0295,United States,US,USA,tennessee,,12265.0,1840014489
2684,crowley,Crowley,32.5781,-97.3585,United States,US,USA,texas,,19007.0,1840019431
4180,crowley,Crowley,30.2175,-92.3752,United States,US,USA,louisiana,,11554.0,1840015041
1465,crown point,Crown Point,41.4143,-87.3457,United States,US,USA,indiana,,34042.0,1840007091
4830,croydon,Croydon,40.0911,-74.8975,United States,US,USA,pennsylvania,,9704.0,1840005406
5001,crozet,Crozet,38.0645,-78.6961,United States,US,USA,virginia,,9211.0,1840006280
2265,crystal,Crystal,45.0377,-93.3599,United States,US,USA,minnesota,,22685.0,1840006745
1217,crystal lake,Crystal Lake,42.2333,-88.3351,United States,US,USA,illinois,,40436.0,1840006969
2298,cudahy,Cudahy,33.9631,-118.183,United States,US,USA,california,,22325.0,1840019242
2843,cudahy,Cudahy,42.9467,-87.8641,United States,US,USA,wisconsin,,17964.0,1840003045
2700,cullman,Cullman,34.1775,-86.8407,United States,US,USA,alabama,,18894.0,1840001354
2510,culpeper,Culpeper,38.4704,-78.0001,United States,US,USA,virginia,,20437.0,1840006169
1226,culver city,Culver City,34.0058,-118.3968,United States,US,USA,california,,39993.0,1840019243
2694,cumberland,Cumberland,39.6515,-78.7584,United States,US,USA,maryland,,18938.0,1840005621
1352,cumberland,Cumberland,41.9703,-71.4198,United States,US,USA,rhode island,,36390.0,1840066127
5319,cumberland,Cumberland,43.7933,-70.2579,United States,US,USA,maine,,8546.0,1840066197
5275,cumberland hill,Cumberland Hill,41.9736,-71.4605,United States,US,USA,rhode island,,8638.0,1840003291
3250,cumru,Cumru,40.2811,-75.9544,United States,US,USA,pennsylvania,,15626.0,1840145303
860,cupertino,Cupertino,37.3168,-122.0466,United States,US,USA,california,,58886.0,1840018950
5008,cusseta,Cusseta,32.347,-84.787,United States,US,USA,georgia,,9181.0,1840029395
1112,cutler bay,Cutler Bay,25.5765,-80.3356,United States,US,USA,florida,,44483.0,1840017276
2611,cutlerville,Cutlerville,42.8403,-85.6734,United States,US,USA,michigan,,19465.0,1840004308
981,cuyahoga falls,Cuyahoga Falls,41.1641,-81.5207,United States,US,USA,ohio,,50864.0,1840000795
1000,cypress,Cypress,33.8171,-118.0386,United States,US,USA,california,,49531.0,1840019327
4723,cypress gardens,Cypress Gardens,28.0036,-81.6857,United States,US,USA,florida,,10013.0,1840028660
3768,cypress lake,Cypress Lake,26.5392,-81.8999,United States,US,USA,florida,,13145.0,1840029032
3794,d'iberville,D'Iberville,30.4709,-88.9011,United States,US,USA,mississippi,,13033.0,1840015023
1459,dakota ridge,Dakota Ridge,39.6192,-105.1344,United States,US,USA,colorado,,34159.0,1840038683
679,dale city,Dale City,38.6473,-77.3459,United States,US,USA,virginia,,72793.0,1840006094
2958,dallas,Dallas,44.9221,-123.313,United States,US,USA,oregon,,17214.0,1840018590
5,dallas,Dallas,32.7935,-96.7667,United States,US,USA,texas,,5843632.0,1840019440
5037,dallas,Dallas,41.3608,-75.9656,United States,US,USA,pennsylvania,,9139.0,1840000745
3469,dallas,Dallas,33.9152,-84.8416,United States,US,USA,georgia,,14440.0,1840014757
773,dalton,Dalton,34.769,-84.972,United States,US,USA,georgia,,65317.0,1840014651
461,daly city,Daly City,37.6862,-122.4685,United States,US,USA,california,,102560.0,1840018926
3020,damascus,Damascus,39.2701,-77.1957,United States,US,USA,maryland,,16864.0,1840005832
4386,damascus,Damascus,45.4233,-122.4436,United States,US,USA,oregon,,10888.0,1840018571
1517,dana point,Dana Point,33.4733,-117.6967,United States,US,USA,california,,32883.0,1840019328
260,danbury,Danbury,41.4015,-73.4709,United States,US,USA,connecticut,,175074.0,1840004837
1584,dania beach,Dania Beach,26.0593,-80.1637,United States,US,USA,florida,,31739.0,1840015135
1796,danvers,Danvers,42.574,-70.9494,United States,US,USA,massachusetts,,27924.0,1840053528
1140,danville,Danville,37.8121,-121.9698,United States,US,USA,california,,43426.0,1840021532
4328,danville,Danville,39.7584,-86.5019,United States,US,USA,indiana,,11049.0,1840009539
2956,danville,Danville,37.6418,-84.7777,United States,US,USA,kentucky,,17235.0,1840014354
1163,danville,Danville,36.5831,-79.4088,United States,US,USA,virginia,,42239.0,1840003878
1751,danville,Danville,40.1426,-87.6111,United States,US,USA,illinois,,28663.0,1840007235
1749,daphne,Daphne,30.6263,-87.8816,United States,US,USA,alabama,,28673.0,1840006178
4472,darby,Darby,39.921,-75.261,United States,US,USA,pennsylvania,,10664.0,1840000695
3770,dardenne prairie,Dardenne Prairie,38.7565,-90.7319,United States,US,USA,missouri,,13137.0,1840007428
2349,darien,Darien,41.7448,-87.9822,United States,US,USA,illinois,,21855.0,1840007045
1533,dartmouth,Dartmouth,41.6138,-70.9973,United States,US,USA,massachusetts,,32621.0,1840070232
4146,davenport,Davenport,28.1587,-81.6083,United States,US,USA,florida,,11660.0,1840015104
159,davenport,Davenport,41.5565,-90.6053,United States,US,USA,iowa,,282356.0,1840007081
3391,davidson,Davidson,35.484,-80.8247,United States,US,USA,north carolina,,14852.0,1840016353
443,davie,Davie,26.0789,-80.287,United States,US,USA,florida,,106412.0,1840017272
610,davis,Davis,38.5553,-121.737,United States,US,USA,california,,79355.0,1840018833
66,dayton,Dayton,39.7805,-84.2003,United States,US,USA,ohio,,667936.0,1840034249
3210,dayton,Dayton,39.2592,-119.5653,United States,US,USA,nevada,,15873.0,1840018796
5046,dayton,Dayton,30.0315,-94.9158,United States,US,USA,texas,,9121.0,1840019599
649,daytona beach,Daytona Beach,29.1995,-81.0982,United States,US,USA,florida,,75924.0,1840015068
2011,de pere,De Pere,44.4308,-88.0785,United States,US,USA,wisconsin,,25368.0,1840002348
1972,de witt,De Witt,43.0501,-76.071,United States,US,USA,new york,,25773.0,1840087377
4417,de witt,De Witt,43.03,-76.0819,United States,US,USA,new york,,10815.0,1840153011
431,dearborn,Dearborn,42.3127,-83.213,United States,US,USA,michigan,,107846.0,1840003969
814,dearborn heights,Dearborn Heights,42.3164,-83.2769,United States,US,USA,michigan,,62099.0,1840003970
2273,debary,DeBary,28.8815,-81.324,United States,US,USA,florida,,22602.0,1840015070
2097,decatur,Decatur,33.7711,-84.2963,United States,US,USA,georgia,,24470.0,1840014777
4807,decatur,Decatur,40.8286,-84.9277,United States,US,USA,indiana,,9769.0,1840007177
877,decatur,Decatur,34.5731,-86.9905,United States,US,USA,alabama,,57760.0,1840001403
560,decatur,Decatur,39.8557,-88.9342,United States,US,USA,illinois,,84629.0,1840007269
2035,dedham,Dedham,42.2467,-71.1777,United States,US,USA,massachusetts,,25109.0,1840053547
1842,deer park,Deer Park,40.7623,-73.3218,United States,US,USA,new york,,27334.0,1840005034
1477,deer park,Deer Park,29.6898,-95.1151,United States,US,USA,texas,,33823.0,1840019621
2651,deerfield,Deerfield,42.1654,-87.8516,United States,US,USA,illinois,,19185.0,1840011167
543,deerfield beach,Deerfield Beach,26.305,-80.1277,United States,US,USA,florida,,86742.0,1840015136
3025,defiance,Defiance,41.2813,-84.3657,United States,US,USA,ohio,,16830.0,1840007133
4405,deforest,DeForest,43.2301,-89.3431,United States,US,USA,wisconsin,,10853.0,1840037935
1215,dekalb,DeKalb,41.9314,-88.7481,United States,US,USA,illinois,,40464.0,1840007033
4306,del aire,Del Aire,33.9167,-118.3693,United States,US,USA,california,,11115.0,1840028367
2381,del city,Del City,35.4483,-97.4408,United States,US,USA,oklahoma,,21561.0,1840019154
1436,del rio,Del Rio,29.3708,-100.8801,United States,US,USA,texas,,34638.0,1840019607
1236,deland,DeLand,29.0225,-81.2875,United States,US,USA,florida,,39832.0,1840015071
982,delano,Delano,35.7662,-119.2635,United States,US,USA,california,,50835.0,1840019151
5325,delavan,Delavan,42.6282,-88.6323,United States,US,USA,wisconsin,,8531.0,1840002483
1144,delaware,Delaware,40.2851,-83.0741,United States,US,USA,ohio,,43168.0,1840007237
4523,delhi,Delhi,37.4306,-120.7759,United States,US,USA,california,,10525.0,1840018930
2848,delran,Delran,40.017,-74.9495,United States,US,USA,new jersey,,17937.0,1840081628
752,delray beach,Delray Beach,26.455,-80.0905,United States,US,USA,florida,,66940.0,1840015123
4969,delta,Delta,38.756,-108.0772,United States,US,USA,colorado,,9266.0,1840018820
200,deltona,Deltona,28.905,-81.2137,United States,US,USA,florida,,224303.0,1840015072
3409,deming,Deming,32.2631,-107.7525,United States,US,USA,new mexico,,14735.0,1840019458
4939,denham springs,Denham Springs,30.4743,-90.9593,United States,US,USA,louisiana,,9362.0,1840015027
2014,denison,Denison,33.7672,-96.5808,United States,US,USA,texas,,25347.0,1840019317
3395,dennis,Dennis,41.7064,-70.1644,United States,US,USA,massachusetts,,14803.0,1840053500
4026,dent,Dent,39.1915,-84.6601,United States,US,USA,ohio,,12097.0,1840005880
96,denton,Denton,33.2175,-97.1418,United States,US,USA,texas,,455152.0,1840019390
3287,dentsville,Dentsville,34.0754,-80.9547,United States,US,USA,south carolina,,15396.0,1840013089
18,denver,Denver,39.762,-104.8758,United States,US,USA,colorado,admin,2691349.0,1840018789
2983,denville,Denville,40.889,-74.4893,United States,US,USA,new jersey,,17110.0,1840081734
3340,depew,Depew,42.9118,-78.7043,United States,US,USA,new york,,15065.0,1840004397
1552,deptford,Deptford,39.8157,-75.1181,United States,US,USA,new jersey,,32105.0,1840081679
1966,derby,Derby,37.5571,-97.2551,United States,US,USA,kansas,,25801.0,1840007569
3970,derby,Derby,41.3265,-73.0833,United States,US,USA,connecticut,,12359.0,1840004847
5250,derby,Derby,39.84,-104.9172,United States,US,USA,colorado,,8692.0,1840028576
4799,deridder,DeRidder,30.8468,-93.2931,United States,US,USA,louisiana,,9812.0,1840015013
2057,derry,Derry,40.2709,-76.6561,United States,US,USA,pennsylvania,,24858.0,1840152635
1450,derry,Derry,42.8888,-71.2804,United States,US,USA,new hampshire,,34335.0,1840054793
80,des moines,Des Moines,41.5725,-93.6105,United States,US,USA,iowa,admin,560170.0,1840007069
1534,des moines,Des Moines,47.3914,-122.3156,United States,US,USA,washington,,32545.0,1840018426
5035,des peres,Des Peres,38.5973,-90.448,United States,US,USA,missouri,,9145.0,1840007456
852,des plaines,Des Plaines,42.0345,-87.9008,United States,US,USA,illinois,,59408.0,1840007032
1525,desert hot springs,Desert Hot Springs,33.955,-116.5429,United States,US,USA,california,,32786.0,1840019306
899,desoto,DeSoto,32.5992,-96.8633,United States,US,USA,texas,,55896.0,1840019441
3559,destin,Destin,30.395,-86.4701,United States,US,USA,florida,,14018.0,1840015008
4108,destrehan,Destrehan,29.9626,-90.3676,United States,US,USA,louisiana,,11786.0,1840013110
11,detroit,Detroit,42.3834,-83.1024,United States,US,USA,michigan,,3716929.0,1840003971
4729,detroit lakes,Detroit Lakes,46.806,-95.8449,United States,US,USA,minnesota,,10002.0,1840006632
930,diamond bar,Diamond Bar,33.9992,-117.8161,United States,US,USA,california,,53750.0,1840019244
3883,diamond springs,Diamond Springs,38.692,-120.8391,United States,US,USA,california,,12642.0,1840018829
4942,diamondhead,Diamondhead,30.3791,-89.3707,United States,US,USA,mississippi,,9338.0,1840013106
2023,dickinson,Dickinson,46.8918,-102.7925,United States,US,USA,north dakota,,25216.0,1840000192
2374,dickinson,Dickinson,29.4548,-95.0589,United States,US,USA,texas,,21612.0,1840019667
3133,dickson,Dickson,36.0637,-87.3665,United States,US,USA,tennessee,,16246.0,1840014468
4659,difficult run,Difficult Run,38.9016,-77.3471,United States,US,USA,virginia,,10202.0,1840153061
3861,dingman,Dingman,41.3226,-74.9264,United States,US,USA,pennsylvania,,12727.0,1840146119
2028,dinuba,Dinuba,36.5453,-119.3987,United States,US,USA,california,,25201.0,1840019044
3312,discovery bay,Discovery Bay,37.9063,-121.599,United States,US,USA,california,,15243.0,1840018897
2043,dix hills,Dix Hills,40.8033,-73.3375,United States,US,USA,new york,,25042.0,1840005035
2655,dixon,Dixon,38.4469,-121.825,United States,US,USA,california,,19158.0,1840018859
3323,dixon,Dixon,41.8439,-89.4794,United States,US,USA,illinois,,15166.0,1840007051
4231,dobbs ferry,Dobbs Ferry,41.0127,-73.8697,United States,US,USA,new york,,11397.0,1840004952
5200,dock junction,Dock Junction,31.2031,-81.5155,United States,US,USA,georgia,,8786.0,1840029453
3946,doctor phillips,Doctor Phillips,28.4474,-81.4914,United States,US,USA,florida,,12458.0,1840013119
1820,dodge city,Dodge City,37.7611,-100.0182,United States,US,USA,kansas,,27652.0,1840001684
2444,dolton,Dolton,41.6284,-87.5979,United States,US,USA,illinois,,20979.0,1840011269
3034,donna,Donna,26.1468,-98.0559,United States,US,USA,texas,,16774.0,1840019734
639,doral,Doral,25.8152,-80.3565,United States,US,USA,florida,,76490.0,1840015148
4439,doraville,Doraville,33.9073,-84.2711,United States,US,USA,georgia,,10738.0,1840014778
665,dothan,Dothan,31.2336,-85.407,United States,US,USA,alabama,,74002.0,1840001518
3153,douglas,Douglas,31.3602,-109.5394,United States,US,USA,arizona,,16118.0,1840019496
4127,douglas,Douglas,31.5065,-82.8544,United States,US,USA,georgia,,11720.0,1840014946
5055,douglas,Douglas,42.0524,-71.7515,United States,US,USA,massachusetts,,9096.0,1840053689
4470,douglass,Douglass,40.3438,-75.5909,United States,US,USA,pennsylvania,,10668.0,1840143118
1357,douglasville,Douglasville,33.7384,-84.7054,United States,US,USA,georgia,,36284.0,1840014804
357,dover,Dover,39.161,-75.5202,United States,US,USA,delaware,admin,128045.0,1840005810
2762,dover,Dover,40.8859,-74.5597,United States,US,USA,new jersey,,18420.0,1840003581
683,dover,Dover,43.1887,-70.8845,United States,US,USA,new hampshire,,72476.0,1840002808
3781,dover,Dover,40.5304,-81.4806,United States,US,USA,ohio,,13094.0,1840007217
2243,dover,Dover,40.0019,-76.8698,United States,US,USA,pennsylvania,,22931.0,1840001442
995,downers grove,Downers Grove,41.7949,-88.0172,United States,US,USA,illinois,,49867.0,1840011404
415,downey,Downey,33.9379,-118.1311,United States,US,USA,california,,111793.0,1840019245
2846,doylestown,Doylestown,40.2962,-75.1393,United States,US,USA,pennsylvania,,17957.0,1840001320
1539,dracut,Dracut,42.6832,-71.301,United States,US,USA,massachusetts,,32356.0,1840053477
4084,dranesville,Dranesville,38.9955,-77.3693,United States,US,USA,virginia,,11860.0,1840024565
992,draper,Draper,40.4957,-111.8605,United States,US,USA,utah,,50159.0,1840018747
1822,drexel heights,Drexel Heights,32.1453,-111.048,United States,US,USA,arizona,,27636.0,1840027928
1672,drexel hill,Drexel Hill,39.9495,-75.3038,United States,US,USA,pennsylvania,,30015.0,1840005550
3632,dryden,Dryden,42.4786,-76.3564,United States,US,USA,new york,,13689.0,1840004547
2341,duarte,Duarte,34.161,-117.9504,United States,US,USA,california,,21921.0,1840019246
704,dublin,Dublin,37.7161,-121.8963,United States,US,USA,california,,70542.0,1840018916
1011,dublin,Dublin,40.1112,-83.1454,United States,US,USA,ohio,,49031.0,1840008389
3177,dublin,Dublin,32.536,-82.928,United States,US,USA,georgia,,16023.0,1840013813
730,dubuque,Dubuque,42.5002,-90.707,United States,US,USA,iowa,,68567.0,1840000438
4081,dudley,Dudley,42.055,-71.9352,United States,US,USA,massachusetts,,11886.0,1840053586
1563,duluth,Duluth,34.0053,-84.1492,United States,US,USA,georgia,,31958.0,1840013675
376,duluth,Duluth,46.7756,-92.1393,United States,US,USA,minnesota,,120443.0,1840007685
3484,dumas,Dumas,35.8613,-101.9642,United States,US,USA,texas,,14362.0,1840019086
2829,dumont,Dumont,40.9452,-73.9923,United States,US,USA,new jersey,,18072.0,1840003541
2248,duncan,Duncan,34.5408,-97.9215,United States,US,USA,oklahoma,,22872.0,1840019253
1231,duncanville,Duncanville,32.646,-96.9127,United States,US,USA,texas,,39879.0,1840019442
770,dundalk,Dundalk,39.2704,-76.4942,United States,US,USA,maryland,,65441.0,1840005681
1362,dunedin,Dunedin,28.0329,-82.7862,United States,US,USA,florida,,36060.0,1840014144
3904,dunkirk,Dunkirk,42.4801,-79.3324,United States,US,USA,new york,,12597.0,1840000445
3540,dunmore,Dunmore,41.4152,-75.6072,United States,US,USA,pennsylvania,,14123.0,1840003381
5333,dunn,Dunn,35.3114,-78.6129,United States,US,USA,north carolina,,8512.0,1840013434
5201,dunn loring,Dunn Loring,38.8945,-77.2315,United States,US,USA,virginia,,8782.0,1840006017
959,dunwoody,Dunwoody,33.9418,-84.3122,United States,US,USA,georgia,,51563.0,1840022929
4748,dupont,DuPont,47.1079,-122.6495,United States,US,USA,washington,,9952.0,1840018457
2636,durango,Durango,37.2659,-107.8781,United States,US,USA,colorado,,19257.0,1840018929
2645,durant,Durant,33.9949,-96.3923,United States,US,USA,oklahoma,,19209.0,1840019280
3344,durham,Durham,43.1174,-70.9194,United States,US,USA,new hampshire,,15054.0,1840054805
106,durham,Durham,35.9792,-78.9022,United States,US,USA,north carolina,,411362.0,1840013364
3156,duxbury,Duxbury,42.0465,-70.7139,United States,US,USA,massachusetts,,16110.0,1840053566
3104,dyer,Dyer,41.4977,-87.509,United States,US,USA,indiana,,16400.0,1840010224
3165,dyersburg,Dyersburg,36.0465,-89.3777,United States,US,USA,tennessee,,16075.0,1840013372
737,eagan,Eagan,44.817,-93.1638,United States,US,USA,minnesota,,68158.0,1840007852
1599,eagle,Eagle,43.7223,-116.3866,United States,US,USA,idaho,,31490.0,1840018642
1001,eagle mountain,Eagle Mountain,40.3137,-112.0114,United States,US,USA,utah,,49514.0,1840018757
1778,eagle pass,Eagle Pass,28.7125,-100.484,United States,US,USA,texas,,28186.0,1840019690
4802,eagle point,Eagle Point,42.4677,-122.8016,United States,US,USA,oregon,,9783.0,1840018676
2152,easley,Easley,34.8188,-82.5827,United States,US,USA,south carolina,,23942.0,1840013526
4594,east bakersfield,East Bakersfield,35.3832,-118.9743,United States,US,USA,california,,10377.0,1840150305
4059,east bethel,East Bethel,45.3557,-93.2038,United States,US,USA,minnesota,,11995.0,1840007797
4498,east bradford,East Bradford,39.959,-75.6469,United States,US,USA,pennsylvania,,10599.0,1840149882
4758,east brandywine,East Brandywine,40.0364,-75.7505,United States,US,USA,pennsylvania,,9935.0,1840149883
3473,east bridgewater,East Bridgewater,42.0352,-70.9424,United States,US,USA,massachusetts,,14420.0,1840053567
1003,east brunswick,East Brunswick,40.4281,-74.4179,United States,US,USA,new jersey,,49411.0,1840081693
1938,east chicago,East Chicago,41.6469,-87.4545,United States,US,USA,indiana,,26158.0,1840008193
3640,east cleveland,East Cleveland,41.5317,-81.5794,United States,US,USA,ohio,,13666.0,1840000599
4396,east cocalico,East Cocalico,40.2242,-76.1057,United States,US,USA,pennsylvania,,10871.0,1840148813
5268,east donegal,East Donegal,40.0823,-76.5631,United States,US,USA,pennsylvania,,8655.0,1840150410
1691,east fishkill,East Fishkill,41.5567,-73.7824,United States,US,USA,new york,,29720.0,1840058059
5278,east foothills,East Foothills,37.3826,-121.8138,United States,US,USA,california,,8630.0,1840028369
4624,east franklin,East Franklin,40.4933,-74.471,United States,US,USA,new jersey,,10281.0,1840039869
4230,east glenville,East Glenville,42.8648,-73.9256,United States,US,USA,new york,,11399.0,1840004444
2766,east goshen,East Goshen,39.9934,-75.5478,United States,US,USA,pennsylvania,,18392.0,1840150925
5065,east grand forks,East Grand Forks,47.9286,-97.0138,United States,US,USA,minnesota,,9067.0,1840007700
4234,east grand rapids,East Grand Rapids,42.9464,-85.6088,United States,US,USA,michigan,,11394.0,1840002927
3061,east greenbush,East Greenbush,42.6122,-73.6969,United States,US,USA,new york,,16622.0,1840058060
4064,east greenwich,East Greenwich,39.7903,-75.2396,United States,US,USA,new jersey,,11975.0,1840081671
3476,east greenwich,East Greenwich,41.6362,-71.5058,United States,US,USA,rhode island,,14407.0,1840066133
1766,east hampton,East Hampton,41.0117,-72.1277,United States,US,USA,new york,,28405.0,1840005147
4309,east hanover,East Hanover,40.8192,-74.3638,United States,US,USA,new jersey,,11106.0,1840081722
2524,east hemet,East Hemet,33.7301,-116.941,United States,US,USA,california,,20292.0,1840028370
1908,east hempfield,East Hempfield,40.0825,-76.3831,United States,US,USA,pennsylvania,,26505.0,1840148811
3166,east highland park,East Highland Park,37.577,-77.3865,United States,US,USA,virginia,,16071.0,1840006388
977,east honolulu,East Honolulu,21.2975,-157.7211,United States,US,USA,hawaii,,50961.0,1840039181
3634,east islip,East Islip,40.7257,-73.1869,United States,US,USA,new york,,13687.0,1840005036
1507,east lake,East Lake,28.1206,-82.6868,United States,US,USA,florida,,33019.0,1840028980
1735,east lake-orient park,East Lake-Orient Park,27.997,-82.3653,United States,US,USA,florida,,29064.0,1840073826
2878,east lampeter,East Lampeter,40.0375,-76.2162,United States,US,USA,pennsylvania,,17712.0,1840148810
1086,east lansing,East Lansing,42.748,-84.4836,United States,US,USA,michigan,,45394.0,1840003101
4781,east liverpool,East Liverpool,40.6333,-80.5677,United States,US,USA,ohio,,9869.0,1840002783
3112,east longmeadow,East Longmeadow,42.0597,-72.499,United States,US,USA,massachusetts,,16368.0,1840053444
405,east los angeles,East Los Angeles,34.0326,-118.1691,United States,US,USA,california,,114617.0,1840019206
2536,east massapequa,East Massapequa,40.6742,-73.4359,United States,US,USA,new york,,20142.0,1840034047
1377,east meadow,East Meadow,40.7197,-73.5604,United States,US,USA,new york,,35806.0,1840005236
3506,east milton,East Milton,30.6175,-86.9636,United States,US,USA,florida,,14280.0,1840025112
2465,east moline,East Moline,41.5199,-90.3879,United States,US,USA,illinois,,20837.0,1840008180
1756,east niles,East Niles,35.3683,-118.9225,United States,US,USA,california,,28586.0,1840150304
3560,east norriton,East Norriton,40.1506,-75.3364,United States,US,USA,pennsylvania,,14011.0,1840133023
2587,east northport,East Northport,40.8791,-73.3233,United States,US,USA,new york,,19672.0,1840005039
5088,east nottingham,East Nottingham,39.7621,-75.9705,United States,US,USA,pennsylvania,,9022.0,1840150922
723,east orange,East Orange,40.7651,-74.2117,United States,US,USA,new jersey,,69183.0,1840002792
1727,east palo alto,East Palo Alto,37.4671,-122.1352,United States,US,USA,california,,29143.0,1840020301
2402,east patchogue,East Patchogue,40.7704,-72.9817,United States,US,USA,new york,,21364.0,1840005040
2439,east pennsboro,East Pennsboro,40.2886,-76.9394,United States,US,USA,pennsylvania,,21022.0,1840143336
2283,east peoria,East Peoria,40.6736,-89.5419,United States,US,USA,illinois,,22485.0,1840008327
1288,east point,East Point,33.6696,-84.4701,United States,US,USA,georgia,,38233.0,1840013661
1053,east providence,East Providence,41.8065,-71.3565,United States,US,USA,rhode island,,46970.0,1840003288
3516,east rancho dominguez,East Rancho Dominguez,33.8949,-118.1956,United States,US,USA,california,,14219.0,1840028368
3997,east renton highlands,East Renton Highlands,47.4718,-122.0854,United States,US,USA,washington,,12241.0,1840037866
2332,east ridge,East Ridge,34.9973,-85.2285,United States,US,USA,tennessee,,22034.0,1840013452
2674,east riverdale,East Riverdale,38.96,-76.9109,United States,US,USA,maryland,,19043.0,1840031482
4709,east rockaway,East Rockaway,40.6432,-73.6672,United States,US,USA,new york,,10064.0,1840005343
4674,east rutherford,East Rutherford,40.8179,-74.0854,United States,US,USA,new jersey,,10154.0,1840003542
2190,east san gabriel,East San Gabriel,34.1157,-118.0791,United States,US,USA,california,,23521.0,1840028311
4587,east setauket,East Setauket,40.921,-73.0942,United States,US,USA,new york,,10385.0,1840033876
2786,east st. louis,East St. Louis,38.6155,-90.1304,United States,US,USA,illinois,,18278.0,1840008629
4962,east stroudsburg,East Stroudsburg,41.0023,-75.1779,United States,US,USA,pennsylvania,,9278.0,1840003507
3542,east wenatchee,East Wenatchee,47.4174,-120.2822,United States,US,USA,washington,,14114.0,1840019795
3460,east whiteland,East Whiteland,40.0474,-75.5547,United States,US,USA,pennsylvania,,14459.0,1840150930
4711,east whittier,East Whittier,33.9244,-117.9887,United States,US,USA,california,,10061.0,1840019205
1683,east windsor,East Windsor,40.2606,-74.5295,United States,US,USA,new jersey,,29837.0,1840081654
5151,east york,East York,39.9687,-76.6755,United States,US,USA,pennsylvania,,8868.0,1840034943
1464,eastchester,Eastchester,40.9536,-73.8133,United States,US,USA,new york,,34048.0,1840058058
1707,eastern goleta valley,Eastern Goleta Valley,34.4448,-119.7879,United States,US,USA,california,,29411.0,1840153163
3158,easthampton,Easthampton,42.2651,-72.672,United States,US,USA,massachusetts,,16103.0,1840031156
2901,eastlake,Eastlake,41.6581,-81.4322,United States,US,USA,ohio,,17538.0,1840000533
2193,eastmont,Eastmont,47.8968,-122.1818,United States,US,USA,washington,,23486.0,1840139116
2961,easton,Easton,38.776,-76.0701,United States,US,USA,maryland,,17202.0,1840006089
1731,easton,Easton,40.6858,-75.2209,United States,US,USA,pennsylvania,,29079.0,1840000970
2032,easton,Easton,42.0362,-71.1103,United States,US,USA,massachusetts,,25162.0,1840053660
1469,eastpointe,Eastpointe,42.4657,-82.9461,United States,US,USA,michigan,,34003.0,1840002420
4346,easttown,Easttown,40.0281,-75.4403,United States,US,USA,pennsylvania,,11015.0,1840150924
709,eastvale,Eastvale,33.9617,-117.5803,United States,US,USA,california,,70179.0,1840028421
3670,eatontown,Eatontown,40.2913,-74.0558,United States,US,USA,new jersey,,13537.0,1840003679
429,eau claire,Eau Claire,44.8197,-91.4948,United States,US,USA,wisconsin,,108477.0,1840002296
3664,echelon,Echelon,39.8482,-74.9957,United States,US,USA,new jersey,,13577.0,1840033470
5079,economy,Economy,40.6411,-80.1841,United States,US,USA,pennsylvania,,9042.0,1840066074
5017,ecorse,Ecorse,42.2489,-83.1399,United States,US,USA,michigan,,9170.0,1840003972
3295,eden,Eden,36.5027,-79.7412,United States,US,USA,north carolina,,15353.0,1840013309
797,eden prairie,Eden Prairie,44.8488,-93.4595,United States,US,USA,minnesota,,63249.0,1840007821
5203,edgemere,Edgemere,39.2273,-76.459,United States,US,USA,maryland,,8778.0,1840005674
2209,edgewater,Edgewater,28.9594,-80.9406,United States,US,USA,florida,,23314.0,1840014043
3446,edgewater,Edgewater,40.8237,-73.974,United States,US,USA,new jersey,,14544.0,1840003543
5113,edgewater park,Edgewater Park,40.054,-74.9117,United States,US,USA,new jersey,,8949.0,1840081632
3872,edgewood,Edgewood,47.2309,-122.2832,United States,US,USA,washington,,12683.0,1840019852
2031,edgewood,Edgewood,39.419,-76.2964,United States,US,USA,maryland,,25170.0,1840005661
941,edina,Edina,44.8914,-93.3602,United States,US,USA,minnesota,,53125.0,1840007822
460,edinburg,Edinburg,26.3196,-98.1597,United States,US,USA,texas,,102561.0,1840021020
440,edison,Edison,40.536,-74.3697,United States,US,USA,new jersey,,107027.0,1840081696
493,edmond,Edmond,35.6689,-97.416,United States,US,USA,oklahoma,,95618.0,1840020423
1151,edmonds,Edmonds,47.8115,-122.3533,United States,US,USA,washington,,42783.0,1840037645
4574,edwards,Edwards,39.6215,-106.6184,United States,US,USA,colorado,,10415.0,1840017535
1902,edwardsville,Edwardsville,38.7922,-89.9874,United States,US,USA,illinois,,26543.0,1840008564
3995,effingham,Effingham,39.1205,-88.5509,United States,US,USA,illinois,,12258.0,1840008545
1039,egg harbor,Egg Harbor,39.3787,-74.6102,United States,US,USA,new jersey,,47723.0,1840081582
3282,eggertsville,Eggertsville,42.9665,-78.8065,United States,US,USA,new york,,15416.0,1840024061
1388,egypt lake-leto,Egypt Lake-Leto,28.0177,-82.5062,United States,US,USA,florida,,35709.0,1840073269
4903,eidson road,Eidson Road,28.6677,-100.4788,United States,US,USA,texas,,9481.0,1840037044
452,el cajon,El Cajon,32.8017,-116.9604,United States,US,USA,california,,104909.0,1840020618
4004,el campo,El Campo,29.2,-96.2723,United States,US,USA,texas,,12220.0,1840020966
1120,el centro,El Centro,32.7865,-115.5595,United States,US,USA,california,,44186.0,1840020630
1970,el cerrito,El Cerrito,37.9196,-122.3025,United States,US,USA,california,,25781.0,1840020275
2933,el dorado,El Dorado,33.2184,-92.664,United States,US,USA,arkansas,,17382.0,1840013773
3828,el dorado,El Dorado,37.821,-96.8613,United States,US,USA,kansas,,12882.0,1840001676
985,el dorado hills,El Dorado Hills,38.675,-121.049,United States,US,USA,california,,50553.0,1840017565
1376,el mirage,El Mirage,33.5905,-112.3271,United States,US,USA,arizona,,35823.0,1840020562
438,el monte,El Monte,34.0739,-118.0291,United States,US,USA,california,,107066.0,1840020480
56,el paso,El Paso,31.8476,-106.43,United States,US,USA,texas,,862494.0,1840023252
722,el paso de robles,El Paso de Robles,35.6394,-120.656,United States,US,USA,california,,69218.0,1840074847
2853,el reno,El Reno,35.5429,-97.966,United States,US,USA,oklahoma,,17919.0,1840020420
3021,el segundo,El Segundo,33.917,-118.4018,United States,US,USA,california,,16863.0,1840020481
3760,el sobrante,El Sobrante,33.8724,-117.4624,United States,US,USA,california,,13206.0,1840075804
1644,eldersburg,Eldersburg,39.4041,-76.9528,United States,US,USA,maryland,,30626.0,1840005698
3585,elfers,Elfers,28.214,-82.723,United States,US,USA,florida,,13877.0,1840013122
407,elgin,Elgin,42.0383,-88.324,United States,US,USA,illinois,,114106.0,1840008134
4358,elgin,Elgin,30.3526,-97.3883,United States,US,USA,texas,,10996.0,1840020903
336,elizabeth,Elizabeth,40.6658,-74.1913,United States,US,USA,new jersey,,135887.0,1840003613
2719,elizabeth city,Elizabeth City,36.2942,-76.236,United States,US,USA,north carolina,,18740.0,1840013315
3482,elizabethton,Elizabethton,36.3367,-82.237,United States,US,USA,tennessee,,14364.0,1840013314
4086,elizabethtown,Elizabethtown,40.1533,-76.599,United States,US,USA,pennsylvania,,11857.0,1840003716
644,elizabethtown,Elizabethtown,37.7031,-85.8773,United States,US,USA,kentucky,,76363.0,1840013218
4225,elk city,Elk City,35.3862,-99.4301,United States,US,USA,oklahoma,,11406.0,1840020437
256,elk grove,Elk Grove,38.4161,-121.3842,United States,US,USA,california,,177221.0,1840020245
1551,elk grove village,Elk Grove Village,42.0064,-87.9921,United States,US,USA,illinois,,32132.0,1840011271
3593,elk plain,Elk Plain,47.0425,-122.3663,United States,US,USA,washington,,13863.0,1840037546
1917,elk river,Elk River,45.3314,-93.567,United States,US,USA,minnesota,,26367.0,1840007794
315,elkhart,Elkhart,41.6916,-85.9627,United States,US,USA,indiana,,146511.0,1840008187
4635,elkhorn,Elkhorn,42.6713,-88.5377,United States,US,USA,wisconsin,,10259.0,1840002480
2487,elko,Elko,40.8381,-115.7678,United States,US,USA,nevada,,20624.0,1840020120
1933,elkridge,Elkridge,39.1941,-76.7428,United States,US,USA,maryland,,26183.0,1840005801
3213,elkton,Elkton,39.6066,-75.8209,United States,US,USA,maryland,,15867.0,1840005635
2696,ellensburg,Ellensburg,46.9999,-120.5475,United States,US,USA,washington,,18913.0,1840019841
5252,ellicott,Ellicott,42.133,-79.236,United States,US,USA,new york,,8688.0,1840058075
670,ellicott city,Ellicott City,39.2774,-76.8345,United States,US,USA,maryland,,73737.0,1840005802
4767,ellisville,Ellisville,38.5897,-90.5884,United States,US,USA,missouri,,9908.0,1840008581
5318,ellsworth,Ellsworth,44.5847,-68.4875,United States,US,USA,maine,,8550.0,1840000281
4138,elma,Elma,42.8231,-78.6371,United States,US,USA,new york,,11683.0,1840058079
1083,elmhurst,Elmhurst,41.8973,-87.9432,United States,US,USA,illinois,,45538.0,1840008142
1918,elmira,Elmira,42.0938,-76.8097,United States,US,USA,new york,,26349.0,1840000472
1351,elmont,Elmont,40.7033,-73.7078,United States,US,USA,new york,,36436.0,1840005226
2417,elmwood park,Elmwood Park,40.9049,-74.1201,United States,US,USA,new jersey,,21287.0,1840003544
2143,elmwood park,Elmwood Park,41.9225,-87.8163,United States,US,USA,illinois,,23982.0,1840011272
4247,elon,Elon,36.1016,-79.5086,United States,US,USA,north carolina,,11325.0,1840016143
3050,eloy,Eloy,32.747,-111.5992,United States,US,USA,arizona,,16671.0,1840020628
5025,elsmere,Elsmere,38.9948,-84.6017,United States,US,USA,kentucky,,9151.0,1840013167
4298,elwood,Elwood,40.8462,-73.3389,United States,US,USA,new york,,11140.0,1840005008
946,elyria,Elyria,41.376,-82.106,United States,US,USA,ohio,,52833.0,1840000643
3854,emeryville,Emeryville,37.8382,-122.2932,United States,US,USA,california,,12756.0,1840020291
4125,emmaus,Emmaus,40.5352,-75.4978,United States,US,USA,pennsylvania,,11727.0,1840001048
2132,emporia,Emporia,38.4028,-96.1932,United States,US,USA,kansas,,24098.0,1840001652
821,encinitas,Encinitas,33.0492,-117.261,United States,US,USA,california,,61585.0,1840020619
3688,endicott,Endicott,42.098,-76.0639,United States,US,USA,new york,,13456.0,1840004664
4096,endwell,Endwell,42.1184,-76.0219,United States,US,USA,new york,,11821.0,1840004657
3704,englewood,Englewood,39.8643,-84.307,United States,US,USA,ohio,,13388.0,1840008435
2618,englewood,Englewood,26.9717,-82.3524,United States,US,USA,florida,,19385.0,1840013127
1715,englewood,Englewood,40.8917,-73.9736,United States,US,USA,new jersey,,29342.0,1840003546
1478,englewood,Englewood,39.6468,-104.9942,United States,US,USA,colorado,,33774.0,1840020211
983,enid,Enid,36.4063,-97.87,United States,US,USA,oklahoma,,50821.0,1840020373
2382,ennis,Ennis,32.3254,-96.6347,United States,US,USA,texas,,21546.0,1840020754
2233,ensley,Ensley,30.5259,-87.2733,United States,US,USA,florida,,23036.0,1840013104
1739,enterprise,Enterprise,31.3275,-85.8463,United States,US,USA,alabama,,28990.0,1840001548
193,enterprise,Enterprise,36.0091,-115.2278,United States,US,USA,nevada,,232043.0,1840033827
3877,enumclaw,Enumclaw,47.2018,-121.9897,United States,US,USA,washington,,12663.0,1840019825
3624,ephrata,Ephrata,40.1811,-76.1812,United States,US,USA,pennsylvania,,13729.0,1840003717
250,erie,Erie,42.1167,-80.0733,United States,US,USA,pennsylvania,,184332.0,1840000478
1569,erie,Erie,40.0404,-105.0399,United States,US,USA,colorado,,31927.0,1840021362
2586,erlanger,Erlanger,39.0109,-84.5864,United States,US,USA,kentucky,,19677.0,1840013168
3961,escanaba,Escanaba,45.7477,-87.09,United States,US,USA,michigan,,12374.0,1840003925
303,escondido,Escondido,33.1348,-117.0723,United States,US,USA,california,,149913.0,1840020620
4877,esopus,Esopus,41.8425,-73.9936,United States,US,USA,new york,,9539.0,1840058084
4544,española,Espanola,36.0044,-106.0686,United States,US,USA,new mexico,,10472.0,1840020348
1208,essex,Essex,39.3021,-76.4449,United States,US,USA,maryland,,40670.0,1840005675
4195,essex,Essex,44.5196,-73.0656,United States,US,USA,vermont,,11486.0,1840115363
4449,essex junction,Essex Junction,44.4902,-73.1141,United States,US,USA,vermont,,10720.0,1840004083
3036,estelle,Estelle,29.8447,-90.1021,United States,US,USA,louisiana,,16761.0,1840013111
1324,estero,Estero,26.4276,-81.7951,United States,US,USA,florida,,37258.0,1840013129
1015,euclid,Euclid,41.5903,-81.5188,United States,US,USA,ohio,,48991.0,1840000600
3876,eufaula,Eufaula,31.9102,-85.1505,United States,US,USA,alabama,,12664.0,1840001685
167,eugene,Eugene,44.0564,-123.1174,United States,US,USA,oregon,,272737.0,1840020007
834,euless,Euless,32.8508,-97.08,United States,US,USA,texas,,60373.0,1840020693
4971,eunice,Eunice,30.4904,-92.4191,United States,US,USA,louisiana,,9261.0,1840013927
3964,eureka,Eureka,38.5004,-90.6491,United States,US,USA,missouri,,12371.0,1840008582
1921,eureka,Eureka,40.7943,-124.1564,United States,US,USA,california,,26302.0,1840009558
2187,eustis,Eustis,28.8563,-81.6771,United States,US,USA,florida,,23567.0,1840014054
2308,evans,Evans,40.366,-104.739,United States,US,USA,colorado,,22265.0,1840020147
3314,evans,Evans,42.6528,-79.0063,United States,US,USA,new york,,15236.0,1840087420
1310,evans,Evans,33.5619,-82.1351,United States,US,USA,georgia,,37718.0,1840013095
638,evanston,Evanston,42.0464,-87.6943,United States,US,USA,illinois,,76552.0,1840008129
4103,evanston,Evanston,41.2602,-110.9646,United States,US,USA,wyoming,,11803.0,1840020122
221,evansville,Evansville,37.9881,-87.5341,United States,US,USA,indiana,,206418.0,1840013730
419,everett,Everett,47.9525,-122.1669,United States,US,USA,washington,,111083.0,1840019785
1007,everett,Everett,42.4064,-71.0545,United States,US,USA,massachusetts,,49236.0,1840000425
5270,evergreen,Evergreen,39.6349,-105.3356,United States,US,USA,colorado,,8643.0,1840017539
5134,evergreen,Evergreen,48.2308,-114.27,United States,US,USA,montana,,8908.0,1840017297
2605,evergreen park,Evergreen Park,41.7213,-87.7013,United States,US,USA,illinois,,19498.0,1840011273
1043,evesham,Evesham,39.8605,-74.8947,United States,US,USA,new jersey,,47612.0,1840081613
3289,ewa beach,Ewa Beach,21.3181,-158.0073,United States,US,USA,hawaii,,15388.0,1840029470
1888,ewa gentry,Ewa Gentry,21.3344,-158.0262,United States,US,USA,hawaii,,26738.0,1840029577
1389,ewing,Ewing,40.265,-74.8006,United States,US,USA,new jersey,,35708.0,1840081658
4532,excelsior springs,Excelsior Springs,39.339,-94.24,United States,US,USA,missouri,,10502.0,1840008495
3161,exeter,Exeter,42.9901,-70.9646,United States,US,USA,new hampshire,,16098.0,1840054838
4625,exeter,Exeter,36.2941,-119.1459,United States,US,USA,california,,10280.0,1840020365
1997,exeter,Exeter,40.3139,-75.834,United States,US,USA,pennsylvania,,25488.0,1840144085
5285,fair lakes,Fair Lakes,38.853,-77.3885,United States,US,USA,virginia,,8617.0,1840041732
1417,fair lawn,Fair Lawn,40.9359,-74.1177,United States,US,USA,new jersey,,35153.0,1840003548
4585,fair oaks,Fair Oaks,33.9193,-84.5445,United States,US,USA,georgia,,10392.0,1840013091
1403,fair oaks,Fair Oaks,38.8653,-77.3586,United States,US,USA,virginia,,35472.0,1840024568
1557,fair oaks,Fair Oaks,38.6504,-121.2496,United States,US,USA,california,,32030.0,1840017580
4483,fair oaks ranch,Fair Oaks Ranch,29.7467,-98.6376,United States,US,USA,texas,,10630.0,1840020939
692,fairbanks,Fairbanks,64.8353,-147.6533,United States,US,USA,alaska,,71555.0,1840023463
1442,fairborn,Fairborn,39.801,-84.0094,United States,US,USA,ohio,,34506.0,1840008440
3063,fairburn,Fairburn,33.5496,-84.5914,United States,US,USA,georgia,,16609.0,1840013662
2095,fairfax,Fairfax,38.8531,-77.2997,United States,US,USA,virginia,,24478.0,1840001650
3981,fairfax station,Fairfax Station,38.7942,-77.3358,United States,US,USA,virginia,,12298.0,1840024566
4792,fairfield,Fairfield,33.4747,-86.9194,United States,US,USA,alabama,,9846.0,1840001883
1109,fairfield,Fairfield,39.3301,-84.5409,United States,US,USA,ohio,,44597.0,1840003802
299,fairfield,Fairfield,38.2583,-122.0335,United States,US,USA,california,,150794.0,1840020253
4922,fairfield,Fairfield,41.0064,-91.9667,United States,US,USA,iowa,,9438.0,1840000887
5029,fairfield glade,Fairfield Glade,36.0028,-84.8711,United States,US,USA,tennessee,,9149.0,1840013067
3208,fairhaven,Fairhaven,41.6394,-70.8732,United States,US,USA,massachusetts,,15878.0,1840053521
2204,fairhope,Fairhope,30.5209,-87.8813,United States,US,USA,alabama,,23360.0,1840002039
1934,fairland,Fairland,39.0803,-76.9527,United States,US,USA,maryland,,26183.0,1840001593
5101,fairless hills,Fairless Hills,40.1783,-74.8524,United States,US,USA,pennsylvania,,8985.0,1840001307
4601,fairmont,Fairmont,43.6441,-94.4621,United States,US,USA,minnesota,,10348.0,1840007950
2780,fairmont,Fairmont,39.4768,-80.1491,United States,US,USA,west virginia,,18303.0,1840005732
4730,fairmount,Fairmount,43.0414,-76.2485,United States,US,USA,new york,,9998.0,1840000377
4525,fairmount,Fairmount,39.7931,-105.1711,United States,US,USA,colorado,,10521.0,1840038703
4508,fairview,Fairview,33.1399,-96.6117,United States,US,USA,texas,,10570.0,1840022021
4718,fairview,Fairview,37.6758,-122.0473,United States,US,USA,california,,10033.0,1840028375
4292,fairview,Fairview,42.0261,-80.2361,United States,US,USA,pennsylvania,,11156.0,1840144222
4812,fairview,Fairview,35.9815,-87.1291,United States,US,USA,tennessee,,9751.0,1840013379
2899,fairview,Fairview,40.1735,-76.8655,United States,US,USA,pennsylvania,,17540.0,1840150913
4485,fairview,Fairview,45.5469,-122.439,United States,US,USA,oregon,,10627.0,1840019938
3377,fairview,Fairview,40.8182,-74.0022,United States,US,USA,new jersey,,14920.0,1840003549
3129,fairview heights,Fairview Heights,38.5974,-90.0053,United States,US,USA,illinois,,16255.0,1840008630
2991,fairview park,Fairview Park,41.4419,-81.853,United States,US,USA,ohio,,17049.0,1840000601
4321,fairview shores,Fairview Shores,28.6021,-81.3958,United States,US,USA,florida,,11064.0,1840013120
2761,fairwood,Fairwood,47.4467,-122.143,United States,US,USA,washington,,18437.0,1840037517
507,fall river,Fall River,41.7136,-71.1015,United States,US,USA,massachusetts,,93764.0,1840000497
1537,fallbrook,Fallbrook,33.3693,-117.2259,United States,US,USA,california,,32467.0,1840018019
4937,fallon,Fallon,39.4737,-118.7779,United States,US,USA,nevada,,9371.0,1840020191
1441,falls,Falls,40.1686,-74.7915,United States,US,USA,pennsylvania,,34548.0,1840152152
3434,falls church,Falls Church,38.8847,-77.1751,United States,US,USA,virginia,,14593.0,1840003835
3491,fallsburg,Fallsburg,41.7391,-74.6038,United States,US,USA,new york,,14346.0,1840058089
4747,fallston,Fallston,39.5332,-76.4452,United States,US,USA,maryland,,9954.0,1840005662
1521,falmouth,Falmouth,41.5913,-70.5912,United States,US,USA,massachusetts,,32841.0,1840053501
3889,falmouth,Falmouth,43.7476,-70.2827,United States,US,USA,maine,,12631.0,1840052817
199,fargo,Fargo,46.8651,-96.8292,United States,US,USA,north dakota,,225066.0,1840000177
2101,faribault,Faribault,44.2996,-93.2789,United States,US,USA,minnesota,,24458.0,1840007889
1358,farmers branch,Farmers Branch,32.9272,-96.8804,United States,US,USA,texas,,36254.0,1840020706
4603,farmersville,Farmersville,36.305,-119.2083,United States,US,USA,california,,10336.0,1840020366
1066,farmington,Farmington,36.7555,-108.1823,United States,US,USA,new mexico,,46339.0,1840020349
4201,farmington,Farmington,42.4614,-83.3784,United States,US,USA,michigan,,11472.0,1840002441
2174,farmington,Farmington,44.6572,-93.1687,United States,US,USA,minnesota,,23675.0,1840007853
3475,farmington,Farmington,42.9895,-77.3087,United States,US,USA,new york,,14408.0,1840058090
2839,farmington,Farmington,37.7822,-90.4282,United States,US,USA,missouri,,17999.0,1840008686
2052,farmington,Farmington,40.9845,-111.9065,United States,US,USA,utah,,24934.0,1840020142
568,farmington hills,Farmington Hills,42.486,-83.3771,United States,US,USA,michigan,,83316.0,1840002442
3064,farmingville,Farmingville,40.839,-73.0404,United States,US,USA,new york,,16605.0,1840005009
2111,farragut,Farragut,35.8731,-84.1821,United States,US,USA,tennessee,,24309.0,1840016171
2472,fate,Fate,32.943,-96.3858,United States,US,USA,texas,,20757.0,1840020715
131,fayetteville,Fayetteville,35.085,-78.9772,United States,US,USA,north carolina,,326821.0,1840013490
111,fayetteville,Fayetteville,36.0714,-94.1661,United States,US,USA,arkansas,,405556.0,1840013368
2620,fayetteville,Fayetteville,33.4501,-84.471,United States,US,USA,georgia,,19364.0,1840013755
3529,federal heights,Federal Heights,39.8651,-105.0154,United States,US,USA,colorado,,14160.0,1840028425
476,federal way,Federal Way,47.3091,-122.3358,United States,US,USA,washington,,99232.0,1840019826
4458,felida,Felida,45.7138,-122.7103,United States,US,USA,washington,,10695.0,1840037495
4070,fenton,Fenton,42.7994,-83.7144,United States,US,USA,michigan,,11950.0,1840002948
3536,fergus falls,Fergus Falls,46.2854,-96.0758,United States,US,USA,minnesota,,14138.0,1840007747
2774,ferguson,Ferguson,38.749,-90.295,United States,US,USA,missouri,,18350.0,1840008584
2688,ferguson,Ferguson,40.7432,-77.9403,United States,US,USA,pennsylvania,,18977.0,1840149387
5295,fern park,Fern Park,28.6485,-81.3458,United States,US,USA,florida,,8593.0,1840014068
3751,fernandina beach,Fernandina Beach,30.6571,-81.4511,United States,US,USA,florida,,13239.0,1840013929
2656,ferndale,Ferndale,42.4592,-83.1313,United States,US,USA,michigan,,19156.0,1840002443
3277,ferndale,Ferndale,48.8526,-122.5894,United States,US,USA,washington,,15447.0,1840019751
2987,ferndale,Ferndale,39.1869,-76.6331,United States,US,USA,maryland,,17076.0,1840005906
2180,fernley,Fernley,39.5627,-119.1906,United States,US,USA,nevada,,23631.0,1840020214
1650,ferry pass,Ferry Pass,30.5205,-87.1899,United States,US,USA,florida,,30467.0,1840013909
3806,festus,Festus,38.2194,-90.4097,United States,US,USA,missouri,,12965.0,1840008652
4379,fife,Fife,47.2329,-122.3518,United States,US,USA,washington,,10902.0,1840019853
3052,fillmore,Fillmore,34.3989,-118.9174,United States,US,USA,california,,16665.0,1840020471
1220,findlay,Findlay,41.0469,-83.6379,United States,US,USA,ohio,,40280.0,1840000886
4032,finneytown,Finneytown,39.2159,-84.5144,United States,US,USA,ohio,,12079.0,1840034109
2939,firestone,Firestone,40.1565,-104.9494,United States,US,USA,colorado,,17353.0,1840021363
1956,fish hawk,Fish Hawk,27.8511,-82.2164,United States,US,USA,florida,,25945.0,1840028982
468,fishers,Fishers,39.9588,-85.9659,United States,US,USA,indiana,,100918.0,1840010496
4873,fishersville,Fishersville,38.105,-78.9826,United States,US,USA,virginia,,9546.0,1840006240
2239,fishkill,Fishkill,41.5129,-73.9271,United States,US,USA,new york,,22986.0,1840004748
1594,fitchburg,Fitchburg,42.9859,-89.4255,United States,US,USA,wisconsin,,31566.0,1840002905
1180,fitchburg,Fitchburg,42.5912,-71.8156,United States,US,USA,massachusetts,,41633.0,1840000435
5108,fitzgerald,Fitzgerald,31.7134,-83.2514,United States,US,USA,georgia,,8962.0,1840013855
2393,five corners,Five Corners,45.6883,-122.5738,United States,US,USA,washington,,21444.0,1840037869
2667,five forks,Five Forks,34.8069,-82.2271,United States,US,USA,south carolina,,19093.0,1840013491
624,flagstaff,Flagstaff,35.1872,-111.6194,United States,US,USA,arizona,,77868.0,1840020335
5112,flanders,Flanders,40.8412,-74.7102,United States,US,USA,new jersey,,8949.0,1840033277
4570,flat rock,Flat Rock,42.0991,-83.2716,United States,US,USA,michigan,,10418.0,1840003973
1713,fleming island,Fleming Island,30.0988,-81.7124,United States,US,USA,florida,,29351.0,1840038864
152,flint,Flint,43.0236,-83.6921,United States,US,USA,michigan,,291688.0,1840002949
3175,floral park,Floral Park,40.7227,-73.7029,United States,US,USA,new york,,16025.0,1840005286
1541,florence,Florence,38.9899,-84.6471,United States,US,USA,kentucky,,32334.0,1840013161
4900,florence,Florence,43.9916,-124.1063,United States,US,USA,oregon,,9483.0,1840020008
3848,florence,Florence,40.0977,-74.7886,United States,US,USA,new jersey,,12798.0,1840081638
596,florence,Florence,34.8303,-87.6655,United States,US,USA,alabama,,80720.0,1840002083
1952,florence,Florence,33.059,-111.4209,United States,US,USA,arizona,,25961.0,1840021999
516,florence,Florence,34.178,-79.7898,United States,US,USA,south carolina,,92315.0,1840013643
819,florence-graham,Florence-Graham,33.9682,-118.2447,United States,US,USA,california,,61723.0,1840037057
3772,florham park,Florham Park,40.7773,-74.3953,United States,US,USA,new jersey,,13134.0,1840003582
3850,florida city,Florida City,25.4418,-80.4685,United States,US,USA,florida,,12791.0,1840014250
2385,florida ridge,Florida Ridge,27.5805,-80.3848,United States,US,USA,florida,,21517.0,1840029035
999,florin,Florin,38.4832,-121.4043,United States,US,USA,california,,49536.0,1840017581
955,florissant,Florissant,38.7996,-90.3269,United States,US,USA,missouri,,51915.0,1840008586
4837,flossmoor,Flossmoor,41.5391,-87.6858,United States,US,USA,illinois,,9666.0,1840011274
3622,flower hill,Flower Hill,39.1676,-77.1824,United States,US,USA,maryland,,13743.0,1840148534
623,flower mound,Flower Mound,33.0343,-97.1146,United States,US,USA,texas,,77886.0,1840022010
4621,flowery branch,Flowery Branch,34.1712,-83.9142,United States,US,USA,georgia,,10286.0,1840013611
3000,flowing wells,Flowing Wells,32.2937,-111.011,United States,US,USA,arizona,,16989.0,1840027988
4588,flowood,Flowood,32.3359,-90.0802,United States,US,USA,mississippi,,10384.0,1840013824
2297,foley,Foley,30.3983,-87.665,United States,US,USA,alabama,,22330.0,1840002084
581,folsom,Folsom,38.6668,-121.1422,United States,US,USA,california,,82140.0,1840020246
1111,fond du lac,Fond du Lac,43.7718,-88.4397,United States,US,USA,wisconsin,,44491.0,1840002603
213,fontana,Fontana,34.0968,-117.4599,United States,US,USA,california,,211921.0,1840020402
1321,foothill farms,Foothill Farms,38.6867,-121.3475,United States,US,USA,california,,37332.0,1840017582
3790,fords,Fords,40.5359,-74.3126,United States,US,USA,new jersey,,13052.0,1840005409
3945,forest,Forest,37.3728,-79.2831,United States,US,USA,virginia,,12476.0,1840006398
4533,forest acres,Forest Acres,34.0323,-80.9716,United States,US,USA,south carolina,,10491.0,1840013653
3386,forest city,Forest City,28.6619,-81.4444,United States,US,USA,florida,,14871.0,1840028825
1915,forest grove,Forest Grove,45.5243,-123.1097,United States,US,USA,oregon,,26406.0,1840019930
3578,forest hill,Forest Hill,32.6619,-97.2662,United States,US,USA,texas,,13923.0,1840020695
1759,forest hills,Forest Hills,42.9577,-85.4895,United States,US,USA,michigan,,28494.0,1840004304
2483,forest lake,Forest Lake,45.2536,-92.9582,United States,US,USA,minnesota,,20678.0,1840007808
2544,forest park,Forest Park,39.2861,-84.5258,United States,US,USA,ohio,,19994.0,1840003818
3563,forest park,Forest Park,41.8683,-87.8157,United States,US,USA,illinois,,14000.0,1840011276
2593,forest park,Forest Park,33.6209,-84.359,United States,US,USA,georgia,,19619.0,1840013750
5028,forestdale,Forestdale,33.5737,-86.9,United States,US,USA,alabama,,9149.0,1840013723
4275,forestville,Forestville,39.0711,-84.3389,United States,US,USA,ohio,,11213.0,1840034110
4408,forestville,Forestville,38.8518,-76.8708,United States,US,USA,maryland,,10839.0,1840005942
3132,forks,Forks,40.7358,-75.2211,United States,US,USA,pennsylvania,,16247.0,1840149342
1776,forney,Forney,32.744,-96.4529,United States,US,USA,texas,,28222.0,1840020734
3844,forrest city,Forrest City,35.0135,-90.7931,United States,US,USA,arkansas,,12826.0,1840013522
3938,fort atkinson,Fort Atkinson,42.9253,-88.8442,United States,US,USA,wisconsin,,12490.0,1840003004
4057,fort bliss,Fort Bliss,31.8396,-106.3747,United States,US,USA,texas,,12009.0,1840073931
4198,fort campbell north,Fort Campbell North,36.6631,-87.4764,United States,US,USA,kentucky,,11483.0,1840073832
2758,fort carson,Fort Carson,38.7095,-104.772,United States,US,USA,colorado,,18447.0,1840028557
127,fort collins,Fort Collins,40.5477,-105.0656,United States,US,USA,colorado,,339256.0,1840020151
2062,fort dodge,Fort Dodge,42.5098,-94.1751,United States,US,USA,iowa,,24788.0,1840000439
3152,fort drum,Fort Drum,44.045,-75.7845,United States,US,USA,new york,,16124.0,1840073579
1968,fort hood,Fort Hood,31.1357,-97.7834,United States,US,USA,texas,,25786.0,1840073932
3078,fort hunt,Fort Hunt,38.7361,-77.0589,United States,US,USA,virginia,,16519.0,1840006010
5198,fort irwin,Fort Irwin,35.2477,-116.6834,United States,US,USA,california,,8791.0,1840025802
5233,fort knox,Fort Knox,37.8915,-85.9636,United States,US,USA,kentucky,,8715.0,1840073833
251,fort lauderdale,Fort Lauderdale,26.1412,-80.1464,United States,US,USA,florida,,183032.0,1840014236
1237,fort lee,Fort Lee,40.8509,-73.9713,United States,US,USA,new jersey,,39818.0,1840003552
3301,fort leonard wood,Fort Leonard Wood,37.7562,-92.1274,United States,US,USA,missouri,,15317.0,1840073756
3567,fort lewis,Fort Lewis,47.0955,-122.5674,United States,US,USA,washington,,13983.0,1840073933
4646,fort madison,Fort Madison,40.6207,-91.3509,United States,US,USA,iowa,,10221.0,1840008321
4542,fort meade,Fort Meade,39.1061,-76.7437,United States,US,USA,maryland,,10477.0,1840073581
1771,fort mill,Fort Mill,35.0061,-80.9389,United States,US,USA,south carolina,,28281.0,1840016479
5257,fort mitchell,Fort Mitchell,39.046,-84.5562,United States,US,USA,kentucky,,8676.0,1840013170
3235,fort mohave,Fort Mohave,35.0004,-114.5748,United States,US,USA,arizona,,15716.0,1840042961
4185,fort morgan,Fort Morgan,40.2537,-103.7903,United States,US,USA,colorado,,11521.0,1840020175
521,fort myers,Fort Myers,26.6194,-81.8302,United States,US,USA,florida,,91730.0,1840014226
4607,fort oglethorpe,Fort Oglethorpe,34.9318,-85.246,United States,US,USA,georgia,,10332.0,1840013554
3382,fort payne,Fort Payne,34.4559,-85.6965,United States,US,USA,alabama,,14886.0,1840004822
1032,fort pierce,Fort Pierce,27.4255,-80.3431,United States,US,USA,florida,,48094.0,1840014178
5294,fort riley,Fort Riley,39.1064,-96.8117,United States,US,USA,kansas,,8595.0,1840073757
4658,fort salonga,Fort Salonga,40.9068,-73.2996,United States,US,USA,new york,,10203.0,1840005013
355,fort smith,Fort Smith,35.3495,-94.3695,United States,US,USA,arkansas,,128384.0,1840013456
4738,fort stewart,Fort Stewart,31.8811,-81.6131,United States,US,USA,georgia,,9976.0,1840073839
2953,fort thomas,Fort Thomas,39.0801,-84.4518,United States,US,USA,kentucky,,17242.0,1840013163
5182,fort valley,Fort Valley,32.552,-83.8817,United States,US,USA,georgia,,8808.0,1840013819
2448,fort walton beach,Fort Walton Beach,30.4255,-86.6222,United States,US,USA,florida,,20956.0,1840013923
1962,fort washington,Fort Washington,38.7339,-77.0069,United States,US,USA,maryland,,25843.0,1840005953
124,fort wayne,Fort Wayne,41.0888,-85.1436,United States,US,USA,indiana,,345279.0,1840008261
52,fort worth,Fort Worth,32.7817,-97.3474,United States,US,USA,texas,,941311.0,1840020696
3954,fortuna,Fortuna,40.5862,-124.1419,United States,US,USA,california,,12413.0,1840009553
1775,fortuna foothills,Fortuna Foothills,32.6616,-114.3974,United States,US,USA,arizona,,28227.0,1840027989
1512,foster city,Foster City,37.5553,-122.2659,United States,US,USA,california,,32964.0,1840020302
3873,fostoria,Fostoria,41.16,-83.4121,United States,US,USA,ohio,,12671.0,1840000820
1716,fountain,Fountain,38.6886,-104.6829,United States,US,USA,colorado,,29327.0,1840020236
2167,fountain hills,Fountain Hills,33.6073,-111.7398,United States,US,USA,arizona,,23768.0,1840021945
4254,fountain inn,Fountain Inn,34.6989,-82.2005,United States,US,USA,south carolina,,11307.0,1840013500
891,fountain valley,Fountain Valley,33.7105,-117.9514,United States,US,USA,california,,56358.0,1840020575
890,fountainebleau,Fountainebleau,25.7723,-80.346,United States,US,USA,florida,,56453.0,1840028983
4190,four corners,Four Corners,29.6705,-95.6596,United States,US,USA,texas,,11490.0,1840018265
3146,four corners,Four Corners,44.929,-122.9732,United States,US,USA,oregon,,16168.0,1840034722
2361,four square mile,Four Square Mile,39.6808,-104.888,United States,US,USA,colorado,,21788.0,1840153139
2692,fox crossing,Fox Crossing,44.2228,-88.4763,United States,US,USA,wisconsin,,18960.0,1840038105
4394,fox lake,Fox Lake,42.4239,-88.1844,United States,US,USA,illinois,,10872.0,1840011168
2744,foxborough,Foxborough,42.0627,-71.2461,United States,US,USA,massachusetts,,18516.0,1840053549
686,framingham,Framingham,42.3085,-71.4368,United States,US,USA,massachusetts,,72013.0,1840003131
4614,francisville,Francisville,39.1068,-84.7277,United States,US,USA,kentucky,,10313.0,1840026679
2813,franconia,Franconia,38.7682,-77.1587,United States,US,USA,virginia,,18141.0,1840006027
3715,franconia,Franconia,40.3055,-75.359,United States,US,USA,pennsylvania,,13355.0,1840102936
3260,frankfort,Frankfort,40.281,-86.5212,United States,US,USA,indiana,,15536.0,1840008358
2512,frankfort,Frankfort,41.4892,-87.8363,United States,US,USA,illinois,,20417.0,1840011486
1762,frankfort,Frankfort,38.1924,-84.8643,United States,US,USA,kentucky,admin,28452.0,1840013210
4803,frankfort square,Frankfort Square,41.5219,-87.8031,United States,US,USA,illinois,,9777.0,1840029897
4143,franklin,Franklin,39.5538,-84.2952,United States,US,USA,ohio,,11670.0,1840008466
4637,franklin,Franklin,36.7177,-86.5595,United States,US,USA,kentucky,,10254.0,1840013290
733,franklin,Franklin,40.4759,-74.5515,United States,US,USA,new jersey,,68367.0,1840143542
1948,franklin,Franklin,39.4948,-86.0544,United States,US,USA,indiana,,25999.0,1840008460
1384,franklin,Franklin,42.8854,-88.0104,United States,US,USA,wisconsin,,35751.0,1840003043
555,franklin,Franklin,35.92,-86.8516,United States,US,USA,tennessee,,85575.0,1840013380
5213,franklin,Franklin,43.4499,-71.6691,United States,US,USA,new hampshire,,8757.0,1840002748
1505,franklin,Franklin,42.0862,-71.4113,United States,US,USA,massachusetts,,33067.0,1840031178
3101,franklin,Franklin,39.5954,-75.019,United States,US,USA,new jersey,,16417.0,1840150769
2745,franklin farm,Franklin Farm,38.9133,-77.3969,United States,US,USA,virginia,,18509.0,1840041752
4350,franklin lakes,Franklin Lakes,41.0086,-74.2083,United States,US,USA,new jersey,,11011.0,1840003553
3728,franklin park,Franklin Park,40.4439,-74.5431,United States,US,USA,new jersey,,13327.0,1840039889
2796,franklin park,Franklin Park,41.9361,-87.8794,United States,US,USA,illinois,,18233.0,1840011278
3305,franklin park,Franklin Park,40.5903,-80.0999,United States,US,USA,pennsylvania,,15273.0,1840001198
1645,franklin square,Franklin Square,40.7002,-73.6775,United States,US,USA,new york,,30559.0,1840005256
3431,fraser,Fraser,42.5388,-82.9496,United States,US,USA,michigan,,14604.0,1840002421
237,frederick,Frederick,39.4337,-77.4141,United States,US,USA,maryland,,196743.0,1840005710
3204,frederick,Frederick,40.1088,-104.9701,United States,US,USA,colorado,,15893.0,1840021364
4266,fredericksburg,Fredericksburg,30.266,-98.8751,United States,US,USA,texas,,11254.0,1840020898
270,fredericksburg,Fredericksburg,38.2992,-77.4872,United States,US,USA,virginia,,166746.0,1840003845
2119,frederickson,Frederickson,47.0916,-122.3603,United States,US,USA,washington,,24219.0,1840037551
4855,fredonia,Fredonia,42.4407,-79.3319,United States,US,USA,new york,,9601.0,1840004566
1397,freehold,Freehold,40.2233,-74.2986,United States,US,USA,new jersey,,35517.0,1840003687
4476,freeport,Freeport,28.9453,-95.3601,United States,US,USA,texas,,10639.0,1840020974
2179,freeport,Freeport,42.2891,-89.6346,United States,US,USA,illinois,,23636.0,1840008083
1121,freeport,Freeport,40.6515,-73.585,United States,US,USA,new york,,44102.0,1840005288
5224,freeport,Freeport,43.8556,-70.1009,United States,US,USA,maine,,8736.0,1840052826
4991,freetown,Freetown,41.7714,-71.0157,United States,US,USA,massachusetts,,9222.0,1840070385
3214,fremont,Fremont,41.3535,-83.1147,United States,US,USA,ohio,,15851.0,1840000653
197,fremont,Fremont,37.5265,-121.9843,United States,US,USA,california,,228518.0,1840020292
1843,fremont,Fremont,41.4395,-96.4873,United States,US,USA,nebraska,,27321.0,1840003346
1159,french valley,French Valley,33.5999,-117.1069,United States,US,USA,california,,42550.0,1840075867
2133,fresno,Fresno,29.5357,-95.4696,United States,US,USA,texas,,24087.0,1840018266
64,fresno,Fresno,36.783,-119.7939,United States,US,USA,california,,724547.0,1840020319
1674,fridley,Fridley,45.0841,-93.2595,United States,US,USA,minnesota,,29944.0,1840007798
4142,friendly,Friendly,38.7601,-76.9642,United States,US,USA,maryland,,11673.0,1840005954
1202,friendswood,Friendswood,29.511,-95.1981,United States,US,USA,texas,,40827.0,1840020969
216,frisco,Frisco,33.156,-96.8216,United States,US,USA,texas,,210238.0,1840020654
3325,front royal,Front Royal,38.926,-78.1838,United States,US,USA,virginia,,15152.0,1840006045
1393,fruit cove,Fruit Cove,30.0972,-81.6175,United States,US,USA,florida,,35609.0,1840013970
3661,fruita,Fruita,39.1548,-108.7305,United States,US,USA,colorado,,13578.0,1840020229
3217,fruitville,Fruitville,27.3328,-82.4616,United States,US,USA,florida,,15828.0,1840014179
4456,fuller heights,Fuller Heights,27.9227,-81.9978,United States,US,USA,florida,,10697.0,1840025156
326,fullerton,Fullerton,33.8841,-117.9279,United States,US,USA,california,,141278.0,1840020576
3040,fullerton,Fullerton,40.6309,-75.4834,United States,US,USA,pennsylvania,,16729.0,1840034977
1865,fulshear,Fulshear,29.693,-95.8804,United States,US,USA,texas,,26986.0,1840020946
4244,fulton,Fulton,43.3171,-76.4167,United States,US,USA,new york,,11339.0,1840000347
3897,fulton,Fulton,38.8551,-91.951,United States,US,USA,missouri,,12611.0,1840008560
4811,fultondale,Fultondale,33.6174,-86.8014,United States,US,USA,alabama,,9753.0,1840002481
1309,fuquay-varina,Fuquay-Varina,35.5953,-78.7778,United States,US,USA,north carolina,,37749.0,1840016197
1486,gadsden,Gadsden,34.0086,-86.0157,United States,US,USA,alabama,,33617.0,1840006332
3896,gaffney,Gaffney,35.0743,-81.6552,United States,US,USA,south carolina,,12612.0,1840013515
4454,gages lake,Gages Lake,42.3519,-87.9828,United States,US,USA,illinois,,10706.0,1840004638
1406,gahanna,Gahanna,40.0251,-82.8637,United States,US,USA,ohio,,35438.0,1840008390
205,gainesville,Gainesville,29.6804,-82.3459,United States,US,USA,florida,,219946.0,1840014022
252,gainesville,Gainesville,34.2902,-83.8294,United States,US,USA,georgia,,182116.0,1840013612
2835,gainesville,Gainesville,38.7931,-77.6347,United States,US,USA,virginia,,18036.0,1840006098
2881,gainesville,Gainesville,33.639,-97.1487,United States,US,USA,texas,,17688.0,1840020573
721,gaithersburg,Gaithersburg,39.1346,-77.2131,United States,US,USA,maryland,,69225.0,1840005848
4522,galena park,Galena Park,29.7452,-95.2333,United States,US,USA,texas,,10527.0,1840020922
1693,galesburg,Galesburg,40.9506,-90.3763,United States,US,USA,illinois,,29653.0,1840008277
4599,galion,Galion,40.7385,-82.7792,United States,US,USA,ohio,,10358.0,1840002752
1062,gallatin,Gallatin,36.3782,-86.4698,United States,US,USA,tennessee,,46667.0,1840013295
1304,galloway,Galloway,39.4914,-74.4803,United States,US,USA,new jersey,,37780.0,1840081583
2407,gallup,Gallup,35.5182,-108.7431,United States,US,USA,new mexico,,21333.0,1840020395
1981,galt,Galt,38.2698,-121.3004,United States,US,USA,california,,25665.0,1840020247
226,galveston,Galveston,29.2484,-94.8913,United States,US,USA,texas,,202810.0,1840020970
3342,gantt,Gantt,34.7837,-82.4027,United States,US,USA,south carolina,,15057.0,1840013492
4571,garden acres,Garden Acres,37.9637,-121.2296,United States,US,USA,california,,10417.0,1840028376
2251,garden city,Garden City,40.7266,-73.6447,United States,US,USA,new york,,22866.0,1840005289
4415,garden city,Garden City,33.5926,-79.0071,United States,US,USA,south carolina,,10820.0,1840013645
4595,garden city,Garden City,32.0867,-81.1773,United States,US,USA,georgia,,10375.0,1840013839
3943,garden city,Garden City,43.6526,-116.2743,United States,US,USA,idaho,,12483.0,1840020045
1873,garden city,Garden City,42.3244,-83.3412,United States,US,USA,michigan,,26910.0,1840003974
1806,garden city,Garden City,37.9753,-100.8527,United States,US,USA,kansas,,27781.0,1840001669
266,garden grove,Garden Grove,33.7787,-117.9601,United States,US,USA,california,,170603.0,1840020577
844,gardena,Gardena,33.8943,-118.3072,United States,US,USA,california,,59765.0,1840020482
3157,gardendale,Gardendale,33.6677,-86.8069,United States,US,USA,alabama,,16110.0,1840002820
4020,gardere,Gardere,30.3582,-91.1346,United States,US,USA,louisiana,,12130.0,1840013938
2436,gardner,Gardner,42.5845,-71.9868,United States,US,USA,massachusetts,,21075.0,1840000436
2139,gardner,Gardner,38.8122,-94.9275,United States,US,USA,kansas,,24020.0,1840001636
4013,gardnerville ranchos,Gardnerville Ranchos,38.8957,-119.7492,United States,US,USA,nevada,,12185.0,1840033828
1536,garfield,Garfield,40.8791,-74.1085,United States,US,USA,new jersey,,32502.0,1840003554
1711,garfield heights,Garfield Heights,41.4199,-81.6038,United States,US,USA,ohio,,29369.0,1840000602
186,garland,Garland,32.91,-96.6304,United States,US,USA,texas,,245298.0,1840020707
1535,garner,Garner,35.6936,-78.6181,United States,US,USA,north carolina,,32543.0,1840016198
4554,garrison,Garrison,39.4023,-76.7514,United States,US,USA,maryland,,10449.0,1840005691
729,gary,Gary,41.5905,-87.3473,United States,US,USA,indiana,,68604.0,1840008194
244,gastonia,Gastonia,35.2494,-81.1854,United States,US,USA,north carolina,,189767.0,1840013468
1728,gates,Gates,43.1514,-77.713,United States,US,USA,new york,,29138.0,1840058119
3168,gatesville,Gatesville,31.4445,-97.7317,United States,US,USA,texas,,16058.0,1840020825
4854,gateway,Gateway,26.5793,-81.7446,United States,US,USA,florida,,9603.0,1840014213
2678,gautier,Gautier,30.4106,-88.6568,United States,US,USA,mississippi,,19026.0,1840013937
3014,geddes,Geddes,43.0762,-76.2252,United States,US,USA,new york,,16884.0,1840087460
4605,geneseo,Geneseo,42.8038,-77.7783,United States,US,USA,new york,,10334.0,1840004422
2414,geneva,Geneva,41.8833,-88.3242,United States,US,USA,illinois,,21299.0,1840008135
3912,geneva,Geneva,42.8645,-76.9826,United States,US,USA,new york,,12573.0,1840000393
4746,george mason,George Mason,38.8356,-77.3186,United States,US,USA,virginia,,9954.0,1840041768
1289,georgetown,Georgetown,38.2247,-84.5487,United States,US,USA,kentucky,,38206.0,1840013197
5334,georgetown,Georgetown,33.3594,-79.2958,United States,US,USA,south carolina,,8511.0,1840013743
616,georgetown,Georgetown,30.666,-97.6966,United States,US,USA,texas,,78803.0,1840020875
4165,georgetown,Georgetown,31.9849,-81.226,United States,US,USA,georgia,,11606.0,1840134450
5306,gering,Gering,41.8275,-103.6622,United States,US,USA,nebraska,,8567.0,1840008139
4012,german flatts,German Flatts,42.9868,-74.9804,United States,US,USA,new york,,12186.0,1840087468
529,germantown,Germantown,39.1755,-77.2643,United States,US,USA,maryland,,90521.0,1840005840
1203,germantown,Germantown,35.0829,-89.7824,United States,US,USA,tennessee,,40812.0,1840013473
2453,germantown,Germantown,43.2343,-88.1217,United States,US,USA,wisconsin,,20940.0,1840002830
2708,gibsonton,Gibsonton,27.826,-82.3761,United States,US,USA,florida,,18831.0,1840014148
4961,gibsonville,Gibsonville,36.0993,-79.5415,United States,US,USA,north carolina,,9289.0,1840016137
4009,gig harbor,Gig Harbor,47.3352,-122.5964,United States,US,USA,washington,,12202.0,1840019855
169,gilbert,Gilbert,33.31,-111.7463,United States,US,USA,arizona,,271118.0,1840021947
1498,gillette,Gillette,44.2752,-105.4982,United States,US,USA,wyoming,,33278.0,1840019978
398,gilroy,Gilroy,37.0046,-121.5854,United States,US,USA,california,,115448.0,1840020327
4885,girard,Girard,41.1665,-80.6963,United States,US,USA,ohio,,9521.0,1840008239
3423,gladeview,Gladeview,25.8395,-80.2368,United States,US,USA,florida,,14657.0,1840029038
4062,gladstone,Gladstone,45.3864,-122.5934,United States,US,USA,oregon,,11986.0,1840019949
1857,gladstone,Gladstone,39.2134,-94.5592,United States,US,USA,missouri,,27069.0,1840008496
3163,glasgow,Glasgow,39.6015,-75.7473,United States,US,USA,delaware,,16095.0,1840005571
3327,glasgow,Glasgow,37.0048,-85.9263,United States,US,USA,kentucky,,15141.0,1840013268
2203,glassboro,Glassboro,39.7014,-75.1113,United States,US,USA,new jersey,,23375.0,1840003789
2882,glassmanor,Glassmanor,38.8181,-76.9833,United States,US,USA,maryland,,17687.0,1840024545
3059,glen allen,Glen Allen,37.666,-77.4838,United States,US,USA,virginia,,16630.0,1840006390
680,glen burnie,Glen Burnie,39.156,-76.6071,United States,US,USA,maryland,,72772.0,1840005917
3671,glen carbon,Glen Carbon,38.758,-89.9822,United States,US,USA,illinois,,13521.0,1840012795
1787,glen cove,Glen Cove,40.8709,-73.6287,United States,US,USA,new york,,28101.0,1840000987
1773,glen ellyn,Glen Ellyn,41.8666,-88.0629,United States,US,USA,illinois,,28270.0,1840011405
4030,glen rock,Glen Rock,40.9601,-74.125,United States,US,USA,new jersey,,12082.0,1840003555
5232,glencoe,Glencoe,42.1347,-87.7641,United States,US,USA,illinois,,8715.0,1840011279
243,glendale,Glendale,34.1819,-118.2468,United States,US,USA,california,,192270.0,1840020483
3773,glendale,Glendale,43.1287,-87.9277,United States,US,USA,wisconsin,,13134.0,1840003037
183,glendale,Glendale,33.5791,-112.2311,United States,US,USA,arizona,,250193.0,1840020563
1519,glendale heights,Glendale Heights,41.9196,-88.0785,United States,US,USA,illinois,,32864.0,1840011406
964,glendora,Glendora,34.1449,-117.8467,United States,US,USA,california,,51350.0,1840020484
3075,glenmont,Glenmont,39.0698,-77.0467,United States,US,USA,maryland,,16529.0,1840024490
3380,glenn dale,Glenn Dale,38.9833,-76.804,United States,US,USA,maryland,,14896.0,1840005955
2963,glenn heights,Glenn Heights,32.5506,-96.8548,United States,US,USA,texas,,17175.0,1840020708
3583,glenpool,Glenpool,35.9488,-96.0052,United States,US,USA,oklahoma,,13885.0,1840020384
710,glens falls,Glens Falls,43.3109,-73.6458,United States,US,USA,new york,,70005.0,1840000345
5030,glens falls north,Glens Falls North,43.335,-73.6832,United States,US,USA,new york,,9148.0,1840073682
5007,glenshaw,Glenshaw,40.5391,-79.9735,United States,US,USA,pennsylvania,,9194.0,1840026474
2750,glenvar heights,Glenvar Heights,25.709,-80.3155,United States,US,USA,florida,,18488.0,1840014238
1041,glenview,Glenview,42.0825,-87.8214,United States,US,USA,illinois,,47682.0,1840011280
1719,glenville,Glenville,42.8869,-73.9925,United States,US,USA,new york,,29284.0,1840058129
5283,glenwood,Glenwood,41.541,-87.6118,United States,US,USA,illinois,,8620.0,1840011281
4668,glenwood springs,Glenwood Springs,39.5455,-107.3347,United States,US,USA,colorado,,10171.0,1840020184
4707,glocester,Glocester,41.8934,-71.6889,United States,US,USA,rhode island,,10067.0,1840106230
768,gloucester,Gloucester,39.7924,-75.0363,United States,US,USA,new jersey,,65961.0,1840081684
1682,gloucester,Gloucester,42.626,-70.6897,United States,US,USA,massachusetts,,29862.0,1840000412
4204,gloucester city,Gloucester City,39.8924,-75.1172,United States,US,USA,new jersey,,11465.0,1840003777
4291,gloucester point,Gloucester Point,37.2767,-76.5043,United States,US,USA,virginia,,11159.0,1840006399
3355,gloversville,Gloversville,43.0491,-74.3465,United States,US,USA,new york,,15010.0,1840000375
2873,godfrey,Godfrey,38.9577,-90.2156,United States,US,USA,illinois,,17743.0,1840012796
2743,goffstown,Goffstown,43.019,-71.568,United States,US,USA,new hampshire,,18526.0,1840054900
3940,gold canyon,Gold Canyon,33.3639,-111.423,United States,US,USA,arizona,,12488.0,1840018032
2506,golden,Golden,39.7406,-105.2118,United States,US,USA,colorado,,20467.0,1840020197
1746,golden gate,Golden Gate,26.1844,-81.7031,United States,US,USA,florida,,28767.0,1840014228
1421,golden glades,Golden Glades,25.9129,-80.2013,United States,US,USA,florida,,35042.0,1840029039
4557,golden hills,Golden Hills,35.1409,-118.4968,United States,US,USA,california,,10445.0,1840017819
2340,golden valley,Golden Valley,44.9901,-93.3591,United States,US,USA,minnesota,,21927.0,1840007824
3902,goldenrod,Goldenrod,28.6114,-81.2916,United States,US,USA,florida,,12603.0,1840014080
1493,goldsboro,Goldsboro,35.3778,-77.9717,United States,US,USA,north carolina,,33448.0,1840013432
1532,goleta,Goleta,34.4361,-119.8594,United States,US,USA,california,,32693.0,1840001783
3856,gonzales,Gonzales,30.2132,-90.9234,United States,US,USA,louisiana,,12748.0,1840013965
5329,gonzales,Gonzales,36.5055,-121.4427,United States,US,USA,california,,8526.0,1840020355
3594,gonzalez,Gonzalez,30.5822,-87.2906,United States,US,USA,florida,,13861.0,1840013910
2891,goodlettsville,Goodlettsville,36.333,-86.7026,United States,US,USA,tennessee,,17598.0,1840013345
456,goodyear,Goodyear,33.2614,-112.3622,United States,US,USA,arizona,,102891.0,1840020564
1054,goose creek,Goose Creek,32.9927,-80.0055,United States,US,USA,south carolina,,46964.0,1840013761
2804,gorham,Gorham,43.7034,-70.4581,United States,US,USA,maine,,18192.0,1840052834
1448,goshen,Goshen,41.5743,-85.8309,United States,US,USA,indiana,,34374.0,1840013733
3459,goshen,Goshen,41.3817,-74.3498,United States,US,USA,new york,,14463.0,1840004868
4052,goulds,Goulds,25.5614,-80.388,United States,US,USA,florida,,12019.0,1840014239
3991,grafton,Grafton,43.3204,-87.948,United States,US,USA,wisconsin,,12274.0,1840002823
2575,grafton,Grafton,42.2085,-71.6838,United States,US,USA,massachusetts,,19771.0,1840053690
5212,graham,Graham,33.1017,-98.5779,United States,US,USA,texas,,8758.0,1840020668
2902,graham,Graham,36.0589,-79.3894,United States,US,USA,north carolina,,17537.0,1840013361
1420,graham,Graham,47.0322,-122.2827,United States,US,USA,washington,,35090.0,1840017365
3191,grain valley,Grain Valley,39.0171,-94.2084,United States,US,USA,missouri,,15967.0,1840008531
4145,granbury,Granbury,32.4475,-97.7702,United States,US,USA,texas,,11665.0,1840020749
726,grand forks,Grand Forks,47.9214,-97.0884,United States,US,USA,north dakota,,68853.0,1840000101
4368,grand haven,Grand Haven,43.0553,-86.2201,United States,US,USA,michigan,,10966.0,1840002995
2394,grand island,Grand Island,43.0198,-78.9619,United States,US,USA,new york,,21441.0,1840087480
947,grand island,Grand Island,40.9218,-98.3586,United States,US,USA,nebraska,,52761.0,1840000956
327,grand junction,Grand Junction,39.0877,-108.5673,United States,US,USA,colorado,,141008.0,1840020230
233,grand prairie,Grand Prairie,32.6871,-97.0208,United States,US,USA,texas,,198564.0,1840020709
75,grand rapids,Grand Rapids,42.9619,-85.6562,United States,US,USA,michigan,,611480.0,1840002928
4284,grand rapids,Grand Rapids,47.238,-93.5327,United States,US,USA,minnesota,,11186.0,1840007714
3785,grand terrace,Grand Terrace,34.0312,-117.3132,United States,US,USA,california,,13069.0,1840020403
4332,grandview,Grandview,46.2443,-119.9092,United States,US,USA,washington,,11042.0,1840019871
1964,grandview,Grandview,38.8802,-94.5227,United States,US,USA,missouri,,25821.0,1840008532
3149,grandville,Grandville,42.9004,-85.7564,United States,US,USA,michigan,,16135.0,1840002929
1663,granger,Granger,41.7374,-86.1348,United States,US,USA,indiana,,30279.0,1840030079
2401,granite bay,Granite Bay,38.7601,-121.1714,United States,US,USA,california,,21378.0,1840017559
1898,granite city,Granite City,38.7296,-90.1268,United States,US,USA,illinois,,26670.0,1840008565
5051,grants,Grants,35.1538,-107.8335,United States,US,USA,new mexico,,9106.0,1840020452
1255,grants pass,Grants Pass,42.4333,-123.3317,United States,US,USA,oregon,,39183.0,1840020087
3649,grantsville,Grantsville,40.6148,-112.4777,United States,US,USA,utah,,13637.0,1840020146
980,grapevine,Grapevine,32.9343,-97.0742,United States,US,USA,texas,,50875.0,1840020697
3539,grass valley,Grass Valley,39.2238,-121.0522,United States,US,USA,california,,14126.0,1840020225
2476,grayslake,Grayslake,42.3405,-88.0338,United States,US,USA,illinois,,20707.0,1840011150
3433,great bend,Great Bend,38.3593,-98.8015,United States,US,USA,kansas,,14596.0,1840001656
766,great falls,Great Falls,47.5022,-111.2996,United States,US,USA,montana,,66175.0,1840019839
3390,great falls,Great Falls,39.011,-77.3013,United States,US,USA,virginia,,14854.0,1840006028
4319,great neck,Great Neck,40.8029,-73.7333,United States,US,USA,new york,,11068.0,1840005290
492,greece,Greece,43.246,-77.6988,United States,US,USA,new york,,95841.0,1840058136
321,greeley,Greeley,40.4152,-104.7706,United States,US,USA,colorado,,143554.0,1840020149
1840,green,Green,40.9483,-81.4757,United States,US,USA,ohio,,27381.0,1840008254
198,green bay,Green Bay,44.5148,-87.9895,United States,US,USA,wisconsin,,227679.0,1840002344
4755,green cove springs,Green Cove Springs,29.9904,-81.6807,United States,US,USA,florida,,9937.0,1840013999
4139,green river,Green River,41.5127,-109.471,United States,US,USA,wyoming,,11679.0,1840020100
3762,green valley,Green Valley,39.3414,-77.24,United States,US,USA,maryland,,13187.0,1840133409
2377,green valley,Green Valley,31.8393,-111.0009,United States,US,USA,arizona,,21581.0,1840018111
1125,greenacres,Greenacres,26.627,-80.1371,United States,US,USA,florida,,43871.0,1840036057
2085,greenbelt,Greenbelt,38.9953,-76.8885,United States,US,USA,maryland,,24572.0,1840005974
505,greenburgh,Greenburgh,41.033,-73.8412,United States,US,USA,new york,,93961.0,1840087485
4786,greencastle,Greencastle,39.6432,-86.8418,United States,US,USA,indiana,,9863.0,1840008439
3424,greendale,Greendale,42.9371,-88.0018,United States,US,USA,wisconsin,,14656.0,1840003038
2756,greene,Greene,39.9543,-77.5668,United States,US,USA,pennsylvania,,18460.0,1840147454
3263,greeneville,Greeneville,36.168,-82.8197,United States,US,USA,tennessee,,15531.0,1840016099
2112,greenfield,Greenfield,39.7937,-85.7738,United States,US,USA,indiana,,24308.0,1840014673
1320,greenfield,Greenfield,42.9619,-88.0052,United States,US,USA,wisconsin,,37361.0,1840003039
2578,greenfield,Greenfield,36.3242,-121.2428,United States,US,USA,california,,19759.0,1840020356
3361,greenlawn,Greenlawn,40.8632,-73.3646,United States,US,USA,new york,,14986.0,1840005074
123,greensboro,Greensboro,36.0956,-79.8271,United States,US,USA,north carolina,,345858.0,1840013356
3399,greensburg,Greensburg,40.3113,-79.5445,United States,US,USA,pennsylvania,,14777.0,1840001137
4173,greensburg,Greensburg,39.3518,-85.5028,United States,US,USA,indiana,,11585.0,1840014567
4339,greentree,Greentree,39.8989,-74.9613,United States,US,USA,new jersey,,11024.0,1840033472
3855,greenville,Greenville,40.1043,-84.6209,United States,US,USA,ohio,,12748.0,1840008366
108,greenville,Greenville,34.8354,-82.3646,United States,US,USA,south carolina,,408626.0,1840013501
4861,greenville,Greenville,40.9986,-73.8189,United States,US,USA,new york,,9586.0,1840133415
375,greenville,Greenville,35.5943,-77.376,United States,US,USA,north carolina,,120595.0,1840013407
5141,greenville,Greenville,43.1797,-85.2534,United States,US,USA,michigan,,8897.0,1840002877
3821,greenville,Greenville,44.3003,-88.5365,United States,US,USA,wisconsin,,12911.0,1840123723
1676,greenville,Greenville,33.1116,-96.1099,United States,US,USA,texas,,29936.0,1840020649
5298,greenville,Greenville,41.882,-71.5549,United States,US,USA,rhode island,,8586.0,1840003292
1744,greenville,Greenville,33.385,-91.0514,United States,US,USA,mississippi,,28833.0,1840013759
786,greenwood,Greenwood,39.6019,-86.1073,United States,US,USA,indiana,,64237.0,1840007332
4864,greenwood,Greenwood,35.2134,-94.2408,United States,US,USA,arkansas,,9570.0,1840013457
2280,greenwood,Greenwood,34.1947,-82.1542,United States,US,USA,south carolina,,22527.0,1840013626
3568,greenwood,Greenwood,33.5126,-90.1993,United States,US,USA,mississippi,,13983.0,1840013739
3273,greenwood village,Greenwood Village,39.6153,-104.9131,United States,US,USA,colorado,,15485.0,1840020212
1253,greer,Greer,34.933,-82.2313,United States,US,USA,south carolina,,39191.0,1840013502
3941,grenada,Grenada,33.7816,-89.813,United States,US,USA,mississippi,,12484.0,1840013717
412,gresham,Gresham,45.5021,-122.4413,United States,US,USA,oregon,,112818.0,1840019939
2914,gretna,Gretna,29.9101,-90.0515,United States,US,USA,louisiana,,17468.0,1840013996
5047,gretna,Gretna,41.1314,-96.245,United States,US,USA,nebraska,,9117.0,1840007143
2176,griffin,Griffin,33.2418,-84.2748,United States,US,USA,georgia,,23650.0,1840013776
3139,griffith,Griffith,41.5277,-87.4239,United States,US,USA,indiana,,16228.0,1840010225
3219,grimes,Grimes,41.6779,-93.7947,United States,US,USA,iowa,,15810.0,1840007068
4881,grinnell,Grinnell,41.7359,-92.7244,United States,US,USA,iowa,,9527.0,1840000531
4745,grosse pointe farms,Grosse Pointe Farms,42.4068,-82.8993,United States,US,USA,michigan,,9957.0,1840003977
4233,grosse pointe park,Grosse Pointe Park,42.3794,-82.9287,United States,US,USA,michigan,,11394.0,1840003978
3145,grosse pointe woods,Grosse Pointe Woods,42.4366,-82.8987,United States,US,USA,michigan,,16177.0,1840003979
4262,groton,Groton,42.6137,-71.5614,United States,US,USA,massachusetts,,11265.0,1840053636
1174,grove city,Grove City,39.8654,-83.069,United States,US,USA,ohio,,41831.0,1840007264
2488,groveland,Groveland,28.6098,-81.8246,United States,US,USA,florida,,20621.0,1840014056
3870,grover beach,Grover Beach,35.1204,-120.6197,United States,US,USA,california,,12687.0,1840020414
2997,groves,Groves,29.9457,-93.9164,United States,US,USA,texas,,17021.0,1840020916
3666,groveton,Groveton,38.7605,-77.098,United States,US,USA,virginia,,13563.0,1840006029
3079,grovetown,Grovetown,33.4503,-82.2073,United States,US,USA,georgia,,16516.0,1840013748
1334,guilderland,Guilderland,42.708,-73.9631,United States,US,USA,new york,,36922.0,1840058149
3410,guilford,Guilford,39.8811,-77.6012,United States,US,USA,pennsylvania,,14733.0,1840073686
3223,gulf shores,Gulf Shores,30.2764,-87.7017,United States,US,USA,alabama,,15785.0,1840013886
194,gulfport,Gulfport,30.4274,-89.0704,United States,US,USA,mississippi,,231754.0,1840013947
4119,gulfport,Gulfport,27.7463,-82.7099,United States,US,USA,florida,,11735.0,1840014145
4567,gunbarrel,Gunbarrel,40.0632,-105.1713,United States,US,USA,colorado,,10424.0,1840028424
5206,guntersville,Guntersville,34.3671,-86.2637,United States,US,USA,alabama,,8771.0,1840006456
1648,gurnee,Gurnee,42.3708,-87.9392,United States,US,USA,illinois,,30486.0,1840011152
4341,guthrie,Guthrie,35.8424,-97.4366,United States,US,USA,oklahoma,,11021.0,1840020390
4154,guttenberg,Guttenberg,40.7928,-74.0049,United States,US,USA,new jersey,,11638.0,1840003597
3905,guymon,Guymon,36.6903,-101.4774,United States,US,USA,oklahoma,,12596.0,1840020350
914,hacienda heights,Hacienda Heights,33.997,-117.9727,United States,US,USA,california,,54956.0,1840017921
1075,hackensack,Hackensack,40.8891,-74.0462,United States,US,USA,new jersey,,45768.0,1840003556
4679,hackettstown,Hackettstown,40.854,-74.8257,United States,US,USA,new jersey,,10143.0,1840003573
3285,haddon,Haddon,39.9063,-75.0625,United States,US,USA,new jersey,,15398.0,1840081686
3935,haddonfield,Haddonfield,39.8955,-75.0346,United States,US,USA,new jersey,,12502.0,1840016699
220,hagerstown,Hagerstown,39.6401,-77.7217,United States,US,USA,maryland,,206889.0,1840005613
4960,haiku-pauwela,Haiku-Pauwela,20.9156,-156.3022,United States,US,USA,hawaii,,9290.0,1840074990
4921,hailey,Hailey,43.5141,-114.3001,United States,US,USA,idaho,,9439.0,1840020028
1614,haines city,Haines City,28.1102,-81.6157,United States,US,USA,florida,,31156.0,1840014136
3610,halawa,Halawa,21.3753,-157.9185,United States,US,USA,hawaii,,13809.0,1840029579
5123,haledon,Haledon,40.9363,-74.1887,United States,US,USA,new jersey,,8936.0,1840003512
4207,half moon bay,Half Moon Bay,37.4685,-122.4382,United States,US,USA,california,,11454.0,1840020303
1950,halfmoon,Halfmoon,42.864,-73.7275,United States,US,USA,new york,,25995.0,1840058153
4362,halfway,Halfway,39.6162,-77.7703,United States,US,USA,maryland,,10974.0,1840005606
1191,hallandale beach,Hallandale Beach,25.9854,-80.1423,United States,US,USA,florida,,41224.0,1840014237
4916,halls,Halls,36.0817,-83.9344,United States,US,USA,tennessee,,9455.0,1840153102
1078,haltom city,Haltom City,32.8176,-97.2707,United States,US,USA,texas,,45681.0,1840020698
3070,ham lake,Ham Lake,45.2545,-93.2039,United States,US,USA,minnesota,,16575.0,1840006720
839,hamburg,Hamburg,42.7394,-78.8581,United States,US,USA,new york,,60034.0,1840004385
4223,hamilton,Hamilton,39.9432,-77.7327,United States,US,USA,pennsylvania,,11412.0,1840147456
799,hamilton,Hamilton,39.3939,-84.5653,United States,US,USA,ohio,,63124.0,1840003803
519,hamilton,Hamilton,40.2046,-74.6765,United States,US,USA,new jersey,,91802.0,1840056346
5293,hamilton,Hamilton,40.9334,-75.2844,United States,US,USA,pennsylvania,,8596.0,1840145220
4152,hamilton square,Hamilton Square,40.2248,-74.6526,United States,US,USA,new jersey,,11643.0,1840024324
5241,hamlin,Hamlin,43.3213,-77.9135,United States,US,USA,new york,,8703.0,1840058157
631,hammond,Hammond,41.6168,-87.4909,United States,US,USA,indiana,,77098.0,1840007092
742,hammond,Hammond,30.5061,-90.4563,United States,US,USA,louisiana,,67874.0,1840013908
3406,hammonton,Hammonton,39.6572,-74.7678,United States,US,USA,new jersey,,14746.0,1840003800
1487,hampden,Hampden,40.2602,-76.9809,United States,US,USA,pennsylvania,,33602.0,1840143338
5042,hampstead,Hampstead,34.3627,-77.7318,United States,US,USA,north carolina,,9129.0,1840025847
5067,hampstead,Hampstead,42.8821,-71.171,United States,US,USA,new hampshire,,9062.0,1840054954
3113,hampton,Hampton,42.9391,-70.837,United States,US,USA,new hampshire,,16366.0,1840054955
332,hampton,Hampton,37.0551,-76.363,United States,US,USA,virginia,,137334.0,1840003866
2788,hampton,Hampton,40.5844,-79.9534,United States,US,USA,pennsylvania,,18273.0,1840147156
2973,hampton bays,Hampton Bays,40.8695,-72.5225,United States,US,USA,new york,,17138.0,1840005076
1802,hamtramck,Hamtramck,42.3954,-83.0559,United States,US,USA,michigan,,27830.0,1840003980
2430,hanahan,Hanahan,32.9302,-80.0027,United States,US,USA,south carolina,,21119.0,1840014256
734,hanford,Hanford,36.3274,-119.6549,United States,US,USA,california,,68276.0,1840020382
3026,hannibal,Hannibal,39.7098,-91.3939,United States,US,USA,missouri,,16825.0,1840007306
3428,hanover,Hanover,40.8197,-74.4287,United States,US,USA,new jersey,,14627.0,1840081717
4133,hanover,Hanover,43.7156,-72.191,United States,US,USA,new hampshire,,11702.0,1840054971
3090,hanover,Hanover,39.8118,-76.9836,United States,US,USA,pennsylvania,,16483.0,1840001450
4209,hanover,Hanover,41.2012,-75.929,United States,US,USA,pennsylvania,,11449.0,1840148628
3396,hanover,Hanover,42.1224,-70.8566,United States,US,USA,massachusetts,,14800.0,1840053568
4132,hanover,Hanover,40.6668,-75.3979,United States,US,USA,pennsylvania,,11703.0,1840151272
1335,hanover park,Hanover Park,41.9818,-88.1446,United States,US,USA,illinois,,36850.0,1840011251
4496,hanson,Hanson,42.0558,-70.8723,United States,US,USA,massachusetts,,10615.0,1840053679
1992,happy valley,Happy Valley,45.4358,-122.5081,United States,US,USA,oregon,,25572.0,1840019950
5117,harahan,Harahan,29.9374,-90.2031,United States,US,USA,louisiana,,8939.0,1840013997
3057,harborcreek,Harborcreek,42.1498,-79.9501,United States,US,USA,pennsylvania,,16637.0,1840099632
4957,hardeeville,Hardeeville,32.2949,-81.0321,United States,US,USA,south carolina,,9293.0,1840013808
1489,harker heights,Harker Heights,31.0572,-97.6446,United States,US,USA,texas,,33595.0,1840020851
5083,harleysville,Harleysville,40.2792,-75.3873,United States,US,USA,pennsylvania,,9034.0,1840005463
395,harlingen,Harlingen,26.1916,-97.6977,United States,US,USA,texas,,115767.0,1840021036
3319,harper woods,Harper Woods,42.439,-82.9293,United States,US,USA,michigan,,15205.0,1840003981
5290,harrisburg,Harrisburg,37.7374,-88.5457,United States,US,USA,illinois,,8608.0,1840007570
86,harrisburg,Harrisburg,40.2752,-76.8843,United States,US,USA,pennsylvania,admin,499494.0,1840001288
2647,harrisburg,Harrisburg,35.3125,-80.6485,United States,US,USA,north carolina,,19203.0,1840016364
3759,harrison,Harrison,36.2438,-93.1198,United States,US,USA,arkansas,,13217.0,1840013327
3723,harrison,Harrison,44.1935,-88.2941,United States,US,USA,wisconsin,,13345.0,1840038103
4719,harrison,Harrison,40.6374,-79.7173,United States,US,USA,pennsylvania,,10022.0,1840147154
2594,harrison,Harrison,40.7431,-74.1531,United States,US,USA,new jersey,,19599.0,1840003598
1720,harrison,Harrison,41.0236,-73.7193,United States,US,USA,new york,,29279.0,1840004931
3687,harrison,Harrison,39.2584,-84.7868,United States,US,USA,ohio,,13460.0,1840007381
668,harrisonburg,Harrisonburg,38.4362,-78.8735,United States,US,USA,virginia,,73926.0,1840003844
4728,harrisonville,Harrisonville,38.653,-94.3467,United States,US,USA,missouri,,10002.0,1840007464
5045,harrodsburg,Harrodsburg,37.7654,-84.8474,United States,US,USA,kentucky,,9126.0,1840013222
4452,hartford,Hartford,43.6644,-72.3865,United States,US,USA,vermont,,10713.0,1840070579
49,hartford,Hartford,41.7661,-72.6834,United States,US,USA,connecticut,admin,969171.0,1840004773
3228,hartford,Hartford,43.3223,-88.3784,United States,US,USA,wisconsin,,15761.0,1840002831
4825,hartland,Hartland,43.1029,-88.3396,United States,US,USA,wisconsin,,9716.0,1840003009
3253,hartselle,Hartselle,34.4391,-86.9396,United States,US,USA,alabama,,15586.0,1840013593
4101,hartsville,Hartsville,36.3921,-86.1568,United States,US,USA,tennessee,,11805.0,1840073881
4779,harvard,Harvard,42.4296,-88.6211,United States,US,USA,illinois,,9875.0,1840006970
2567,harvey,Harvey,41.6076,-87.652,United States,US,USA,illinois,,19831.0,1840007029
2365,harvey,Harvey,29.8876,-90.0666,United States,US,USA,louisiana,,21710.0,1840013985
3676,harwich,Harwich,41.6957,-70.0684,United States,US,USA,massachusetts,,13506.0,1840070211
5163,harwood heights,Harwood Heights,41.9663,-87.8057,United States,US,USA,illinois,,8851.0,1840011252
4037,hasbrouck heights,Hasbrouck Heights,40.8618,-74.0741,United States,US,USA,new jersey,,12067.0,1840003558
2679,haslett,Haslett,42.7525,-84.402,United States,US,USA,michigan,,19025.0,1840004500
2330,hastings,Hastings,44.7318,-92.8538,United States,US,USA,minnesota,,22050.0,1840006770
2047,hastings,Hastings,40.5961,-98.39,United States,US,USA,nebraska,,25005.0,1840001130
4943,hastings,Hastings,43.3215,-76.1582,United States,US,USA,new york,,9338.0,1840058174
2720,hatfield,Hatfield,40.2758,-75.2895,United States,US,USA,pennsylvania,,18738.0,1840003701
572,hattiesburg,Hattiesburg,31.3074,-89.317,United States,US,USA,mississippi,,82730.0,1840013878
2470,hauppauge,Hauppauge,40.8211,-73.2109,United States,US,USA,new york,,20772.0,1840005077
3092,havelock,Havelock,34.9078,-76.8987,United States,US,USA,north carolina,,16471.0,1840014592
986,haverford,Haverford,39.9868,-75.3164,United States,US,USA,pennsylvania,,50465.0,1840152844
748,haverhill,Haverhill,42.7838,-71.0871,United States,US,USA,massachusetts,,67387.0,1840002450
1267,haverstraw,Haverstraw,41.2055,-74.0384,United States,US,USA,new york,,38922.0,1840004975
4946,havre,Havre,48.5427,-109.6804,United States,US,USA,montana,,9333.0,1840019758
3388,havre de grace,Havre de Grace,39.548,-76.1146,United States,US,USA,maryland,,14857.0,1840005667
3608,hawaiian gardens,Hawaiian Gardens,33.8304,-118.0728,United States,US,USA,california,,13816.0,1840020485
3743,hawaiian paradise park,Hawaiian Paradise Park,19.5828,-154.9695,United States,US,USA,hawaii,,13273.0,1840029582
5034,hawthorn woods,Hawthorn Woods,42.2313,-88.0624,United States,US,USA,illinois,,9145.0,1840011154
549,hawthorne,Hawthorne,33.9147,-118.3476,United States,US,USA,california,,85933.0,1840020486
2608,hawthorne,Hawthorne,40.9579,-74.1582,United States,US,USA,new jersey,,19472.0,1840003513
3178,hayden,Hayden,47.768,-116.804,United States,US,USA,idaho,,16021.0,1840019808
2302,hayesville,Hayesville,44.9793,-122.9738,United States,US,USA,oregon,,22309.0,1840034726
2434,hays,Hays,38.8821,-99.3221,United States,US,USA,kansas,,21078.0,1840001628
4304,haysville,Haysville,37.5648,-97.3527,United States,US,USA,kansas,,11117.0,1840007568
283,hayward,Hayward,37.6328,-122.0766,United States,US,USA,california,,159201.0,1840020293
3678,hazel crest,Hazel Crest,41.5732,-87.6899,United States,US,USA,illinois,,13493.0,1840011260
2229,hazel dell,Hazel Dell,45.6797,-122.6553,United States,US,USA,washington,,23086.0,1840037662
3371,hazel park,Hazel Park,42.4619,-83.0977,United States,US,USA,michigan,,14945.0,1840002444
2024,hazelwood,Hazelwood,38.7931,-90.3899,United States,US,USA,missouri,,25214.0,1840007453
4663,hazle,Hazle,40.9558,-75.9998,United States,US,USA,pennsylvania,,10184.0,1840148627
2518,hazlet,Hazlet,40.4265,-74.1712,United States,US,USA,new jersey,,20353.0,1840081651
1680,hazleton,Hazleton,40.9505,-75.9725,United States,US,USA,pennsylvania,,29886.0,1840000753
4261,healdsburg,Healdsburg,38.6224,-122.8651,United States,US,USA,california,,11274.0,1840020242
4344,heartland,Heartland,32.6748,-96.4515,United States,US,USA,texas,,11019.0,1840147186
4648,heath,Heath,32.8439,-96.4674,United States,US,USA,texas,,10218.0,1840020716
4517,heath,Heath,40.0241,-82.4413,United States,US,USA,ohio,,10545.0,1840001418
2919,heber,Heber,40.507,-111.3986,United States,US,USA,utah,,17438.0,1840074861
2392,helena,Helena,33.2837,-86.8791,United States,US,USA,alabama,,21452.0,1840014827
1502,helena,Helena,46.5965,-112.0202,United States,US,USA,montana,admin,33126.0,1840019820
4879,helena valley southeast,Helena Valley Southeast,46.6219,-111.8973,United States,US,USA,montana,,9533.0,1840074075
4995,helena-west helena,Helena-West Helena,34.5313,-90.6201,United States,US,USA,arkansas,,9218.0,1840027858
4935,helotes,Helotes,29.5687,-98.696,United States,US,USA,texas,,9372.0,1840020957
259,hemet,Hemet,33.7341,-116.9969,United States,US,USA,california,,176009.0,1840020550
1179,hempfield,Hempfield,40.2847,-79.5841,United States,US,USA,pennsylvania,,41680.0,1840151151
59,hempstead,Hempstead,40.6629,-73.6089,United States,US,USA,new york,,789177.0,1840005293
3720,henderson,Henderson,32.1576,-94.796,United States,US,USA,texas,,13348.0,1840020767
133,henderson,Henderson,36.0133,-115.0381,United States,US,USA,nevada,,324523.0,1840020361
1792,henderson,Henderson,37.8397,-87.5798,United States,US,USA,kentucky,,27994.0,1840014337
3376,henderson,Henderson,36.3256,-78.4151,United States,US,USA,north carolina,,14922.0,1840014433
3309,hendersonville,Hendersonville,35.3247,-82.4575,United States,US,USA,north carolina,,15253.0,1840014561
810,hendersonville,Hendersonville,36.3063,-86.5997,United States,US,USA,tennessee,,62390.0,1840014419
1051,henrietta,Henrietta,43.0555,-77.6413,United States,US,USA,new york,,47134.0,1840058179
1927,hercules,Hercules,38.0064,-122.2564,United States,US,USA,california,,26245.0,1840020276
3384,hereford,Hereford,34.8225,-102.4001,United States,US,USA,texas,,14874.0,1840020462
4869,herkimer,Herkimer,43.061,-74.9894,United States,US,USA,new york,,9553.0,1840004148
4661,hermantown,Hermantown,46.8057,-92.2407,United States,US,USA,minnesota,,10192.0,1840006593
2617,hermiston,Hermiston,45.8326,-119.2854,United States,US,USA,oregon,,19406.0,1840019915
3150,hermitage,Hermitage,41.2305,-80.4413,United States,US,USA,pennsylvania,,16132.0,1840000732
2639,hermosa beach,Hermosa Beach,33.8653,-118.3962,United States,US,USA,california,,19248.0,1840020487
2892,hernando,Hernando,34.85,-89.9921,United States,US,USA,mississippi,,17580.0,1840014642
5194,hernando,Hernando,28.9451,-82.3781,United States,US,USA,florida,,8795.0,1840014058
2089,herndon,Herndon,38.9699,-77.3867,United States,US,USA,virginia,,24529.0,1840006037
883,herriman,Herriman,40.4899,-112.017,United States,US,USA,utah,,57336.0,1840020155
3992,herrin,Herrin,37.7983,-89.0305,United States,US,USA,illinois,,12271.0,1840007576
3495,hershey,Hershey,40.2806,-76.6458,United States,US,USA,pennsylvania,,14334.0,1840005400
472,hesperia,Hesperia,34.3975,-117.3147,United States,US,USA,california,,100141.0,1840020404
3134,hewitt,Hewitt,31.452,-97.196,United States,US,USA,texas,,16244.0,1840020809
202,hialeah,Hialeah,25.8696,-80.3045,United States,US,USA,florida,,221901.0,1840015157
2269,hialeah gardens,Hialeah Gardens,25.8878,-80.3569,United States,US,USA,florida,,22634.0,1840015158
3159,hibbing,Hibbing,47.398,-92.9486,United States,US,USA,minnesota,,16100.0,1840006594
5006,hickam housing,Hickam Housing,21.3311,-157.9474,United States,US,USA,hawaii,,9195.0,1840075009
230,hickory,Hickory,35.741,-81.3223,United States,US,USA,north carolina,,200500.0,1840014524
3413,hickory hills,Hickory Hills,41.7248,-87.828,United States,US,USA,illinois,,14718.0,1840007030
1126,hicksville,Hicksville,40.7637,-73.5245,United States,US,USA,new york,,43868.0,1840005266
3509,hidalgo,Hidalgo,26.109,-98.2464,United States,US,USA,texas,,14250.0,1840021023
265,high point,High Point,35.991,-79.9937,United States,US,USA,north carolina,,171342.0,1840014479
888,highland,Highland,34.1113,-117.165,United States,US,USA,california,,56690.0,1840020405
2168,highland,Highland,41.5483,-87.4588,United States,US,USA,indiana,,23749.0,1840010226
2591,highland,Highland,40.4276,-111.7957,United States,US,USA,utah,,19625.0,1840020167
4632,highland,Highland,38.7602,-89.6812,United States,US,USA,illinois,,10268.0,1840007425
3859,highland city,Highland City,27.9633,-81.8781,United States,US,USA,florida,,12732.0,1840014122
5284,highland heights,Highland Heights,41.5518,-81.4691,United States,US,USA,ohio,,8619.0,1840000605
5192,highland park,Highland Park,42.4052,-83.0977,United States,US,USA,michigan,,8798.0,1840003982
1665,highland park,Highland Park,42.1823,-87.8104,United States,US,USA,illinois,,30229.0,1840006973
5205,highland park,Highland Park,32.8311,-96.8012,United States,US,USA,texas,,8774.0,1840022058
3364,highland park,Highland Park,40.5006,-74.4283,United States,US,USA,new jersey,,14981.0,1840003636
3334,highland springs,Highland Springs,37.5516,-77.3285,United States,US,USA,virginia,,15091.0,1840006391
3182,highland village,Highland Village,33.0897,-97.0615,United States,US,USA,texas,,16004.0,1840020638
3827,highlands,Highlands,41.3601,-74.0084,United States,US,USA,new york,,12894.0,1840087533
466,highlands ranch,Highlands Ranch,39.5419,-104.9708,United States,US,USA,colorado,,101437.0,1840028579
4657,hillcrest,Hillcrest,35.379,-118.9578,United States,US,USA,california,,10203.0,1840145203
5100,hillcrest,Hillcrest,41.1298,-74.035,United States,US,USA,new york,,8989.0,1840004967
3242,hillcrest heights,Hillcrest Heights,38.8373,-76.9641,United States,US,USA,maryland,,15670.0,1840005957
1345,hilliard,Hilliard,40.0353,-83.1578,United States,US,USA,ohio,,36560.0,1840007265
439,hillsboro,Hillsboro,45.5273,-122.936,United States,US,USA,oregon,,107050.0,1840019932
4302,hillsborough,Hillsborough,37.5572,-122.3586,United States,US,USA,california,,11122.0,1840021554
1137,hillsborough,Hillsborough,40.4985,-74.674,United States,US,USA,new jersey,,43477.0,1840081699
4841,hillsborough,Hillsborough,36.0679,-79.0991,United States,US,USA,north carolina,,9656.0,1840016151
2303,hillsborough,Hillsborough,40.5069,-74.6523,United States,US,USA,new jersey,,22302.0,1840153047
4702,hillsdale,Hillsdale,41.0074,-74.044,United States,US,USA,new jersey,,10086.0,1840003560
2315,hillside,Hillside,40.6961,-74.2286,United States,US,USA,new jersey,,22179.0,1840081741
3066,hilltown,Hilltown,40.3415,-75.2534,United States,US,USA,pennsylvania,,16594.0,1840147878
5225,hillview,Hillview,38.0562,-85.6847,United States,US,USA,kentucky,,8735.0,1840014325
1030,hilo,Hilo,19.6883,-155.0863,United States,US,USA,hawaii,,48223.0,1840023193
1303,hilton head island,Hilton Head Island,32.1896,-80.7499,United States,US,USA,south carolina,,37805.0,1840016974
1409,hinesville,Hinesville,31.8248,-81.6137,United States,US,USA,georgia,,35282.0,1840014931
2123,hingham,Hingham,42.2176,-70.8854,United States,US,USA,massachusetts,,24185.0,1840053569
2969,hinsdale,Hinsdale,41.8007,-87.9273,United States,US,USA,illinois,,17155.0,1840011403
4569,hobart,Hobart,44.4967,-88.1602,United States,US,USA,wisconsin,,10418.0,1840038100
1694,hobart,Hobart,41.514,-87.2729,United States,US,USA,indiana,,29646.0,1840007093
1230,hobbs,Hobbs,32.7281,-103.16,United States,US,USA,new mexico,,39887.0,1840020616
3502,hobe sound,Hobe Sound,27.0729,-80.1425,United States,US,USA,florida,,14313.0,1840014188
865,hoboken,Hoboken,40.7452,-74.0281,United States,US,USA,new jersey,,58340.0,1840003599
3655,hockessin,Hockessin,39.7837,-75.6815,United States,US,USA,delaware,,13608.0,1840005573
971,hoffman estates,Hoffman Estates,42.064,-88.1468,United States,US,USA,illinois,,51186.0,1840011263
4250,holbrook,Holbrook,42.1471,-71.0057,United States,US,USA,massachusetts,,11320.0,1840053551
1925,holbrook,Holbrook,40.7944,-73.07,United States,US,USA,new york,,26256.0,1840005078
2559,holden,Holden,42.3561,-71.8608,United States,US,USA,massachusetts,,19885.0,1840053588
2362,holiday,Holiday,28.1864,-82.7429,United States,US,USA,florida,,21768.0,1840014114
3825,holiday city-berkeley,Holiday City-Berkeley,39.9639,-74.2787,United States,US,USA,new jersey,,12896.0,1840073689
1608,holladay,Holladay,40.66,-111.8226,United States,US,USA,utah,,31236.0,1840020156
420,holland,Holland,42.7677,-86.0984,United States,US,USA,michigan,,110905.0,1840002996
2999,hollins,Hollins,37.3434,-79.9534,United States,US,USA,virginia,,17005.0,1840006441
5327,hollis,Hollis,42.7494,-71.5834,United States,US,USA,new hampshire,,8530.0,1840055019
1148,hollister,Hollister,36.8555,-121.3986,United States,US,USA,california,,43003.0,1840020354
3366,holliston,Holliston,42.1977,-71.445,United States,US,USA,massachusetts,,14964.0,1840053479
3804,holly hill,Holly Hill,29.2442,-81.0465,United States,US,USA,florida,,13002.0,1840015078
1139,holly springs,Holly Springs,35.6526,-78.8399,United States,US,USA,north carolina,,43429.0,1840016193
2880,holly springs,Holly Springs,34.1681,-84.4847,United States,US,USA,georgia,,17693.0,1840014704
5307,hollymead,Hollymead,38.1266,-78.4386,United States,US,USA,virginia,,8566.0,1840024700
294,hollywood,Hollywood,26.0293,-80.1679,United States,US,USA,florida,,152935.0,1840015144
2930,holmdel,Holmdel,40.3768,-74.1725,United States,US,USA,new jersey,,17401.0,1840081650
4338,holmen,Holmen,43.9706,-91.2654,United States,US,USA,wisconsin,,11027.0,1840002576
2020,holt,Holt,42.6416,-84.5308,United States,US,USA,michigan,,25275.0,1840004501
2638,holtsville,Holtsville,40.8124,-73.0447,United States,US,USA,new york,,19250.0,1840005079
1299,holyoke,Holyoke,42.2125,-72.6411,United States,US,USA,massachusetts,,37949.0,1840000465
4216,home gardens,Home Gardens,33.8783,-117.5116,United States,US,USA,california,,11430.0,1840017987
2090,homer glen,Homer Glen,41.6043,-87.9497,United States,US,USA,illinois,,24516.0,1840011483
595,homestead,Homestead,25.4665,-80.4472,United States,US,USA,florida,,80725.0,1840015159
1817,homewood,Homewood,33.4619,-86.809,United States,US,USA,alabama,,27697.0,1840014794
2610,homewood,Homewood,41.5591,-87.661,United States,US,USA,illinois,,19471.0,1840011264
3275,homosassa springs,Homosassa Springs,28.8119,-82.5392,United States,US,USA,florida,,15465.0,1840014060
5338,hondo,Hondo,29.3531,-99.1616,United States,US,USA,texas,,8508.0,1840020963
4049,honeygo,Honeygo,39.4055,-76.4282,United States,US,USA,maryland,,12022.0,1840147786
122,honolulu,Honolulu,21.3294,-157.846,United States,US,USA,hawaii,admin,346323.0,1840013305
3368,hooksett,Hooksett,43.0709,-71.4365,United States,US,USA,new hampshire,,14949.0,1840055022
4993,hooper,Hooper,41.1599,-112.2871,United States,US,USA,utah,,9220.0,1840020130
515,hoover,Hoover,33.3763,-86.8068,United States,US,USA,alabama,,92401.0,1840014795
3457,hopatcong,Hopatcong,40.9541,-74.6593,United States,US,USA,new jersey,,14470.0,1840003482
5199,hope,Hope,33.6682,-93.5895,United States,US,USA,arkansas,,8787.0,1840014765
2861,hope mills,Hope Mills,34.971,-78.9597,United States,US,USA,north carolina,,17823.0,1840016438
2241,hopewell,Hopewell,37.2915,-77.2985,United States,US,USA,virginia,,22944.0,1840003859
3696,hopewell,Hopewell,40.5906,-80.2731,United States,US,USA,pennsylvania,,13409.0,1840146082
2725,hopkins,Hopkins,44.9259,-93.4056,United States,US,USA,minnesota,,18696.0,1840006749
1623,hopkinsville,Hopkinsville,36.8381,-87.4775,United States,US,USA,kentucky,,31011.0,1840014399
2673,hopkinton,Hopkinton,42.2255,-71.5378,United States,US,USA,massachusetts,,19050.0,1840053637
5197,hoquiam,Hoquiam,46.9863,-123.9022,United States,US,USA,washington,,8792.0,1840019845
2231,horizon city,Horizon City,31.6799,-106.1903,United States,US,USA,texas,,23069.0,1840020805
813,horizon west,Horizon West,28.4417,-81.6146,United States,US,USA,florida,,62152.0,1840038926
1899,horn lake,Horn Lake,34.9512,-90.0501,United States,US,USA,mississippi,,26622.0,1840014643
4050,hornsby bend,Hornsby Bend,30.2388,-97.5899,United States,US,USA,texas,,12021.0,1840027020
2682,horseheads,Horseheads,42.1625,-76.7941,United States,US,USA,new york,,19011.0,1840004688
1896,horsham,Horsham,40.1993,-75.1665,United States,US,USA,pennsylvania,,26699.0,1840035022
1293,hot springs,Hot Springs,34.4892,-93.0501,United States,US,USA,arkansas,,38023.0,1840014670
3081,hot springs village,Hot Springs Village,34.6566,-92.9643,United States,US,USA,arkansas,,16509.0,1840013587
311,houma,Houma,29.58,-90.7059,United States,US,USA,louisiana,,147841.0,1840015063
4,houston,Houston,29.786,-95.3885,United States,US,USA,texas,,6046392.0,1840020925
2526,howard,Howard,44.5703,-88.0928,United States,US,USA,wisconsin,,20261.0,1840002345
4704,howell,Howell,42.6078,-83.9339,United States,US,USA,michigan,,10074.0,1840003100
932,howell,Howell,40.1819,-74.1976,United States,US,USA,new jersey,,53661.0,1840081644
1142,huber heights,Huber Heights,39.8595,-84.113,United States,US,USA,ohio,,43266.0,1840003782
4393,hudson,Hudson,28.3595,-82.6894,United States,US,USA,florida,,10873.0,1840014115
2000,hudson,Hudson,42.7639,-71.4072,United States,US,USA,new hampshire,,25476.0,1840055034
3357,hudson,Hudson,44.9639,-92.7312,United States,US,USA,wisconsin,,15004.0,1840002135
2237,hudson,Hudson,41.2399,-81.4408,United States,US,USA,ohio,,23007.0,1840007138
2549,hudson,Hudson,42.3887,-71.5465,United States,US,USA,massachusetts,,19959.0,1840053480
3073,hueytown,Hueytown,33.4239,-87.022,United States,US,USA,alabama,,16541.0,1840014796
3164,hugo,Hugo,45.1671,-92.9588,United States,US,USA,minnesota,,16076.0,1840006739
4693,hull,Hull,42.2861,-70.8835,United States,US,USA,massachusetts,,10098.0,1840053570
3089,humble,Humble,29.9921,-95.2655,United States,US,USA,texas,,16489.0,1840020926
2420,hunters creek,Hunters Creek,28.361,-81.4358,United States,US,USA,florida,,21255.0,1840028986
808,huntersville,Huntersville,35.406,-80.8716,United States,US,USA,north carolina,,62458.0,1840016349
4360,huntertown,Huntertown,41.2185,-85.1705,United States,US,USA,indiana,,10984.0,1840010297
2995,huntington,Huntington,40.881,-85.5063,United States,US,USA,indiana,,17026.0,1840007169
228,huntington,Huntington,38.4109,-82.4345,United States,US,USA,west virginia,,201208.0,1840006211
225,huntington,Huntington,40.8521,-73.3823,United States,US,USA,new york,,203691.0,1840058192
3749,huntington,Huntington,38.7916,-77.074,United States,US,USA,virginia,,13250.0,1840006030
238,huntington beach,Huntington Beach,33.696,-118.0018,United States,US,USA,california,,196010.0,1840020578
933,huntington park,Huntington Park,33.98,-118.2167,United States,US,USA,california,,53658.0,1840019235
1497,huntington station,Huntington Station,40.8446,-73.405,United States,US,USA,new york,,33283.0,1840005081
1798,huntley,Huntley,42.1599,-88.433,United States,US,USA,illinois,,27859.0,1840011134
120,huntsville,Huntsville,34.6981,-86.6412,United States,US,USA,alabama,,359389.0,1840005061
1056,huntsville,Huntsville,30.7009,-95.5567,United States,US,USA,texas,,46917.0,1840019565
3490,huron,Huron,44.3623,-98.2094,United States,US,USA,south dakota,,14347.0,1840002373
2369,hurricane,Hurricane,37.1487,-113.3517,United States,US,USA,utah,,21677.0,1840018936
1228,hurst,Hurst,32.8353,-97.1809,United States,US,USA,texas,,39912.0,1840019427
3427,hutchinson,Hutchinson,44.8855,-94.3768,United States,US,USA,minnesota,,14629.0,1840006756
1235,hutchinson,Hutchinson,38.0671,-97.9081,United States,US,USA,kansas,,39837.0,1840001673
1546,hutto,Hutto,30.5396,-97.544,United States,US,USA,texas,,32188.0,1840019573
2459,hyattsville,Hyattsville,38.9613,-76.9548,United States,US,USA,maryland,,20861.0,1840005975
2857,hybla valley,Hybla Valley,38.7484,-77.0821,United States,US,USA,virginia,,17877.0,1840006031
2432,hyde park,Hyde Park,41.8011,-73.906,United States,US,USA,new york,,21091.0,1840058196
4720,hyrum,Hyrum,41.6325,-111.8445,United States,US,USA,utah,,10022.0,1840018699
417,idaho falls,Idaho Falls,43.4871,-112.0362,United States,US,USA,idaho,,111295.0,1840018644
2913,idylwood,Idylwood,38.8896,-77.2056,United States,US,USA,virginia,,17469.0,1840006032
1826,ilchester,Ilchester,39.2187,-76.7683,United States,US,USA,maryland,,27552.0,1840024482
1984,immokalee,Immokalee,26.4253,-81.4251,United States,US,USA,florida,,25624.0,1840014230
2452,imperial,Imperial,32.839,-115.572,United States,US,USA,california,,20943.0,1840019381
1958,imperial beach,Imperial Beach,32.5693,-117.118,United States,US,USA,california,,25897.0,1840019353
5024,incline village,Incline Village,39.2639,-119.9455,United States,US,USA,nevada,,9152.0,1840033809
1737,independence,Independence,38.951,-84.5492,United States,US,USA,kentucky,,29024.0,1840014267
4700,independence,Independence,44.8547,-123.1952,United States,US,USA,oregon,,10088.0,1840018589
373,independence,Independence,39.0871,-94.3501,United States,US,USA,missouri,,121944.0,1840008534
4651,independent hill,Independent Hill,38.6404,-77.4089,United States,US,USA,virginia,,10217.0,1840026708
5098,indian harbour beach,Indian Harbour Beach,28.1529,-80.5976,United States,US,USA,florida,,8991.0,1840015096
1194,indian trail,Indian Trail,35.0699,-80.6452,United States,US,USA,north carolina,,41146.0,1840016453
3525,indiana,Indiana,40.622,-79.1552,United States,US,USA,pennsylvania,,14170.0,1840000997
30,indianapolis,Indianapolis,39.7771,-86.1458,United States,US,USA,indiana,admin,1740984.0,1840030084
4940,indianola,Indianola,33.4492,-90.6447,United States,US,USA,mississippi,,9360.0,1840014774
3197,indianola,Indianola,41.3629,-93.5652,United States,US,USA,iowa,,15918.0,1840000648
117,indio,Indio,33.7346,-116.2346,United States,US,USA,california,,371926.0,1840019304
4787,ingleside,Ingleside,27.8703,-97.2075,United States,US,USA,texas,,9861.0,1840019709
446,inglewood,Inglewood,33.9566,-118.3444,United States,US,USA,california,,105575.0,1840019237
1987,inkster,Inkster,42.2935,-83.3148,United States,US,USA,michigan,,25602.0,1840003983
5311,innsbrook,Innsbrook,37.6552,-77.5775,United States,US,USA,virginia,,8559.0,1840042829
1381,inver grove heights,Inver Grove Heights,44.8247,-93.0596,United States,US,USA,minnesota,,35772.0,1840007858
4065,inwood,Inwood,40.6219,-73.7506,United States,US,USA,new york,,11964.0,1840005267
3504,iona,Iona,26.516,-81.9601,United States,US,USA,florida,,14290.0,1840028702
3812,ionia,Ionia,42.9773,-85.0727,United States,US,USA,michigan,,12950.0,1840003075
349,iowa city,Iowa City,41.6559,-91.5303,United States,US,USA,iowa,,129897.0,1840000532
4337,iowa colony,Iowa Colony,29.4407,-95.4206,United States,US,USA,texas,,11028.0,1840023162
3607,ipswich,Ipswich,42.6857,-70.8399,United States,US,USA,massachusetts,,13820.0,1840053668
4105,irmo,Irmo,34.1018,-81.1956,United States,US,USA,south carolina,,11799.0,1840016723
5229,irondale,Irondale,33.4773,-84.3601,United States,US,USA,georgia,,8722.0,1840029456
3686,irondale,Irondale,33.5439,-86.6606,United States,US,USA,alabama,,13462.0,1840014797
987,irondequoit,Irondequoit,43.2096,-77.5705,United States,US,USA,new york,,50438.0,1840058201
4504,ironton,Ironton,38.5323,-82.6779,United States,US,USA,ohio,,10585.0,1840008607
141,irvine,Irvine,33.6772,-117.7738,United States,US,USA,california,,308160.0,1840019325
179,irving,Irving,32.8583,-96.9702,United States,US,USA,texas,,255036.0,1840019438
835,irvington,Irvington,40.7243,-74.2317,United States,US,USA,new jersey,,60334.0,1840080906
2658,iselin,Iselin,40.5697,-74.3172,United States,US,USA,new jersey,,19151.0,1840005418
3626,isla vista,Isla Vista,34.4128,-119.8614,United States,US,USA,california,,13717.0,1840017887
128,islip,Islip,40.7385,-73.1888,United States,US,USA,new york,,338784.0,1840058203
1243,issaquah,Issaquah,47.5439,-122.0471,United States,US,USA,washington,,39472.0,1840018422
4882,itasca,Itasca,41.9772,-88.0183,United States,US,USA,illinois,,9525.0,1840011400
1581,ithaca,Ithaca,42.4442,-76.5032,United States,US,USA,new york,,31792.0,1840000442
1939,ives estates,Ives Estates,25.9632,-80.183,United States,US,USA,florida,,26154.0,1840028705
4884,ivins,Ivins,37.1742,-113.6809,United States,US,USA,utah,,9524.0,1840018937
4914,jacinto city,Jacinto City,29.7663,-95.241,United States,US,USA,texas,,9458.0,1840019619
4436,jackson,Jackson,43.472,-110.7746,United States,US,USA,wyoming,,10746.0,1840021258
3261,jackson,Jackson,37.3792,-89.6522,United States,US,USA,missouri,,15532.0,1840008735
854,jackson,Jackson,40.098,-74.3578,United States,US,USA,new jersey,,59352.0,1840081610
5175,jackson,Jackson,39.9057,-76.8796,United States,US,USA,pennsylvania,,8831.0,1840151964
130,jackson,Jackson,32.3157,-90.2125,United States,US,USA,mississippi,admin,331332.0,1840014895
4958,jackson,Jackson,40.3774,-76.3142,United States,US,USA,pennsylvania,,9292.0,1840143432
592,jackson,Jackson,42.2431,-84.4038,United States,US,USA,michigan,,81058.0,1840003173
664,jackson,Jackson,35.6538,-88.8354,United States,US,USA,tennessee,,74049.0,1840014528
40,jacksonville,Jacksonville,30.3322,-81.6749,United States,US,USA,florida,,1303156.0,1840015031
3492,jacksonville,Jacksonville,33.8088,-85.7545,United States,US,USA,alabama,,14345.0,1840007433
3522,jacksonville,Jacksonville,31.9642,-95.2617,United States,US,USA,texas,,14186.0,1840019515
1718,jacksonville,Jacksonville,34.8807,-92.1304,United States,US,USA,arkansas,,29285.0,1840014633
2912,jacksonville,Jacksonville,39.7292,-90.2317,United States,US,USA,illinois,,17490.0,1840008438
423,jacksonville,Jacksonville,34.7289,-77.3941,United States,US,USA,north carolina,,109958.0,1840014653
2184,jacksonville beach,Jacksonville Beach,30.2782,-81.4045,United States,US,USA,florida,,23601.0,1840015032
4118,james island,James Island,32.7353,-79.9394,United States,US,USA,south carolina,,11738.0,1840043446
3225,jamestown,Jamestown,46.9063,-98.6937,United States,US,USA,north dakota,,15774.0,1840000153
1767,jamestown,Jamestown,42.0976,-79.2367,United States,US,USA,new york,,28401.0,1840000446
661,janesville,Janesville,42.6854,-89.0135,United States,US,USA,wisconsin,,74640.0,1840002467
2226,jasmine estates,Jasmine Estates,28.293,-82.6907,United States,US,USA,florida,,23151.0,1840014116
3455,jasper,Jasper,33.8508,-87.271,United States,US,USA,alabama,,14480.0,1840003778
3098,jasper,Jasper,38.3933,-86.9402,United States,US,USA,indiana,,16421.0,1840008646
5231,jeannette,Jeannette,40.3277,-79.6139,United States,US,USA,pennsylvania,,8719.0,1840001141
4734,jefferson,Jefferson,29.9609,-90.1554,United States,US,USA,louisiana,,9984.0,1840013986
2498,jefferson,Jefferson,41.0003,-74.5531,United States,US,USA,new jersey,,20535.0,1840081740
3511,jefferson,Jefferson,34.1373,-83.6021,United States,US,USA,georgia,,14249.0,1840014723
1158,jefferson city,Jefferson City,38.5676,-92.1759,United States,US,USA,missouri,admin,42565.0,1840008615
3977,jefferson hills,Jefferson Hills,40.2926,-79.9329,United States,US,USA,pennsylvania,,12313.0,1840001280
3521,jefferson valley-yorktown,Jefferson Valley-Yorktown,41.318,-73.8008,United States,US,USA,new york,,14195.0,1840073699
1740,jeffersontown,Jeffersontown,38.2049,-85.5701,United States,US,USA,kentucky,,28988.0,1840014311
991,jeffersonville,Jeffersonville,38.3376,-85.7026,United States,US,USA,indiana,,50176.0,1840008642
2943,jenison,Jenison,42.9063,-85.8269,United States,US,USA,michigan,,17334.0,1840004344
1904,jenks,Jenks,35.9981,-95.9736,United States,US,USA,oklahoma,,26519.0,1840019060
4836,jennings,Jennings,30.2233,-92.6582,United States,US,USA,louisiana,,9679.0,1840015040
3824,jennings,Jennings,38.7231,-90.2644,United States,US,USA,missouri,,12900.0,1840008596
3948,jensen beach,Jensen Beach,27.2437,-80.2423,United States,US,USA,florida,,12456.0,1840014190
3541,jericho,Jericho,40.7875,-73.5416,United States,US,USA,new york,,14117.0,1840005268
3869,jerome,Jerome,42.7179,-114.5159,United States,US,USA,idaho,,12689.0,1840018680
154,jersey city,Jersey City,40.7184,-74.0686,United States,US,USA,new jersey,,289691.0,1840003600
5031,jessup,Jessup,39.1488,-76.7772,United States,US,USA,maryland,,9147.0,1840005919
4785,jesup,Jesup,31.5992,-81.8895,United States,US,USA,georgia,,9863.0,1840014943
583,johns creek,Johns Creek,34.0333,-84.2027,United States,US,USA,georgia,,82115.0,1840014742
3329,johnson city,Johnson City,42.123,-75.9624,United States,US,USA,new york,,15130.0,1840004658
350,johnson city,Johnson City,36.3406,-82.3806,United States,US,USA,tennessee,,129818.0,1840014462
2121,johnston,Johnston,41.691,-93.7234,United States,US,USA,iowa,,24196.0,1840008170
1700,johnston,Johnston,41.8274,-71.5202,United States,US,USA,rhode island,,29559.0,1840106232
2793,johnstown,Johnstown,40.326,-78.9194,United States,US,USA,pennsylvania,,18245.0,1840001116
2828,johnstown,Johnstown,40.3499,-104.9482,United States,US,USA,colorado,,18075.0,1840021369
304,joliet,Joliet,41.5188,-88.1499,United States,US,USA,illinois,,149785.0,1840008192
612,jonesboro,Jonesboro,35.8212,-90.6791,United States,US,USA,arkansas,,79187.0,1840014507
538,joplin,Joplin,37.0757,-94.5018,United States,US,USA,missouri,,88490.0,1840008771
3701,joppatowne,Joppatowne,39.4181,-76.3516,United States,US,USA,maryland,,13397.0,1840005665
2290,junction city,Junction City,39.0277,-96.8508,United States,US,USA,kansas,,22431.0,1840001620
1562,juneau,Juneau,58.4546,-134.1739,United States,US,USA,alaska,admin,31969.0,1840023306
828,jupiter,Jupiter,26.92,-80.1128,United States,US,USA,florida,,61097.0,1840017255
3702,jupiter farms,Jupiter Farms,26.9222,-80.2189,United States,US,USA,florida,,13394.0,1840042432
444,jurupa valley,Jurupa Valley,34.001,-117.4706,United States,US,USA,california,,106244.0,1840043419
3962,justice,Justice,41.7495,-87.8345,United States,US,USA,illinois,,12372.0,1840011253
1858,kahului,Kahului,20.8715,-156.4603,United States,US,USA,hawaii,,27068.0,1840023232
396,kailua,Kailua,21.392,-157.7396,United States,US,USA,hawaii,,115634.0,1840023244
223,kalamazoo,Kalamazoo,42.2749,-85.5882,United States,US,USA,michigan,,204408.0,1840003185
1884,kalispell,Kalispell,48.2153,-114.3274,United States,US,USA,montana,,26830.0,1840018350
1371,kaneohe,Kaneohe,21.4062,-157.7904,United States,US,USA,hawaii,,35945.0,1840029498
740,kankakee,Kankakee,41.102,-87.8643,United States,US,USA,illinois,,67925.0,1840008260
889,kannapolis,Kannapolis,35.4764,-80.6408,United States,US,USA,north carolina,,56470.0,1840014560
290,kansas city,Kansas City,39.1235,-94.7443,United States,US,USA,kansas,,154776.0,1840001626
34,kansas city,Kansas City,39.1238,-94.5541,United States,US,USA,missouri,,1686807.0,1840008535
4387,kapaa,Kapaa,22.091,-159.3521,United States,US,USA,hawaii,,10886.0,1840029499
2235,kapolei,Kapolei,21.3399,-158.0677,United States,US,USA,hawaii,,23033.0,1840025211
2154,katy,Katy,29.7905,-95.8353,United States,US,USA,texas,,23900.0,1840019648
2955,kaukauna,Kaukauna,44.2773,-88.2641,United States,US,USA,wisconsin,,17237.0,1840002403
1520,kaysville,Kaysville,41.029,-111.9456,United States,US,USA,utah,,32861.0,1840018738
4820,keansburg,Keansburg,40.4469,-74.1315,United States,US,USA,new jersey,,9729.0,1840003690
1467,kearney,Kearney,40.7011,-99.0833,United States,US,USA,nebraska,,34024.0,1840000957
4457,kearney,Kearney,39.355,-94.3599,United States,US,USA,missouri,,10696.0,1840008501
1330,kearns,Kearns,40.6519,-112.0095,United States,US,USA,utah,,37058.0,1840017500
1211,kearny,Kearny,40.7528,-74.1202,United States,US,USA,new jersey,,40570.0,1840003601
2244,keene,Keene,42.9494,-72.2998,United States,US,USA,new hampshire,,22923.0,1840003050
1261,keizer,Keizer,45.0028,-123.0243,United States,US,USA,oregon,,39013.0,1840018581
1080,keller,Keller,32.9335,-97.2256,United States,US,USA,texas,,45598.0,1840019428
3868,kelso,Kelso,46.1236,-122.8909,United States,US,USA,washington,,12697.0,1840018503
3470,kemp mill,Kemp Mill,39.0412,-77.0215,United States,US,USA,maryland,,14437.0,1840005842
1494,ken caryl,Ken Caryl,39.577,-105.1144,United States,US,USA,colorado,,33407.0,1840028580
953,kendale lakes,Kendale Lakes,25.7081,-80.4078,United States,US,USA,florida,,52141.0,1840029045
618,kendall,Kendall,25.6697,-80.3556,United States,US,USA,florida,,78527.0,1840014244
4432,kendall park,Kendall Park,40.4135,-74.5631,United States,US,USA,new jersey,,10765.0,1840005419
1399,kendall west,Kendall West,25.7065,-80.4388,United States,US,USA,florida,,35492.0,1840035805
4698,kendallville,Kendallville,41.4441,-85.2578,United States,US,USA,indiana,,10094.0,1840008208
3333,kenmore,Kenmore,42.9646,-78.8713,United States,US,USA,new york,,15097.0,1840004386
2185,kenmore,Kenmore,47.7516,-122.2489,United States,US,USA,washington,,23594.0,1840018423
4135,kennebunk,Kennebunk,43.3972,-70.5707,United States,US,USA,maine,,11692.0,1840052870
5111,kennedale,Kennedale,32.6434,-97.2172,United States,US,USA,texas,,8954.0,1840019429
5300,kennedy,Kennedy,40.4768,-80.1028,United States,US,USA,pennsylvania,,8577.0,1840146792
777,kenner,Kenner,30.0109,-90.2549,United States,US,USA,louisiana,,65113.0,1840015047
1485,kennesaw,Kennesaw,34.026,-84.6177,United States,US,USA,georgia,,33627.0,1840014756
4642,kennett,Kennett,36.2403,-90.0481,United States,US,USA,missouri,,10236.0,1840008809
5211,kennett,Kennett,39.8374,-75.6808,United States,US,USA,pennsylvania,,8763.0,1840151978
176,kennewick,Kennewick,46.1978,-119.1732,United States,US,USA,washington,,260091.0,1840018481
363,kenosha,Kenosha,42.5865,-87.8773,United States,US,USA,wisconsin,,125807.0,1840003160
4756,kensington,Kensington,41.6284,-72.7686,United States,US,USA,connecticut,,9936.0,1840000505
339,kent,Kent,47.3887,-122.2128,United States,US,USA,washington,,135015.0,1840018424
3819,kent,Kent,41.4735,-73.7319,United States,US,USA,new york,,12917.0,1840058632
1850,kent,Kent,41.149,-81.361,United States,US,USA,ohio,,27190.0,1840008256
925,kentwood,Kentwood,42.8852,-85.5926,United States,US,USA,michigan,,54114.0,1840002930
4813,keokuk,Keokuk,40.4095,-91.4031,United States,US,USA,iowa,,9748.0,1840001036
3087,kerman,Kerman,36.7248,-120.0625,United States,US,USA,california,,16492.0,1840020324
1835,kernersville,Kernersville,36.1065,-80.0842,United States,US,USA,north carolina,,27439.0,1840016123
2088,kerrville,Kerrville,30.0398,-99.132,United States,US,USA,texas,,24532.0,1840020908
3592,kettering,Kettering,38.8888,-76.7889,United States,US,USA,maryland,,13866.0,1840005958
882,kettering,Kettering,39.6956,-84.1494,United States,US,USA,ohio,,57442.0,1840003783
3986,kewanee,Kewanee,41.2399,-89.9264,United States,US,USA,illinois,,12280.0,1840008206
3439,key biscayne,Key Biscayne,25.6908,-80.1653,United States,US,USA,florida,,14560.0,1840018333
4036,key largo,Key Largo,25.1224,-80.412,United States,US,USA,florida,,12069.0,1840014253
1963,key west,Key West,24.5642,-81.7775,United States,US,USA,florida,,25824.0,1840015161
1893,keystone,Keystone,28.1312,-82.5999,United States,US,USA,florida,,26723.0,1840028914
2278,kihei,Kihei,20.7653,-156.4454,United States,US,USA,hawaii,,22564.0,1840029507
3691,kilgore,Kilgore,32.398,-94.8602,United States,US,USA,texas,,13444.0,1840020747
174,killeen,Killeen,31.0753,-97.7297,United States,US,USA,texas,,261099.0,1840020854
3673,king city,King City,36.2164,-121.133,United States,US,USA,california,,13512.0,1840020360
2045,king of prussia,King of Prussia,40.0963,-75.3821,United States,US,USA,pennsylvania,,25025.0,1840005464
1474,kingman,Kingman,35.217,-114.0105,United States,US,USA,arizona,,33850.0,1840021043
5069,kings grant,Kings Grant,34.2664,-77.8659,United States,US,USA,north carolina,,9061.0,1840032902
4202,kings mountain,Kings Mountain,35.2349,-81.3501,United States,US,USA,north carolina,,11472.0,1840014552
3131,kings park,Kings Park,40.8881,-73.2475,United States,US,USA,new york,,16249.0,1840005085
3740,kings park west,Kings Park West,38.8151,-77.296,United States,US,USA,virginia,,13281.0,1840041769
3906,kingsburg,Kingsburg,36.5244,-119.5602,United States,US,USA,california,,12589.0,1840020325
3817,kingsbury,Kingsbury,43.344,-73.5396,United States,US,USA,new york,,12921.0,1840058216
2666,kingsland,Kingsland,30.8194,-81.7216,United States,US,USA,georgia,,19101.0,1840014991
496,kingsport,Kingsport,36.5224,-82.5454,United States,US,USA,tennessee,,95059.0,1840014425
2151,kingston,Kingston,41.9295,-73.9968,United States,US,USA,new york,,23942.0,1840000493
3727,kingston,Kingston,41.2652,-75.8876,United States,US,USA,pennsylvania,,13333.0,1840000756
3615,kingston,Kingston,41.9862,-70.7482,United States,US,USA,massachusetts,,13782.0,1840053680
2921,kingstowne,Kingstowne,38.7625,-77.1444,United States,US,USA,virginia,,17436.0,1840041770
2041,kingsville,Kingsville,27.5094,-97.861,United States,US,USA,texas,,25061.0,1840021013
4742,kinnelon,Kinnelon,40.9847,-74.3862,United States,US,USA,new jersey,,9971.0,1840000952
2599,kinston,Kinston,35.2747,-77.5939,United States,US,USA,north carolina,,19576.0,1840014585
4793,kirkland,Kirkland,43.0368,-75.3865,United States,US,USA,new york,,9845.0,1840058218
522,kirkland,Kirkland,47.697,-122.2057,United States,US,USA,washington,,91614.0,1840019836
2910,kirksville,Kirksville,40.1986,-92.5752,United States,US,USA,missouri,,17493.0,1840008372
1717,kirkwood,Kirkwood,38.5788,-90.4203,United States,US,USA,missouri,,29302.0,1840008598
1344,kiryas joel,Kiryas Joel,41.3411,-74.1667,United States,US,USA,new york,,36572.0,1840004872
100,kissimmee,Kissimmee,28.3041,-81.4169,United States,US,USA,florida,,442790.0,1840015109
4626,kittery,Kittery,43.0998,-70.7126,United States,US,USA,maine,,10280.0,1840052873
2345,klamath falls,Klamath Falls,42.2195,-121.7754,United States,US,USA,oregon,,21879.0,1840020054
2603,knightdale,Knightdale,35.7911,-78.4966,United States,US,USA,north carolina,,19532.0,1840016194
2695,knik-fairview,Knik-Fairview,61.5082,-149.6252,United States,US,USA,alaska,,18921.0,1840075080
74,knoxville,Knoxville,35.9692,-83.9496,United States,US,USA,tennessee,,618226.0,1840014486
853,kokomo,Kokomo,40.464,-86.1277,United States,US,USA,indiana,,59375.0,1840013844
5099,kulpsville,Kulpsville,40.244,-75.3407,United States,US,USA,pennsylvania,,8990.0,1840005465
1953,kuna,Kuna,43.488,-116.3933,United States,US,USA,idaho,,25960.0,1840020047
950,kyle,Kyle,29.9932,-97.8852,United States,US,USA,texas,,52439.0,1840020907
2537,la cañada flintridge,La Canada Flintridge,34.2097,-118.2002,United States,US,USA,california,,20094.0,1840020510
2551,la crescenta-montrose,La Crescenta-Montrose,34.2322,-118.2353,United States,US,USA,california,,19940.0,1840074182
5312,la cresta,La Cresta,35.3972,-118.9892,United States,US,USA,california,,8558.0,1840147387
510,la crosse,La Crosse,43.8241,-91.2268,United States,US,USA,wisconsin,,93163.0,1840002577
3787,la grande,La Grande,45.3242,-118.0865,United States,US,USA,oregon,,13059.0,1840019924
3140,la grange,La Grange,41.6787,-73.8029,United States,US,USA,new york,,16228.0,1840087585
3186,la grange,La Grange,41.8072,-87.8741,United States,US,USA,illinois,,15999.0,1840011255
4662,la grange,La Grange,38.3987,-85.375,United States,US,USA,kentucky,,10188.0,1840014287
3754,la grange park,La Grange Park,41.8308,-87.8723,United States,US,USA,illinois,,13227.0,1840011256
812,la habra,La Habra,33.9282,-117.9515,United States,US,USA,california,,62233.0,1840020585
4236,la homa,La Homa,26.2796,-98.3575,United States,US,USA,texas,,11389.0,1840037093
2707,la marque,La Marque,29.3683,-94.9941,United States,US,USA,texas,,18833.0,1840020972
829,la mesa,La Mesa,32.7703,-117.0204,United States,US,USA,california,,60835.0,1840020625
1055,la mirada,La Mirada,33.9025,-118.0093,United States,US,USA,california,,46945.0,1840020512
3291,la palma,La Palma,33.8504,-118.0407,United States,US,USA,california,,15375.0,1840020586
4545,la plata,La Plata,38.5352,-76.97,United States,US,USA,maryland,,10470.0,1840006177
1361,la porte,La Porte,29.6689,-95.0484,United States,US,USA,texas,,36077.0,1840020932
2319,la porte,La Porte,41.6069,-86.7142,United States,US,USA,indiana,,22125.0,1840030063
1340,la presa,La Presa,32.711,-117.0027,United States,US,USA,california,,36669.0,1840018023
1319,la puente,La Puente,34.0323,-117.9533,United States,US,USA,california,,37404.0,1840020513
1287,la quinta,La Quinta,33.6536,-116.2785,United States,US,USA,california,,38299.0,1840020559
4187,la riviera,La Riviera,38.5683,-121.3544,United States,US,USA,california,,11503.0,1840028382
1266,la vergne,La Vergne,36.02,-86.5586,United States,US,USA,tennessee,,38944.0,1840014496
1632,la verne,La Verne,34.1207,-117.7703,United States,US,USA,california,,30804.0,1840020514
3067,la vista,La Vista,41.1816,-96.0664,United States,US,USA,nebraska,,16594.0,1840008263
886,lacey,Lacey,47.0462,-122.7933,United States,US,USA,washington,,57088.0,1840019866
1724,lacey,Lacey,39.8564,-74.2624,United States,US,USA,new jersey,,29164.0,1840081603
2573,lackawanna,Lackawanna,42.8182,-78.8325,United States,US,USA,new york,,19779.0,1840000387
3003,laconia,Laconia,43.5725,-71.4775,United States,US,USA,new hampshire,,16982.0,1840002683
2183,ladera ranch,Ladera Ranch,33.5492,-117.6417,United States,US,USA,california,,23609.0,1840028333
3126,ladson,Ladson,33.0093,-80.1078,United States,US,USA,south carolina,,16261.0,1840014254
5114,ladue,Ladue,38.6377,-90.3815,United States,US,USA,missouri,,8948.0,1840008599
3119,lady lake,Lady Lake,28.9241,-81.9299,United States,US,USA,florida,,16337.0,1840017229
458,lafayette,Lafayette,39.9946,-105.0998,United States,US,USA,colorado,,102615.0,1840020180
282,lafayette,Lafayette,40.3991,-86.8593,United States,US,USA,indiana,,160373.0,1840008354
2019,lafayette,Lafayette,37.8919,-122.1189,United States,US,USA,california,,25277.0,1840020284
195,lafayette,Lafayette,30.2082,-92.0325,United States,US,USA,louisiana,,231548.0,1840015044
4941,lago vista,Lago Vista,30.4519,-97.9908,United States,US,USA,texas,,9341.0,1840020893
1600,lagrange,LaGrange,33.0274,-85.0384,United States,US,USA,georgia,,31479.0,1840029147
2258,laguna beach,Laguna Beach,33.5455,-117.7613,United States,US,USA,california,,22777.0,1840020587
1627,laguna hills,Laguna Hills,33.5918,-117.6991,United States,US,USA,california,,30921.0,1840020588
788,laguna niguel,Laguna Niguel,33.5275,-117.705,United States,US,USA,california,,64023.0,1840020589
2941,laguna woods,Laguna Woods,33.6099,-117.7299,United States,US,USA,california,,17342.0,1840020590
4221,lahaina,Lahaina,20.8848,-156.6618,United States,US,USA,hawaii,,11423.0,1840023234
3374,lake arbor,Lake Arbor,38.9105,-76.8304,United States,US,USA,maryland,,14932.0,1840031485
4437,lake arrowhead,Lake Arrowhead,34.2531,-117.1944,United States,US,USA,california,,10746.0,1840017803
4465,lake barcroft,Lake Barcroft,38.8514,-77.1579,United States,US,USA,virginia,,10678.0,1840006033
2954,lake butler,Lake Butler,28.4862,-81.546,United States,US,USA,florida,,17242.0,1840143771
316,lake charles,Lake Charles,30.201,-93.2111,United States,US,USA,louisiana,,145110.0,1840015039
3955,lake city,Lake City,30.1901,-82.6471,United States,US,USA,florida,,12404.0,1840015029
3934,lake elmo,Lake Elmo,44.9944,-92.9031,United States,US,USA,minnesota,,12504.0,1840007814
693,lake elsinore,Lake Elsinore,33.6847,-117.3344,United States,US,USA,california,,71516.0,1840020560
2649,lake forest,Lake Forest,42.238,-87.8596,United States,US,USA,illinois,,19190.0,1840008087
552,lake forest,Lake Forest,33.6605,-117.6714,United States,US,USA,california,,85846.0,1840020591
3714,lake forest park,Lake Forest Park,47.7574,-122.2864,United States,US,USA,washington,,13356.0,1840019837
4327,lake grove,Lake Grove,40.8586,-73.1168,United States,US,USA,new york,,11050.0,1840005121
871,lake havasu city,Lake Havasu City,34.5006,-114.3113,United States,US,USA,arizona,,58037.0,1840021044
4576,lake hiawatha,Lake Hiawatha,40.8816,-74.3826,United States,US,USA,new jersey,,10406.0,1840033318
4589,lake hopatcong,Lake Hopatcong,40.9599,-74.6094,United States,US,USA,new jersey,,10383.0,1840145177
1743,lake in the hills,Lake in the Hills,42.1913,-88.3477,United States,US,USA,illinois,,28853.0,1840011129
1797,lake jackson,Lake Jackson,29.0516,-95.4521,United States,US,USA,texas,,27902.0,1840020980
3680,lake los angeles,Lake Los Angeles,34.6097,-117.8339,United States,US,USA,california,,13479.0,1840017922
1585,lake magdalene,Lake Magdalene,28.0875,-82.4791,United States,US,USA,florida,,31733.0,1840029049
3042,lake mary,Lake Mary,28.7592,-81.336,United States,US,USA,florida,,16724.0,1840015090
5048,lake mohawk,Lake Mohawk,41.0149,-74.664,United States,US,USA,new jersey,,9116.0,1840004955
4414,lake monticello,Lake Monticello,37.921,-78.3295,United States,US,USA,virginia,,10820.0,1840006342
4502,lake morton-berrydale,Lake Morton-Berrydale,47.3325,-122.1032,United States,US,USA,washington,,10591.0,1840074253
3936,lake norman of catawba,Lake Norman of Catawba,35.5995,-80.984,United States,US,USA,north carolina,,12496.0,1840073862
1219,lake oswego,Lake Oswego,45.4129,-122.7004,United States,US,USA,oregon,,40367.0,1840019955
5094,lake park,Lake Park,26.7998,-80.0681,United States,US,USA,florida,,9005.0,1840017258
1097,lake ridge,Lake Ridge,38.6847,-77.3066,United States,US,USA,virginia,,45007.0,1840006099
2784,lake ronkonkoma,Lake Ronkonkoma,40.8297,-73.1128,United States,US,USA,new york,,18289.0,1840005086
2789,lake shore,Lake Shore,39.103,-76.4876,United States,US,USA,maryland,,18263.0,1840005920
2900,lake st. louis,Lake St. Louis,38.7846,-90.7886,United States,US,USA,missouri,,17538.0,1840008572
3778,lake station,Lake Station,41.5729,-87.2599,United States,US,USA,indiana,,13109.0,1840008195
1241,lake stevens,Lake Stevens,48.0024,-122.0953,United States,US,USA,washington,,39500.0,1840019794
3265,lake stickney,Lake Stickney,47.8733,-122.2582,United States,US,USA,washington,,15514.0,1840037894
3969,lake tapps,Lake Tapps,47.2307,-122.1695,United States,US,USA,washington,,12360.0,1840041971
5238,lake villa,Lake Villa,42.4184,-88.0836,United States,US,USA,illinois,,8707.0,1840011159
3114,lake wales,Lake Wales,27.9195,-81.5961,United States,US,USA,florida,,16365.0,1840015107
3321,lake wylie,Lake Wylie,35.0997,-81.0678,United States,US,USA,south carolina,,15177.0,1840013518
2583,lake zurich,Lake Zurich,42.1956,-88.087,United States,US,USA,illinois,,19727.0,1840011160
153,lakeland,Lakeland,28.0557,-81.9545,United States,US,USA,florida,,290762.0,1840015108
3547,lakeland,Lakeland,35.2585,-89.7308,United States,US,USA,tennessee,,14068.0,1840014594
4144,lakeland highlands,Lakeland Highlands,27.9572,-81.9496,United States,US,USA,florida,,11669.0,1840029047
3419,lakeland north,Lakeland North,47.3374,-122.2812,United States,US,USA,washington,,14664.0,1840074254
3830,lakeland south,Lakeland South,47.2786,-122.2826,United States,US,USA,washington,,12869.0,1840074270
4171,lakeland village,Lakeland Village,33.648,-117.3706,United States,US,USA,california,,11587.0,1840017989
2360,lakeside,Lakeside,32.856,-116.904,United States,US,USA,california,,21788.0,1840018025
3837,lakeside,Lakeside,37.6132,-77.4768,United States,US,USA,virginia,,12845.0,1840006392
1596,lakeside,Lakeside,30.1356,-81.7674,United States,US,USA,florida,,31548.0,1840029051
4121,lakeville,Lakeville,41.831,-70.9594,United States,US,USA,massachusetts,,11732.0,1840053571
682,lakeville,Lakeville,44.6774,-93.252,United States,US,USA,minnesota,,72480.0,1840007859
2663,lakeway,Lakeway,30.3544,-97.9864,United States,US,USA,texas,,19130.0,1840020894
333,lakewood,Lakewood,40.0763,-74.2031,United States,US,USA,new jersey,,136655.0,1840081607
602,lakewood,Lakewood,33.8471,-118.1222,United States,US,USA,california,,80510.0,1840020515
801,lakewood,Lakewood,47.1628,-122.5299,United States,US,USA,washington,,63034.0,1840019860
990,lakewood,Lakewood,41.4822,-81.8008,United States,US,USA,ohio,,50229.0,1840000608
288,lakewood,Lakewood,39.6977,-105.1172,United States,US,USA,colorado,,156309.0,1840020198
3545,lakewood park,Lakewood Park,27.539,-80.3865,United States,US,USA,florida,,14077.0,1840014177
1246,lakewood ranch,Lakewood Ranch,27.4185,-82.3948,United States,US,USA,florida,,39434.0,1840137436
4829,lambertville,Lambertville,41.7484,-83.6244,United States,US,USA,michigan,,9708.0,1840006576
5328,lamesa,Lamesa,32.7333,-101.9541,United States,US,USA,texas,,8527.0,1840020725
3679,lamont,Lamont,35.2659,-118.9159,United States,US,USA,california,,13481.0,1840017825
1096,lancaster,Lancaster,42.9099,-78.6378,United States,US,USA,new york,,45027.0,1840004387
268,lancaster,Lancaster,34.6935,-118.1753,United States,US,USA,california,,170013.0,1840020516
109,lancaster,Lancaster,40.042,-76.3012,United States,US,USA,pennsylvania,,408023.0,1840003718
1204,lancaster,Lancaster,32.5922,-96.7739,United States,US,USA,texas,,40753.0,1840020714
5222,lancaster,Lancaster,34.7248,-80.7804,United States,US,USA,south carolina,,8738.0,1840014630
1199,lancaster,Lancaster,39.7248,-82.6049,United States,US,USA,ohio,,40902.0,1840003781
1173,land o' lakes,Land O' Lakes,28.2075,-82.4476,United States,US,USA,florida,,41845.0,1840014120
2086,landover,Landover,38.9241,-76.8875,United States,US,USA,maryland,,24558.0,1840005956
2328,langley park,Langley Park,38.9897,-76.9808,United States,US,USA,maryland,,22057.0,1840005959
4069,lanham,Lanham,38.962,-76.8421,United States,US,USA,maryland,,11956.0,1840026687
2703,lansdale,Lansdale,40.2417,-75.2812,United States,US,USA,pennsylvania,,18865.0,1840003703
4320,lansdowne,Lansdowne,39.9408,-75.276,United States,US,USA,pennsylvania,,11064.0,1840000700
5149,lansdowne,Lansdowne,39.2365,-76.6659,United States,US,USA,maryland,,8879.0,1840026625
3903,lansdowne,Lansdowne,39.0844,-77.4839,United States,US,USA,virginia,,12603.0,1840041773
1764,lansing,Lansing,41.5648,-87.5462,United States,US,USA,illinois,,28415.0,1840011257
136,lansing,Lansing,42.7142,-84.5601,United States,US,USA,michigan,admin,318001.0,1840003102
4128,lansing,Lansing,42.5667,-76.5316,United States,US,USA,new york,,11717.0,1840004544
4269,lansing,Lansing,39.2428,-94.8972,United States,US,USA,kansas,,11229.0,1840001590
4088,lantana,Lantana,26.5834,-80.0564,United States,US,USA,florida,,11845.0,1840017259
3907,lantana,Lantana,33.0926,-97.1214,United States,US,USA,texas,,12583.0,1840025053
5072,lapeer,Lapeer,43.0447,-83.3253,United States,US,USA,michigan,,9053.0,1840002896
1761,laplace,Laplace,30.0731,-90.4758,United States,US,USA,louisiana,,28480.0,1840013968
1574,laramie,Laramie,41.3099,-105.6085,United States,US,USA,wyoming,,31848.0,1840020096
178,laredo,Laredo,27.5625,-99.4874,United States,US,USA,texas,,255949.0,1840021002
4112,largo,Largo,38.88,-76.8289,United States,US,USA,maryland,,11753.0,1840005960
577,largo,Largo,27.9088,-82.7712,United States,US,USA,florida,,82506.0,1840015114
5159,larkfield-wikiup,Larkfield-Wikiup,38.513,-122.7536,United States,US,USA,california,,8861.0,1840074293
3834,larkspur,Larkspur,37.9393,-122.5312,United States,US,USA,california,,12856.0,1840020261
324,las cruces,Las Cruces,32.3265,-106.7893,United States,US,USA,new mexico,,142432.0,1840020683
21,las vegas,Las Vegas,36.2333,-115.2654,United States,US,USA,nevada,,2256509.0,1840020364
3776,las vegas,Las Vegas,35.6011,-105.2206,United States,US,USA,new mexico,,13120.0,1840020397
4909,lasalle,LaSalle,41.3589,-89.0737,United States,US,USA,illinois,,9471.0,1840029891
3497,latham,Latham,42.7427,-73.7497,United States,US,USA,new york,,14327.0,1840033905
1531,lathrop,Lathrop,37.809,-121.3131,United States,US,USA,california,,32696.0,1840020266
1372,lauderdale lakes,Lauderdale Lakes,26.1682,-80.2017,United States,US,USA,florida,,35924.0,1840015145
667,lauderhill,Lauderhill,26.1605,-80.2241,United States,US,USA,florida,,73961.0,1840015146
5271,laughlin,Laughlin,35.1401,-114.6206,United States,US,USA,nevada,,8643.0,1840017689
2807,laurel,Laurel,37.6375,-77.5062,United States,US,USA,virginia,,18180.0,1840006393
1697,laurel,Laurel,39.0949,-76.8622,United States,US,USA,maryland,,29594.0,1840005976
4083,laurel,Laurel,27.1507,-82.4534,United States,US,USA,florida,,11868.0,1840014184
2974,laurel,Laurel,31.6956,-89.1449,United States,US,USA,mississippi,,17129.0,1840014945
4950,laurens,Laurens,34.5022,-82.0207,United States,US,USA,south carolina,,9307.0,1840014668
3338,laurinburg,Laurinburg,34.7602,-79.4773,United States,US,USA,north carolina,,15079.0,1840014631
1617,lawndale,Lawndale,33.8884,-118.3531,United States,US,USA,california,,31113.0,1840020517
539,lawrence,Lawrence,42.7002,-71.1626,United States,US,USA,massachusetts,,88297.0,1840000408
1540,lawrence,Lawrence,40.2954,-74.7205,United States,US,USA,new jersey,,32335.0,1840056345
488,lawrence,Lawrence,38.9597,-95.2642,United States,US,USA,kansas,,96380.0,1840001632
1005,lawrence,Lawrence,39.8674,-85.9904,United States,US,USA,indiana,,49284.0,1840008434
4091,lawrenceburg,Lawrenceburg,38.0332,-84.9031,United States,US,USA,kentucky,,11838.0,1840014321
4120,lawrenceburg,Lawrenceburg,35.2497,-87.3325,United States,US,USA,tennessee,,11732.0,1840014568
1643,lawrenceville,Lawrenceville,33.9523,-83.9932,United States,US,USA,georgia,,30626.0,1840014745
527,lawton,Lawton,34.6175,-98.4202,United States,US,USA,oklahoma,,90662.0,1840020477
575,layton,Layton,41.077,-111.962,United States,US,USA,utah,,82512.0,1840020145
4499,le mars,Le Mars,42.781,-96.1733,United States,US,USA,iowa,,10597.0,1840008022
1977,le ray,Le Ray,44.0771,-75.7975,United States,US,USA,new york,,25736.0,1840087600
402,league city,League City,29.4874,-95.1087,United States,US,USA,texas,,114885.0,1840020973
2438,lealman,Lealman,27.8197,-82.6847,United States,US,USA,florida,,21026.0,1840025161
741,leander,Leander,30.5728,-97.8618,United States,US,USA,texas,,67880.0,1840020877
1327,leavenworth,Leavenworth,39.3239,-94.924,United States,US,USA,kansas,,37176.0,1840001591
1475,leawood,Leawood,38.9075,-94.6258,United States,US,USA,kansas,,33844.0,1840001638
2421,lebanon,Lebanon,39.4254,-84.2133,United States,US,USA,ohio,,21216.0,1840001546
3324,lebanon,Lebanon,37.6717,-92.6603,United States,US,USA,missouri,,15157.0,1840008711
3401,lebanon,Lebanon,43.6353,-72.2531,United States,US,USA,new hampshire,,14759.0,1840002192
684,lebanon,Lebanon,40.3412,-76.4228,United States,US,USA,pennsylvania,,72475.0,1840001347
1170,lebanon,Lebanon,36.204,-86.3481,United States,US,USA,tennessee,,41951.0,1840014466
2894,lebanon,Lebanon,40.0324,-86.4551,United States,US,USA,indiana,,17575.0,1840008387
2687,lebanon,Lebanon,44.5317,-122.9071,United States,US,USA,oregon,,18978.0,1840019991
459,lee's summit,Lee's Summit,38.9171,-94.3816,United States,US,USA,missouri,,102583.0,1840032155
4003,leeds,Leeds,33.5436,-86.5639,United States,US,USA,alabama,,12221.0,1840005106
281,leesburg,Leesburg,28.7672,-81.8962,United States,US,USA,florida,,161515.0,1840015083
1020,leesburg,Leesburg,39.1057,-77.5544,United States,US,USA,virginia,,48788.0,1840005872
593,lehi,Lehi,40.4136,-111.8725,United States,US,USA,utah,,81039.0,1840020168
4435,lehigh,Lehigh,40.7678,-75.5394,United States,US,USA,pennsylvania,,10747.0,1840142186
359,lehigh acres,Lehigh Acres,26.612,-81.6388,United States,US,USA,florida,,127391.0,1840014220
4363,lehman,Lehman,41.1518,-74.9924,United States,US,USA,pennsylvania,,10974.0,1840147215
4316,leicester,Leicester,42.24,-71.912,United States,US,USA,massachusetts,,11076.0,1840053693
1871,leisure city,Leisure City,25.4935,-80.4363,United States,US,USA,florida,,26917.0,1840014245
5248,leisure world,Leisure World,39.1023,-77.0689,United States,US,USA,maryland,,8693.0,1840073671
1920,leland,Leland,34.2042,-78.0279,United States,US,USA,north carolina,,26307.0,1840016683
3096,lemay,Lemay,38.5325,-90.2845,United States,US,USA,missouri,,16431.0,1840006119
1831,lemon grove,Lemon Grove,32.7331,-117.0344,United States,US,USA,california,,27489.0,1840020621
3372,lemon hill,Lemon Hill,38.5172,-121.4573,United States,US,USA,california,,14942.0,1840075922
2887,lemont,Lemont,41.6695,-87.9838,United States,US,USA,illinois,,17643.0,1840011258
1861,lemoore,Lemoore,36.2949,-119.7983,United States,US,USA,california,,27023.0,1840020383
872,lenexa,Lenexa,38.9609,-94.8018,United States,US,USA,kansas,,57986.0,1840001639
2525,lennox,Lennox,33.938,-118.3586,United States,US,USA,california,,20289.0,1840017923
2785,lenoir,Lenoir,35.9094,-81.5249,United States,US,USA,north carolina,,18282.0,1840014493
4463,lenoir city,Lenoir City,35.8111,-84.2818,United States,US,USA,tennessee,,10681.0,1840014514
5237,lenox,Lenox,43.1113,-75.7582,United States,US,USA,new york,,8707.0,1840058237
409,leominster,Leominster,42.5209,-71.7717,United States,US,USA,massachusetts,,113462.0,1840000437
4199,leon valley,Leon Valley,29.4954,-98.6143,United States,US,USA,texas,,11479.0,1840020959
4954,leonia,Leonia,40.8638,-73.99,United States,US,USA,new jersey,,9300.0,1840000904
3916,levelland,Levelland,33.5806,-102.3635,United States,US,USA,texas,,12565.0,1840020606
978,levittown,Levittown,40.1533,-74.8531,United States,US,USA,pennsylvania,,50930.0,1840005408
960,levittown,Levittown,40.7241,-73.5125,United States,US,USA,new york,,51557.0,1840005270
4023,lewisboro,Lewisboro,41.2697,-73.5828,United States,US,USA,new york,,12117.0,1840058242
3900,lewisburg,Lewisburg,35.451,-86.7901,United States,US,USA,tennessee,,12607.0,1840014544
1444,lewiston,Lewiston,46.3934,-116.9933,United States,US,USA,idaho,,34471.0,1840019897
1300,lewiston,Lewiston,44.0915,-70.1681,United States,US,USA,maine,,37886.0,1840000320
3215,lewiston,Lewiston,43.1793,-78.971,United States,US,USA,new york,,15838.0,1840004272
5341,lewistown,Lewistown,40.5964,-77.573,United States,US,USA,pennsylvania,,8505.0,1840003592
3645,lewisville,Lewisville,36.103,-80.4166,United States,US,USA,north carolina,,13655.0,1840016124
356,lewisville,Lewisville,33.0454,-96.9815,United States,US,USA,texas,,128313.0,1840020639
135,lexington,Lexington,38.0423,-84.4587,United States,US,USA,kentucky,,321122.0,1840015211
2585,lexington,Lexington,35.8018,-80.2682,United States,US,USA,north carolina,,19691.0,1840015360
4460,lexington,Lexington,40.7779,-99.7461,United States,US,USA,nebraska,,10693.0,1840008285
1463,lexington,Lexington,42.4456,-71.2307,United States,US,USA,massachusetts,,34085.0,1840053638
2126,lexington,Lexington,33.989,-81.2202,United States,US,USA,south carolina,,24132.0,1840016724
3694,lexington park,Lexington Park,38.2528,-76.4424,United States,US,USA,maryland,,13419.0,1840006231
2665,liberal,Liberal,37.0466,-100.9295,United States,US,USA,kansas,,19107.0,1840001704
4627,liberty,Liberty,41.8132,-74.7775,United States,US,USA,new york,,10279.0,1840004790
1653,liberty,Liberty,39.2394,-94.4191,United States,US,USA,missouri,,30446.0,1840008502
3950,liberty lake,Liberty Lake,47.6686,-117.1036,United States,US,USA,washington,,12435.0,1840037678
2124,liberty triangle,Liberty Triangle,29.076,-82.2191,United States,US,USA,florida,,24178.0,1840152944
2502,libertyville,Libertyville,42.287,-87.967,United States,US,USA,illinois,,20493.0,1840011161
4549,lighthouse point,Lighthouse Point,26.2785,-80.0891,United States,US,USA,florida,,10463.0,1840015998
3373,lilburn,Lilburn,33.8897,-84.1364,United States,US,USA,georgia,,14939.0,1840015613
764,lima,Lima,40.741,-84.112,United States,US,USA,ohio,,66286.0,1840002785
2475,limerick,Limerick,40.2323,-75.5344,United States,US,USA,pennsylvania,,20718.0,1840035062
3698,lincoln,Lincoln,40.1508,-89.372,United States,US,USA,illinois,,13406.0,1840009447
2277,lincoln,Lincoln,41.9171,-71.4505,United States,US,USA,rhode island,,22571.0,1840106233
151,lincoln,Lincoln,40.8099,-96.6784,United States,US,USA,nebraska,admin,293055.0,1840009357
958,lincoln,Lincoln,38.8774,-121.2937,United States,US,USA,california,,51629.0,1840020231
4775,lincoln city,Lincoln City,44.9751,-124.0072,United States,US,USA,oregon,,9890.0,1840019974
4380,lincoln park,Lincoln Park,40.9239,-74.3035,United States,US,USA,new jersey,,10901.0,1840000953
1240,lincoln park,Lincoln Park,42.2432,-83.1811,United States,US,USA,michigan,,39511.0,1840003984
5106,lincoln village,Lincoln Village,39.9532,-83.1314,United States,US,USA,ohio,,8968.0,1840034388
2554,lincolnia,Lincolnia,38.8158,-77.1543,United States,US,USA,virginia,,19913.0,1840006034
4186,lincolnton,Lincolnton,35.4748,-81.2386,United States,US,USA,north carolina,,11503.0,1840015427
3764,lincolnwood,Lincolnwood,42.0054,-87.733,United States,US,USA,illinois,,13179.0,1840011259
2219,linda,Linda,39.1241,-121.5421,United States,US,USA,california,,23215.0,1840018800
1131,linden,Linden,40.6251,-74.2383,United States,US,USA,new jersey,,43614.0,1840001094
1854,lindenhurst,Lindenhurst,40.6858,-73.371,United States,US,USA,new york,,27106.0,1840005122
3481,lindenhurst,Lindenhurst,42.4175,-88.0257,United States,US,USA,illinois,,14365.0,1840011163
2384,lindenwold,Lindenwold,39.8173,-74.9898,United States,US,USA,new jersey,,21534.0,1840000730
4170,lindon,Lindon,40.3414,-111.7187,United States,US,USA,utah,,11594.0,1840020169
3914,lindsay,Lindsay,36.2082,-119.0897,United States,US,USA,california,,12572.0,1840020367
3792,linganore,Linganore,39.4127,-77.3014,United States,US,USA,maryland,,13044.0,1840026627
2350,lino lakes,Lino Lakes,45.1679,-93.083,United States,US,USA,minnesota,,21847.0,1840008902
4518,linthicum,Linthicum,39.2088,-76.6626,United States,US,USA,maryland,,10545.0,1840005921
1167,linton hall,Linton Hall,38.7551,-77.575,United States,US,USA,virginia,,42077.0,1840006100
4824,lisbon,Lisbon,44.0265,-70.09,United States,US,USA,maine,,9716.0,1840066320
2200,lisle,Lisle,41.7918,-88.0888,United States,US,USA,illinois,,23413.0,1840011401
4875,litchfield beach,Litchfield Beach,33.4773,-79.1181,United States,US,USA,south carolina,,9544.0,1840107237
3148,lithia springs,Lithia Springs,33.7811,-84.6487,United States,US,USA,georgia,,16138.0,1840013740
4858,lititz,Lititz,40.154,-76.3044,United States,US,USA,pennsylvania,,9599.0,1840003719
4516,little canada,Little Canada,45.0244,-93.0863,United States,US,USA,minnesota,,10546.0,1840008936
4072,little chute,Little Chute,44.2906,-88.3208,United States,US,USA,wisconsin,,11930.0,1840002408
2431,little egg harbor,Little Egg Harbor,39.5969,-74.3454,United States,US,USA,new jersey,,21092.0,1840081598
963,little elm,Little Elm,33.1858,-96.9295,United States,US,USA,texas,,51426.0,1840020640
3508,little falls,Little Falls,40.8762,-74.2181,United States,US,USA,new jersey,,14256.0,1840081807
5056,little falls,Little Falls,45.9862,-94.3586,United States,US,USA,minnesota,,9094.0,1840008861
4374,little ferry,Little Ferry,40.8464,-74.0388,United States,US,USA,new jersey,,10942.0,1840003534
4551,little river,Little River,33.8786,-78.6393,United States,US,USA,south carolina,,10457.0,1840013648
92,little rock,Little Rock,34.7256,-92.3577,United States,US,USA,arkansas,admin,467846.0,1840015509
4678,littleton,Littleton,42.535,-71.4891,United States,US,USA,massachusetts,,10150.0,1840070362
1094,littleton,Littleton,39.5915,-105.0188,United States,US,USA,colorado,,45092.0,1840020213
3018,live oak,Live Oak,36.986,-121.9804,United States,US,USA,california,,16866.0,1840144061
3209,live oak,Live Oak,29.5545,-98.3404,United States,US,USA,texas,,15875.0,1840020960
551,livermore,Livermore,37.6868,-121.7607,United States,US,USA,california,,85870.0,1840020294
3464,livingston,Livingston,37.3875,-120.7248,United States,US,USA,california,,14450.0,1840020311
5277,livingston,Livingston,45.6665,-110.5539,United States,US,USA,montana,,8635.0,1840019906
1616,livingston,Livingston,40.7855,-74.3291,United States,US,USA,new jersey,,31128.0,1840081749
502,livonia,Livonia,42.3972,-83.3733,United States,US,USA,michigan,,94058.0,1840003985
4299,lloyd,Lloyd,41.7286,-73.9961,United States,US,USA,new york,,11139.0,1840058260
1824,lochearn,Lochearn,39.3461,-76.7307,United States,US,USA,maryland,,27591.0,1840005694
3414,lockhart,Lockhart,29.8785,-97.6831,United States,US,USA,texas,,14708.0,1840020936
3403,lockhart,Lockhart,28.627,-81.4354,United States,US,USA,florida,,14753.0,1840014095
1928,lockport,Lockport,41.5906,-88.0293,United States,US,USA,illinois,,26228.0,1840009256
2479,lockport,Lockport,43.1698,-78.6956,United States,US,USA,new york,,20699.0,1840000370
4760,locust grove,Locust Grove,33.3446,-84.1071,United States,US,USA,georgia,,9931.0,1840015705
1954,lodi,Lodi,40.8784,-74.0814,United States,US,USA,new jersey,,25946.0,1840003535
677,lodi,Lodi,38.1218,-121.2932,United States,US,USA,california,,72996.0,1840020263
370,logan,Logan,41.7399,-111.8422,United States,US,USA,utah,,122915.0,1840020108
3971,logan,Logan,40.5263,-78.4234,United States,US,USA,pennsylvania,,12353.0,1840151322
2868,logansport,Logansport,40.7472,-86.352,United States,US,USA,indiana,,17766.0,1840013861
3383,loganville,Loganville,33.8353,-83.8958,United States,US,USA,georgia,,14878.0,1840015656
2046,loma linda,Loma Linda,34.045,-117.2498,United States,US,USA,california,,25021.0,1840020406
1129,lombard,Lombard,41.8741,-88.0157,United States,US,USA,illinois,,43722.0,1840011402
2513,lomita,Lomita,33.7933,-118.3175,United States,US,USA,california,,20409.0,1840020489
1128,lompoc,Lompoc,34.6618,-120.4714,United States,US,USA,california,,43819.0,1840020468
4580,london,London,39.8935,-83.4375,United States,US,USA,ohio,,10403.0,1840000674
5146,london grove,London Grove,39.8327,-75.8155,United States,US,USA,pennsylvania,,8884.0,1840151981
1931,londonderry,Londonderry,42.8796,-71.3873,United States,US,USA,new hampshire,,26217.0,1840055138
3538,lone tree,Lone Tree,39.5309,-104.8709,United States,US,USA,colorado,,14136.0,1840020222
95,long beach,Long Beach,33.7977,-118.167,United States,US,USA,california,,458491.0,1840020490
3016,long beach,Long Beach,30.3608,-89.1651,United States,US,USA,mississippi,,16876.0,1840015914
1431,long beach,Long Beach,40.5887,-73.666,United States,US,USA,new york,,34741.0,1840000988
1547,long branch,Long Branch,40.2965,-73.9915,United States,US,USA,new jersey,,32184.0,1840003673
5292,long hill,Long Hill,41.2666,-73.2283,United States,US,USA,connecticut,,8597.0,1840153091
5288,long hill,Long Hill,40.6838,-74.4878,United States,US,USA,new jersey,,8609.0,1840081726
3232,longmeadow,Longmeadow,42.0475,-72.5718,United States,US,USA,massachusetts,,15724.0,1840053448
464,longmont,Longmont,40.1686,-105.1005,United States,US,USA,colorado,,102183.0,1840020178
711,longview,Longview,46.1461,-122.963,United States,US,USA,washington,,70004.0,1840019904
413,longview,Longview,32.5193,-94.7622,United States,US,USA,texas,,112687.0,1840020746
3193,longwood,Longwood,28.7014,-81.3487,United States,US,USA,florida,,15952.0,1840015957
5041,lopatcong,Lopatcong,40.7091,-75.1551,United States,US,USA,new jersey,,9131.0,1840081771
224,lorain,Lorain,41.4409,-82.184,United States,US,USA,ohio,,203802.0,1840000644
2336,lorton,Lorton,38.6983,-77.2164,United States,US,USA,virginia,,21961.0,1840006035
4109,los alamitos,Los Alamitos,33.7971,-118.0592,United States,US,USA,california,,11784.0,1840020579
3681,los alamos,Los Alamos,35.8927,-106.2862,United States,US,USA,new mexico,,13471.0,1840017779
1637,los altos,Los Altos,37.3684,-122.0965,United States,US,USA,california,,30736.0,1840020328
1,los angeles,Los Angeles,34.1141,-118.4068,United States,US,USA,california,,11885717.0,1840020491
1059,los banos,Los Banos,37.063,-120.8406,United States,US,USA,california,,46776.0,1840020312
1527,los gatos,Los Gatos,37.2304,-121.9562,United States,US,USA,california,,32773.0,1840021575
2849,los lunas,Los Lunas,34.8115,-106.7803,United States,US,USA,new mexico,,17932.0,1840022814
3346,los osos,Los Osos,35.3065,-120.8242,United States,US,USA,california,,15048.0,1840017805
4629,loudonville,Loudonville,42.7068,-73.7665,United States,US,USA,new york,,10274.0,1840033911
4608,loudoun valley estates,Loudoun Valley Estates,38.977,-77.5053,United States,US,USA,virginia,,10323.0,1840041775
4868,louisville,Louisville,40.837,-81.2643,United States,US,USA,ohio,,9560.0,1840000964
50,louisville,Louisville,38.1663,-85.6485,United States,US,USA,kentucky,,965005.0,1840030815
2467,louisville,Louisville,39.971,-105.1441,United States,US,USA,colorado,,20788.0,1840020179
4367,lovejoy,Lovejoy,33.4426,-84.3177,United States,US,USA,georgia,,10967.0,1840015704
629,loveland,Loveland,40.4166,-105.0623,United States,US,USA,colorado,,77350.0,1840020152
3741,loveland,Loveland,39.2677,-84.2733,United States,US,USA,ohio,,13280.0,1840003809
2222,loves park,Loves Park,42.3364,-88.9975,United States,US,USA,illinois,,23185.0,1840009130
4210,lovington,Lovington,32.9128,-103.3276,United States,US,USA,new mexico,,11444.0,1840020617
4560,lowell,Lowell,36.2561,-94.1532,United States,US,USA,arkansas,,10438.0,1840015285
404,lowell,Lowell,42.6389,-71.3217,United States,US,USA,massachusetts,,114799.0,1840000426
4378,lowell,Lowell,41.2917,-87.4195,United States,US,USA,indiana,,10911.0,1840009260
2331,lower,Lower,38.9819,-74.9087,United States,US,USA,new jersey,,22048.0,1840081575
2521,lower allen,Lower Allen,40.2082,-76.9287,United States,US,USA,pennsylvania,,20340.0,1840035428
4147,lower burrell,Lower Burrell,40.5818,-79.7141,United States,US,USA,pennsylvania,,11659.0,1840001132
4021,lower gwynedd,Lower Gwynedd,40.188,-75.2373,United States,US,USA,pennsylvania,,12124.0,1840150802
1538,lower macungie,Lower Macungie,40.5303,-75.57,United States,US,USA,pennsylvania,,32462.0,1840149645
1499,lower makefield,Lower Makefield,40.2309,-74.855,United States,US,USA,pennsylvania,,33262.0,1840151114
790,lower merion,Lower Merion,40.0282,-75.2807,United States,US,USA,pennsylvania,,63903.0,1840142131
3564,lower moreland,Lower Moreland,40.1346,-75.0542,United States,US,USA,pennsylvania,,13997.0,1840142130
926,lower paxton,Lower Paxton,40.3183,-76.7983,United States,US,USA,pennsylvania,,54088.0,1840149541
3957,lower pottsgrove,Lower Pottsgrove,40.2537,-75.5975,United States,US,USA,pennsylvania,,12398.0,1840142133
1971,lower providence,Lower Providence,40.1485,-75.4266,United States,US,USA,pennsylvania,,25773.0,1840142132
3185,lower salford,Lower Salford,40.2639,-75.3929,United States,US,USA,pennsylvania,,15999.0,1840142128
4318,lower saucon,Lower Saucon,40.5881,-75.3188,United States,US,USA,pennsylvania,,11072.0,1840142185
2500,lower southampton,Lower Southampton,40.1541,-74.9903,United States,US,USA,pennsylvania,,20520.0,1840151113
4839,lower swatara,Lower Swatara,40.2188,-76.7602,United States,US,USA,pennsylvania,,9663.0,1840149542
4279,lowes island,Lowes Island,39.0471,-77.3524,United States,US,USA,virginia,,11199.0,1840024504
4188,loyalsock,Loyalsock,41.2743,-76.9839,United States,US,USA,pennsylvania,,11493.0,1840152775
158,lubbock,Lubbock,33.5657,-101.8879,United States,US,USA,texas,,283024.0,1840020604
2461,ludlow,Ludlow,42.1921,-72.458,United States,US,USA,massachusetts,,20846.0,1840053449
1460,lufkin,Lufkin,31.3217,-94.7277,United States,US,USA,texas,,34158.0,1840020840
4907,lugoff,Lugoff,34.2113,-80.6973,United States,US,USA,south carolina,,9475.0,1840013597
3587,luling,Luling,29.9008,-90.3523,United States,US,USA,louisiana,,13873.0,1840013980
2644,lumberton,Lumberton,34.6312,-79.0186,United States,US,USA,north carolina,,19220.0,1840015531
3846,lumberton,Lumberton,39.9569,-74.8036,United States,US,USA,new jersey,,12806.0,1840081622
3611,lumberton,Lumberton,30.2562,-94.207,United States,US,USA,texas,,13803.0,1840020896
4102,lunenburg,Lunenburg,42.5897,-71.7199,United States,US,USA,massachusetts,,11804.0,1840053592
1890,lutz,Lutz,28.1396,-82.4467,United States,US,USA,florida,,26731.0,1840014156
2529,lynbrook,Lynbrook,40.6579,-73.6742,United States,US,USA,new york,,20251.0,1840005304
368,lynchburg,Lynchburg,37.4003,-79.1909,United States,US,USA,virginia,,123662.0,1840003855
3176,lynden,Lynden,48.9502,-122.4545,United States,US,USA,washington,,16025.0,1840019752
2296,lyndhurst,Lyndhurst,40.7965,-74.1099,United States,US,USA,new jersey,,22343.0,1840081755
3595,lyndhurst,Lyndhurst,41.5172,-81.4922,United States,US,USA,ohio,,13854.0,1840000610
4372,lyndon,Lyndon,38.2645,-85.5891,United States,US,USA,kentucky,,10956.0,1840015191
469,lynn,Lynn,42.4781,-70.9664,United States,US,USA,massachusetts,,100905.0,1840000409
2612,lynn haven,Lynn Haven,30.2337,-85.637,United States,US,USA,florida,,19451.0,1840015922
3807,lynnfield,Lynnfield,42.5356,-71.0382,United States,US,USA,massachusetts,,12964.0,1840053531
1198,lynnwood,Lynnwood,47.8284,-122.3033,United States,US,USA,washington,,40953.0,1840019788
5076,lynwood,Lynwood,41.5235,-87.551,United States,US,USA,illinois,,9047.0,1840011291
774,lynwood,Lynwood,33.924,-118.2016,United States,US,USA,california,,65291.0,1840020492
4586,lyons,Lyons,41.8119,-87.8191,United States,US,USA,illinois,,10391.0,1840011292
2234,lysander,Lysander,43.1799,-76.3745,United States,US,USA,new york,,23035.0,1840058273
1162,mableton,Mableton,33.8133,-84.5655,United States,US,USA,georgia,,42403.0,1840013690
4968,macedon,Macedon,43.0792,-77.3095,United States,US,USA,new york,,9267.0,1840058275
4017,macedonia,Macedonia,41.3147,-81.4989,United States,US,USA,ohio,,12142.0,1840000797
2261,machesney park,Machesney Park,42.3666,-89.0266,United States,US,USA,illinois,,22744.0,1840011123
4211,mack,Mack,39.1492,-84.6794,United States,US,USA,ohio,,11444.0,1840034079
3356,macomb,Macomb,40.4709,-90.6807,United States,US,USA,illinois,,15006.0,1840009411
287,macon,Macon,32.8065,-83.6974,United States,US,USA,georgia,,156543.0,1840043455
4917,madeira,Madeira,39.1856,-84.3734,United States,US,USA,ohio,,9454.0,1840001605
576,madera,Madera,36.963,-120.0778,United States,US,USA,california,,82510.0,1840020300
4808,madera acres,Madera Acres,37.0123,-120.0799,United States,US,USA,california,,9758.0,1840028386
1808,madison,Madison,32.4738,-90.13,United States,US,USA,mississippi,,27775.0,1840015782
3093,madison,Madison,40.7586,-74.4169,United States,US,USA,new jersey,,16464.0,1840003574
93,madison,Madison,43.0822,-89.393,United States,US,USA,wisconsin,admin,460255.0,1840002915
866,madison,Madison,34.7114,-86.7626,United States,US,USA,alabama,,58335.0,1840015524
3989,madison,Madison,38.7581,-85.3973,United States,US,USA,indiana,,12277.0,1840009728
4581,madison heights,Madison Heights,37.4487,-79.1057,United States,US,USA,virginia,,10398.0,1840006372
1765,madison heights,Madison Heights,42.5073,-83.1034,United States,US,USA,michigan,,28411.0,1840002449
5191,madison park,Madison Park,40.4454,-74.2966,United States,US,USA,new jersey,,8798.0,1840005421
2613,madisonville,Madisonville,37.3409,-87.5034,United States,US,USA,kentucky,,19442.0,1840015244
1704,magna,Magna,40.7634,-112.1599,United States,US,USA,utah,,29488.0,1840017499
4364,magnolia,Magnolia,33.2775,-93.2261,United States,US,USA,arkansas,,10973.0,1840015726
4809,mahomet,Mahomet,40.1888,-88.3901,United States,US,USA,illinois,,9755.0,1840012232
5016,mahopac,Mahopac,41.3688,-73.7414,United States,US,USA,new york,,9171.0,1840004891
2010,mahwah,Mahwah,41.0816,-74.1856,United States,US,USA,new jersey,,25375.0,1840081806
5018,maidencreek,Maidencreek,40.4618,-75.8927,United States,US,USA,pennsylvania,,9167.0,1840103346
3999,maili,Maili,21.4133,-158.1701,United States,US,USA,hawaii,,12236.0,1840029522
2633,maitland,Maitland,28.6295,-81.3718,United States,US,USA,florida,,19268.0,1840015964
4771,makaha,Makaha,21.4739,-158.2102,United States,US,USA,hawaii,,9898.0,1840029523
2515,makakilo,Makakilo,21.3591,-158.0813,United States,US,USA,hawaii,,20372.0,1840137080
769,malden,Malden,42.4305,-71.0576,United States,US,USA,massachusetts,,65509.0,1840000430
4528,malibu,Malibu,34.037,-118.7839,United States,US,USA,california,,10516.0,1840028310
4130,malone,Malone,44.7956,-74.2859,United States,US,USA,new york,,11714.0,1840004067
2949,malta,Malta,42.9853,-73.7879,United States,US,USA,new york,,17277.0,1840058280
4401,maltby,Maltby,47.8027,-122.1044,United States,US,USA,washington,,10859.0,1840017326
4375,malvern,Malvern,34.3734,-92.8205,United States,US,USA,arkansas,,10938.0,1840015563
3880,mamakating,Mamakating,41.586,-74.4951,United States,US,USA,new york,,12659.0,1840087643
1607,mamaroneck,Mamaroneck,40.9443,-73.7488,United States,US,USA,new york,,31244.0,1840004935
1209,manalapan,Manalapan,40.28,-74.3436,United States,US,USA,new jersey,,40666.0,1840081648
1153,manassas,Manassas,38.7479,-77.4838,United States,US,USA,virginia,,42674.0,1840003839
3011,manassas park,Manassas Park,38.7709,-77.4429,United States,US,USA,virginia,,16923.0,1840003838
278,manchester,Manchester,42.9848,-71.4447,United States,US,USA,new hampshire,,162716.0,1840002983
3881,manchester,Manchester,35.463,-86.0774,United States,US,USA,tennessee,,12651.0,1840015409
2805,manchester,Manchester,38.583,-90.5064,United States,US,USA,missouri,,18189.0,1840009739
3972,manchester,Manchester,37.4902,-77.5396,United States,US,USA,virginia,,12347.0,1840024785
1084,manchester,Manchester,39.9652,-74.3738,United States,US,USA,new jersey,,45527.0,1840081608
4934,manchester,Manchester,42.9921,-77.1897,United States,US,USA,new york,,9380.0,1840004410
2116,mandan,Mandan,46.829,-100.887,United States,US,USA,north dakota,,24293.0,1840000199
400,mandeville,Mandeville,30.3751,-90.0904,United States,US,USA,louisiana,,115292.0,1840015909
3793,mango,Mango,27.9914,-82.307,United States,US,USA,florida,,13037.0,1840014157
927,manhattan,Manhattan,39.1886,-96.6048,United States,US,USA,kansas,,53951.0,1840001589
4611,manhattan,Manhattan,41.4274,-87.9805,United States,US,USA,illinois,,10315.0,1840011490
33,manhattan,Manhattan,40.7834,-73.9662,United States,US,USA,new york,,1694263.0,1840034000
1438,manhattan beach,Manhattan Beach,33.8894,-118.3967,United States,US,USA,california,,34584.0,1840020496
1440,manitowoc,Manitowoc,44.0991,-87.6812,United States,US,USA,wisconsin,,34553.0,1840002213
1103,mankato,Mankato,44.1715,-93.9772,United States,US,USA,minnesota,,44882.0,1840008975
1495,manlius,Manlius,43.049,-75.9792,United States,US,USA,new york,,33402.0,1840004323
2344,manor,Manor,39.9848,-76.4216,United States,US,USA,pennsylvania,,21888.0,1840147751
3013,manor,Manor,30.3562,-97.5227,United States,US,USA,texas,,16917.0,1840020890
3858,manorville,Manorville,40.8574,-72.7915,United States,US,USA,new york,,12737.0,1840005088
2156,mansfield,Mansfield,42.0163,-71.2187,United States,US,USA,massachusetts,,23855.0,1840070235
5128,mansfield,Mansfield,40.0853,-74.7149,United States,US,USA,new jersey,,8913.0,1840081639
630,mansfield,Mansfield,40.7656,-82.5275,United States,US,USA,ohio,,77137.0,1840000960
656,mansfield,Mansfield,32.569,-97.1213,United States,US,USA,texas,,75398.0,1840020702
495,manteca,Manteca,37.7927,-121.2264,United States,US,USA,california,,95347.0,1840020265
5116,manteno,Manteno,41.247,-87.8457,United States,US,USA,illinois,,8942.0,1840011703
3300,mantua,Mantua,39.7618,-75.1686,United States,US,USA,new jersey,,15318.0,1840081677
3829,manvel,Manvel,29.4798,-95.3635,United States,US,USA,texas,,12873.0,1840020977
4397,manville,Manville,40.542,-74.5892,United States,US,USA,new jersey,,10870.0,1840003610
706,maple grove,Maple Grove,45.1089,-93.4626,United States,US,USA,minnesota,,70539.0,1840008923
2205,maple heights,Maple Heights,41.4094,-81.5625,United States,US,USA,ohio,,23350.0,1840000611
2548,maple shade,Maple Shade,39.952,-74.995,United States,US,USA,new jersey,,19970.0,1840081625
1784,maple valley,Maple Valley,47.3659,-122.0368,United States,US,USA,washington,,28121.0,1840019828
3974,mapleton,Mapleton,40.1188,-111.5742,United States,US,USA,utah,,12340.0,1840020170
2009,maplewood,Maplewood,40.733,-74.2712,United States,US,USA,new jersey,,25406.0,1840081750
1197,maplewood,Maplewood,44.9842,-93.0247,United States,US,USA,minnesota,,40981.0,1840008937
919,marana,Marana,32.4355,-111.1558,United States,US,USA,arizona,,54487.0,1840023057
4795,marathon,Marathon,24.7263,-81.0374,United States,US,USA,florida,,9831.0,1840016010
2522,marblehead,Marblehead,42.4992,-70.8639,United States,US,USA,massachusetts,,20334.0,1840053532
3187,marco island,Marco Island,25.933,-81.6993,United States,US,USA,florida,,15998.0,1840036141
863,margate,Margate,26.2466,-80.2119,United States,US,USA,florida,,58418.0,1840015999
719,maricopa,Maricopa,33.0408,-112.0011,United States,US,USA,arizona,,69554.0,1840020629
818,marietta,Marietta,33.9533,-84.5422,United States,US,USA,georgia,,61773.0,1840015633
3739,marietta,Marietta,39.4241,-81.4465,United States,US,USA,ohio,,13282.0,1840001545
2300,marina,Marina,36.681,-121.7892,United States,US,USA,california,,22324.0,1840020357
5164,marina del rey,Marina del Rey,33.9765,-118.4486,United States,US,USA,california,,8844.0,1840017920
4324,marinette,Marinette,45.0871,-87.6336,United States,US,USA,wisconsin,,11060.0,1840003930
1178,marion,Marion,42.0451,-91.585,United States,US,USA,iowa,,41690.0,1840008099
1382,marion,Marion,40.5973,-83.1227,United States,US,USA,ohio,,35771.0,1840008332
3647,marion,Marion,35.2035,-90.2059,United States,US,USA,arkansas,,13641.0,1840015445
1839,marion,Marion,40.5497,-85.6604,United States,US,USA,indiana,,27384.0,1840013868
3031,marion,Marion,37.7345,-88.942,United States,US,USA,illinois,,16796.0,1840008712
2304,marion oaks,Marion Oaks,29.0011,-82.1953,United States,US,USA,florida,,22296.0,1840047949
4215,markham,Markham,41.6,-87.6904,United States,US,USA,illinois,,11434.0,1840008130
1183,marlboro,Marlboro,40.3427,-74.2567,United States,US,USA,new jersey,,41506.0,1840081649
5004,marlboro village,Marlboro Village,38.8307,-76.7699,United States,US,USA,maryland,,9200.0,1840039492
5210,marlborough,Marlborough,41.6337,-73.9904,United States,US,USA,new york,,8765.0,1840087655
1188,marlborough,Marlborough,42.3494,-71.5468,United States,US,USA,massachusetts,,41398.0,1840000427
4644,marlton,Marlton,38.762,-76.7857,United States,US,USA,maryland,,10223.0,1840005962
4543,marlton,Marlton,39.9014,-74.9294,United States,US,USA,new jersey,,10473.0,1840005522
2128,marple,Marple,39.9654,-75.3657,United States,US,USA,pennsylvania,,24130.0,1840100266
2480,marquette,Marquette,46.544,-87.4082,United States,US,USA,michigan,,20691.0,1840003923
1572,marrero,Marrero,29.8871,-90.1126,United States,US,USA,louisiana,,31866.0,1840013993
3629,marshall,Marshall,39.1147,-93.201,United States,US,USA,missouri,,13699.0,1840008509
3584,marshall,Marshall,44.4488,-95.7897,United States,US,USA,minnesota,,13880.0,1840007879
4686,marshall,Marshall,40.6453,-80.11,United States,US,USA,pennsylvania,,10117.0,1840146796
2177,marshall,Marshall,32.537,-94.3515,United States,US,USA,texas,,23646.0,1840020739
1830,marshalltown,Marshalltown,42.0343,-92.9068,United States,US,USA,iowa,,27491.0,1840008112
2722,marshfield,Marshfield,44.6627,-90.1728,United States,US,USA,wisconsin,,18718.0,1840002336
1967,marshfield,Marshfield,42.114,-70.7151,United States,US,USA,massachusetts,,25795.0,1840053681
2262,martha lake,Martha Lake,47.8479,-122.2327,United States,US,USA,washington,,22740.0,1840037875
4398,martin,Martin,36.3385,-88.8513,United States,US,USA,tennessee,,10864.0,1840015282
1333,martinez,Martinez,37.9985,-122.1161,United States,US,USA,california,,36926.0,1840020278
1506,martinez,Martinez,33.5209,-82.0985,United States,US,USA,georgia,,33019.0,1840013747
2713,martinsburg,Martinsburg,39.4582,-77.9776,United States,US,USA,west virginia,,18805.0,1840005742
3660,martinsville,Martinsville,36.6826,-79.8636,United States,US,USA,virginia,,13584.0,1840001727
4075,martinsville,Martinsville,39.4149,-86.4316,United States,US,USA,indiana,,11913.0,1840008461
4053,martinsville,Martinsville,40.603,-74.5751,United States,US,USA,new jersey,,12016.0,1840024279
2733,maryland city,Maryland City,39.1016,-76.8051,United States,US,USA,maryland,,18669.0,1840005922
1793,maryland heights,Maryland Heights,38.7189,-90.4749,United States,US,USA,missouri,,27981.0,1840008591
4753,marysville,Marysville,42.9084,-82.4806,United States,US,USA,michigan,,9942.0,1840003957
269,marysville,Marysville,48.0809,-122.1561,United States,US,USA,washington,,168664.0,1840019789
3866,marysville,Marysville,39.1518,-121.5835,United States,US,USA,california,,12703.0,1840020219
1903,marysville,Marysville,40.2279,-83.3595,United States,US,USA,ohio,,26540.0,1840008355
4513,maryville,Maryville,40.3428,-94.8702,United States,US,USA,missouri,,10556.0,1840008349
1545,maryville,Maryville,35.7468,-83.9789,United States,US,USA,tennessee,,32196.0,1840015380
5220,mascoutah,Mascoutah,38.5192,-89.8045,United States,US,USA,illinois,,8743.0,1840008631
3315,mashpee,Mashpee,41.6178,-70.4908,United States,US,USA,massachusetts,,15234.0,1840053502
1418,mason,Mason,39.3571,-84.3023,United States,US,USA,ohio,,35148.0,1840008467
1853,mason city,Mason City,43.1487,-93.1997,United States,US,USA,iowa,,27135.0,1840000380
2352,massapequa,Massapequa,40.6676,-73.4706,United States,US,USA,new york,,21822.0,1840005274
3001,massapequa park,Massapequa Park,40.6817,-73.4496,United States,US,USA,new york,,16985.0,1840005307
3966,massena,Massena,44.9609,-74.8339,United States,US,USA,new york,,12369.0,1840004058
1548,massillon,Massillon,40.7838,-81.5254,United States,US,USA,ohio,,32177.0,1840000965
3350,mastic,Mastic,40.8096,-72.8479,United States,US,USA,new york,,15031.0,1840005090
3108,mastic beach,Mastic Beach,40.7664,-72.8369,United States,US,USA,new york,,16382.0,1840005089
4846,matawan,Matawan,40.4127,-74.2365,United States,US,USA,new jersey,,9636.0,1840003675
2730,matteson,Matteson,41.5095,-87.7468,United States,US,USA,illinois,,18681.0,1840011293
1673,matthews,Matthews,35.1195,-80.7101,United States,US,USA,north carolina,,29959.0,1840016350
3120,mattoon,Mattoon,39.4774,-88.3623,United States,US,USA,illinois,,16334.0,1840008449
254,mauldin,Mauldin,34.7821,-82.3032,United States,US,USA,south carolina,,179196.0,1840015476
3619,maumee,Maumee,41.5696,-83.6636,United States,US,USA,ohio,,13765.0,1840000569
2631,maumelle,Maumelle,34.8522,-92.4,United States,US,USA,arkansas,,19286.0,1840015510
4768,mayfield,Mayfield,36.7371,-88.6447,United States,US,USA,kentucky,,9905.0,1840015268
2541,mayfield heights,Mayfield Heights,41.5174,-81.4534,United States,US,USA,ohio,,20082.0,1840000613
4474,maynard,Maynard,42.4264,-71.4561,United States,US,USA,massachusetts,,10663.0,1840053481
3251,mays chapel,Mays Chapel,39.4343,-76.6516,United States,US,USA,maryland,,15616.0,1840031492
5204,maysville,Maysville,38.6455,-83.7911,United States,US,USA,kentucky,,8778.0,1840015180
4716,maywood,Maywood,40.9025,-74.0634,United States,US,USA,new jersey,,10042.0,1840003536
2079,maywood,Maywood,33.9886,-118.1877,United States,US,USA,california,,24593.0,1840020497
2223,maywood,Maywood,41.8798,-87.8442,United States,US,USA,illinois,,23173.0,1840011294
2824,mcalester,McAlester,34.9257,-95.7734,United States,US,USA,oklahoma,,18098.0,1840020457
58,mcallen,McAllen,26.2252,-98.2467,United States,US,USA,texas,,810034.0,1840021024
3574,mccalla,McCalla,33.3023,-87.0302,United States,US,USA,alabama,,13939.0,1840041400
1721,mccandless,McCandless,40.5836,-80.0283,United States,US,USA,pennsylvania,,29258.0,1840148208
4008,mccomb,McComb,31.2442,-90.4716,United States,US,USA,mississippi,,12202.0,1840015877
4832,mccordsville,McCordsville,39.8966,-85.9208,United States,US,USA,indiana,,9700.0,1840009526
1670,mcdonough,McDonough,33.4397,-84.1505,United States,US,USA,georgia,,30056.0,1840015706
3537,mcfarland,McFarland,35.6781,-119.2413,United States,US,USA,california,,14138.0,1840020419
4987,mcfarland,McFarland,43.0203,-89.2828,United States,US,USA,wisconsin,,9230.0,1840002914
1809,mchenry,McHenry,42.3387,-88.2932,United States,US,USA,illinois,,27774.0,1840008085
4407,mckee city,McKee City,39.4465,-74.6445,United States,US,USA,new jersey,,10843.0,1840081031
2905,mckeesport,McKeesport,40.3418,-79.844,United States,US,USA,pennsylvania,,17520.0,1840001243
2970,mckinleyville,McKinleyville,40.9488,-124.0857,United States,US,USA,california,,17152.0,1840017485
227,mckinney,McKinney,33.2016,-96.667,United States,US,USA,texas,,202314.0,1840020657
989,mclean,McLean,38.9436,-77.1943,United States,US,USA,virginia,,50232.0,1840006018
1443,mcminnville,McMinnville,45.211,-123.1918,United States,US,USA,oregon,,34493.0,1840019956
3618,mcminnville,McMinnville,35.6864,-85.7812,United States,US,USA,tennessee,,13765.0,1840015385
2288,mcnair,McNair,38.9513,-77.4115,United States,US,USA,virginia,,22451.0,1840041794
3573,mcpherson,McPherson,38.3714,-97.6605,United States,US,USA,kansas,,13956.0,1840001659
2597,mead valley,Mead Valley,33.8333,-117.2852,United States,US,USA,california,,19588.0,1840028331
5096,meadow lakes,Meadow Lakes,61.638,-149.608,United States,US,USA,alaska,,8994.0,1840023681
1206,meadow woods,Meadow Woods,28.3698,-81.3467,United States,US,USA,florida,,40741.0,1840029057
2514,meadowbrook,Meadowbrook,37.4301,-77.474,United States,US,USA,virginia,,20383.0,1840024786
5118,meadowbrook,Meadowbrook,33.3935,-86.7041,United States,US,USA,alabama,,8939.0,1840027633
3862,meadville,Meadville,41.6476,-80.1468,United States,US,USA,pennsylvania,,12723.0,1840000558
2699,mebane,Mebane,36.0852,-79.2736,United States,US,USA,north carolina,,18899.0,1840015328
4878,mechanicsburg,Mechanicsburg,40.2115,-77.006,United States,US,USA,pennsylvania,,9535.0,1840001388
1286,mechanicsville,Mechanicsville,37.6263,-77.3561,United States,US,USA,virginia,,38437.0,1840006340
3816,medfield,Medfield,42.1848,-71.305,United States,US,USA,massachusetts,,12923.0,1840053552
275,medford,Medford,42.3372,-122.854,United States,US,USA,oregon,,164628.0,1840020076
857,medford,Medford,42.4234,-71.1087,United States,US,USA,massachusetts,,59062.0,1840000431
1980,medford,Medford,40.822,-72.9859,United States,US,USA,new york,,25681.0,1840005043
2081,medford,Medford,39.8639,-74.8231,United States,US,USA,new jersey,,24588.0,1840081614
1944,medina,Medina,41.1358,-81.8695,United States,US,USA,ohio,,26040.0,1840003486
4131,medulla,Medulla,27.957,-81.9866,United States,US,USA,florida,,11712.0,1840014131
3748,medway,Medway,42.1535,-71.4291,United States,US,USA,massachusetts,,13251.0,1840053674
1730,mehlville,Mehlville,38.5018,-90.3149,United States,US,USA,missouri,,29089.0,1840006120
554,melbourne,Melbourne,28.1086,-80.6627,United States,US,USA,florida,,85718.0,1840015960
2909,melissa,Melissa,33.2891,-96.5573,United States,US,USA,texas,,17497.0,1840020658
1703,melrose,Melrose,42.4556,-71.059,United States,US,USA,massachusetts,,29488.0,1840000432
2091,melrose park,Melrose Park,41.903,-87.8636,United States,US,USA,illinois,,24513.0,1840011296
2650,melville,Melville,40.7824,-73.4088,United States,US,USA,new york,,19187.0,1840005044
3901,melvindale,Melvindale,42.2802,-83.1782,United States,US,USA,michigan,,12605.0,1840003986
4486,memphis,Memphis,27.5435,-82.5608,United States,US,USA,florida,,10626.0,1840014172
47,memphis,Memphis,35.1087,-89.9663,United States,US,USA,tennessee,,1033394.0,1840015457
2817,menasha,Menasha,44.2125,-88.4271,United States,US,USA,wisconsin,,18130.0,1840002243
5071,mendon,Mendon,42.9859,-77.5479,United States,US,USA,new york,,9060.0,1840058299
3922,mendota,Mendota,36.7555,-120.3776,United States,US,USA,california,,12554.0,1840020321
4151,mendota heights,Mendota Heights,44.8815,-93.14,United States,US,USA,minnesota,,11644.0,1840007855
441,menifee,Menifee,33.6909,-117.1849,United States,US,USA,california,,107020.0,1840022903
1526,menlo park,Menlo Park,37.4685,-122.1673,United States,US,USA,california,,32775.0,1840020305
1265,menomonee falls,Menomonee Falls,43.1487,-88.1227,United States,US,USA,wisconsin,,38963.0,1840003020
3071,menomonie,Menomonie,44.8893,-91.9084,United States,US,USA,wisconsin,,16548.0,1840037988
4898,mentone,Mentone,34.0609,-117.1108,United States,US,USA,california,,9487.0,1840019109
1048,mentor,Mentor,41.6893,-81.3362,United States,US,USA,ohio,,47215.0,1840000539
2022,mequon,Mequon,43.2352,-87.9839,United States,US,USA,wisconsin,,25259.0,1840037989
277,merced,Merced,37.3057,-120.4779,United States,US,USA,california,,163257.0,1840020313
3095,mercedes,Mercedes,26.1533,-97.9128,United States,US,USA,texas,,16449.0,1840021025
2018,mercer island,Mercer Island,47.5661,-122.232,United States,US,USA,washington,,25282.0,1840019830
3631,mercerville,Mercerville,40.236,-74.6917,United States,US,USA,new jersey,,13693.0,1840033344
833,meriden,Meriden,41.5369,-72.7946,United States,US,USA,connecticut,,60418.0,1840004848
1445,meridian,Meridian,32.3846,-88.6896,United States,US,USA,mississippi,,34466.0,1840014891
364,meridian,Meridian,43.6116,-116.3977,United States,US,USA,idaho,,124865.0,1840020046
4633,meridianville,Meridianville,34.8729,-86.5722,United States,US,USA,alabama,,10268.0,1840013546
4334,merriam,Merriam,39.0186,-94.6933,United States,US,USA,kansas,,11036.0,1840003830
2353,merrick,Merrick,40.6515,-73.5535,United States,US,USA,new york,,21816.0,1840005238
2496,merrifield,Merrifield,38.8731,-77.2426,United States,US,USA,virginia,,20549.0,1840006019
4989,merrill,Merrill,45.182,-89.6994,United States,US,USA,wisconsin,,9224.0,1840001562
1354,merrillville,Merrillville,41.4728,-87.3196,United States,US,USA,indiana,,36343.0,1840009261
1819,merrimack,Merrimack,42.8547,-71.5188,United States,US,USA,new hampshire,,27656.0,1840080351
1432,merritt island,Merritt Island,28.3139,-80.6708,United States,US,USA,florida,,34718.0,1840014076
5027,merrydale,Merrydale,30.4998,-91.1081,United States,US,USA,louisiana,,9149.0,1840013940
84,mesa,Mesa,33.4015,-111.7178,United States,US,USA,arizona,,507478.0,1840020566
308,mesquite,Mesquite,32.7602,-96.5865,United States,US,USA,texas,,148848.0,1840020713
2411,mesquite,Mesquite,36.8032,-114.133,United States,US,USA,nevada,,21314.0,1840020362
328,metairie,Metairie,29.9977,-90.178,United States,US,USA,louisiana,,138995.0,1840013994
943,methuen town,Methuen Town,42.734,-71.1889,United States,US,USA,massachusetts,,53043.0,1840031195
3363,metuchen,Metuchen,40.5424,-74.3628,United States,US,USA,new jersey,,14982.0,1840003633
4194,mexico,Mexico,39.1625,-91.8712,United States,US,USA,missouri,,11487.0,1840008515
3,miami,Miami,25.784,-80.2101,United States,US,USA,florida,,6113982.0,1840015149
3808,miami,Miami,36.8878,-94.8711,United States,US,USA,oklahoma,,12960.0,1840020346
590,miami beach,Miami Beach,25.8171,-80.1396,United States,US,USA,florida,,81319.0,1840015150
418,miami gardens,Miami Gardens,25.9433,-80.2426,United States,US,USA,florida,,111264.0,1840015151
1638,miami lakes,Miami Lakes,25.9125,-80.3214,United States,US,USA,florida,,30731.0,1840017275
4158,miami shores,Miami Shores,25.867,-80.1779,United States,US,USA,florida,,11627.0,1840018334
3656,miami springs,Miami Springs,25.8195,-80.2894,United States,US,USA,florida,,13606.0,1840015152
2563,miamisburg,Miamisburg,39.6322,-84.2724,United States,US,USA,ohio,,19859.0,1840008436
5073,micco,Micco,27.8683,-80.51,United States,US,USA,florida,,9053.0,1840014077
728,michigan city,Michigan City,41.7092,-86.869,United States,US,USA,indiana,,68617.0,1840013869
2520,middle,Middle,39.0852,-74.8337,United States,US,USA,new jersey,,20347.0,1840081576
4314,middle island,Middle Island,40.8857,-72.9454,United States,US,USA,new york,,11086.0,1840005045
1592,middle river,Middle River,39.3436,-76.4253,United States,US,USA,maryland,,31616.0,1840005682
3170,middle smithfield,Middle Smithfield,41.0918,-75.1031,United States,US,USA,pennsylvania,,16051.0,1840150869
4098,middle valley,Middle Valley,35.1877,-85.1959,United States,US,USA,tennessee,,11808.0,1840013450
2109,middleborough,Middleborough,41.8803,-70.8745,United States,US,USA,massachusetts,,24360.0,1840070288
4077,middleburg,Middleburg,30.0502,-81.9011,United States,US,USA,florida,,11911.0,1840013998
3218,middleburg heights,Middleburg Heights,41.3696,-81.815,United States,US,USA,ohio,,15817.0,1840000614
5022,middlebury,Middlebury,44.0043,-73.1218,United States,US,USA,vermont,,9157.0,1840070864
4974,middlesborough,Middlesborough,36.6127,-83.7227,United States,US,USA,kentucky,,9258.0,1840036079
3451,middlesex,Middlesex,40.5744,-74.5011,United States,US,USA,new jersey,,14518.0,1840001337
2311,middleton,Middleton,43.1064,-89.5059,United States,US,USA,wisconsin,,22235.0,1840002919
4821,middleton,Middleton,42.6043,-71.0164,United States,US,USA,massachusetts,,9727.0,1840053534
4691,middleton,Middleton,43.7113,-116.6157,United States,US,USA,idaho,,10101.0,1840020040
4850,middletown,Middletown,38.241,-85.5214,United States,US,USA,kentucky,,9622.0,1840014295
3012,middletown,Middletown,41.5175,-71.2769,United States,US,USA,rhode island,,16920.0,1840066121
1073,middletown,Middletown,40.179,-74.9059,United States,US,USA,pennsylvania,,45860.0,1840152880
3084,middletown,Middletown,39.9094,-75.4311,United States,US,USA,pennsylvania,,16503.0,1840152839
4865,middletown,Middletown,40.201,-76.7289,United States,US,USA,pennsylvania,,9567.0,1840001291
1666,middletown,Middletown,41.4459,-74.4236,United States,US,USA,new york,,30227.0,1840000585
753,middletown,Middletown,40.3892,-74.082,United States,US,USA,new jersey,,66849.0,1840081835
1042,middletown,Middletown,41.5476,-72.6549,United States,US,USA,connecticut,,47646.0,1840004844
2134,middletown,Middletown,39.445,-75.7183,United States,US,USA,delaware,,24071.0,1840005581
491,middletown,Middletown,39.5033,-84.3659,United States,US,USA,ohio,,95894.0,1840003804
320,midland,Midland,32.0243,-102.1147,United States,US,USA,texas,,143714.0,1840020792
1160,midland,Midland,43.6241,-84.2319,United States,US,USA,michigan,,42461.0,1840002660
5258,midland,Midland,47.1734,-122.412,United States,US,USA,washington,,8676.0,1840018452
3556,midlothian,Midlothian,41.6254,-87.7243,United States,US,USA,illinois,,14024.0,1840011298
2724,midlothian,Midlothian,37.4856,-77.6522,United States,US,USA,virginia,,18702.0,1840037396
1325,midlothian,Midlothian,32.4669,-96.989,United States,US,USA,texas,,37256.0,1840020757
1386,midvale,Midvale,40.6148,-111.8927,United States,US,USA,utah,,35736.0,1840020158
2474,midway,Midway,30.4169,-87.0229,United States,US,USA,florida,,20745.0,1840143881
869,midwest city,Midwest City,35.463,-97.371,United States,US,USA,oklahoma,,58170.0,1840020425
1662,milford,Milford,42.1565,-71.5188,United States,US,USA,massachusetts,,30304.0,1840053594
3128,milford,Milford,42.8178,-71.6736,United States,US,USA,new hampshire,,16258.0,1840055182
4010,milford,Milford,38.9091,-75.4227,United States,US,USA,delaware,,12193.0,1840006069
4655,milford,Milford,40.4291,-75.4153,United States,US,USA,pennsylvania,,10210.0,1840151115
984,milford city,Milford city,41.2255,-73.0625,United States,US,USA,connecticut,,50749.0,1840028605
1567,milford mill,Milford Mill,39.3444,-76.7668,United States,US,USA,maryland,,31939.0,1840031493
2335,mililani mauka,Mililani Mauka,21.4756,-157.9948,United States,US,USA,hawaii,,21967.0,1840039224
1829,mililani town,Mililani Town,21.4465,-158.0147,United States,US,USA,hawaii,,27495.0,1840023249
2460,mill creek,Mill Creek,47.8631,-122.2037,United States,US,USA,washington,,20846.0,1840019790
2001,mill creek east,Mill Creek East,47.8361,-122.1877,United States,US,USA,washington,,25461.0,1840041996
3549,mill valley,Mill Valley,37.9086,-122.5421,United States,US,USA,california,,14064.0,1840020259
2274,millbrae,Millbrae,37.5994,-122.4023,United States,US,USA,california,,22589.0,1840020306
3010,millbrook,Millbrook,32.5027,-86.3737,United States,US,USA,alabama,,16923.0,1840014877
2359,millburn,Millburn,40.7394,-74.324,United States,US,USA,new jersey,,21793.0,1840081751
3580,millbury,Millbury,42.1925,-71.7741,United States,US,USA,massachusetts,,13899.0,1840053595
796,millcreek,Millcreek,40.6892,-111.8292,United States,US,USA,utah,,63342.0,1840018744
934,millcreek,Millcreek,42.0859,-80.1194,United States,US,USA,pennsylvania,,53634.0,1840143176
3017,milledgeville,Milledgeville,33.0874,-83.2414,United States,US,USA,georgia,,16873.0,1840014857
4116,miller place,Miller Place,40.9374,-72.9864,United States,US,USA,new york,,11743.0,1840005046
5235,millersville,Millersville,40.0047,-76.3522,United States,US,USA,pennsylvania,,8711.0,1840003722
5247,milliken,Milliken,40.3115,-104.8561,United States,US,USA,colorado,,8695.0,1840022397
4305,millington,Millington,35.335,-89.8991,United States,US,USA,tennessee,,11117.0,1840014593
5245,millis,Millis,42.1693,-71.3626,United States,US,USA,massachusetts,,8699.0,1840070268
4600,millstone,Millstone,40.2123,-74.4302,United States,US,USA,new jersey,,10354.0,1840152826
1836,millville,Millville,39.3903,-75.0561,United States,US,USA,new jersey,,27432.0,1840001550
620,milpitas,Milpitas,37.4336,-121.8921,United States,US,USA,california,,78216.0,1840020329
1189,milton,Milton,34.1353,-84.3139,United States,US,USA,georgia,,41305.0,1840014738
5218,milton,Milton,47.2524,-122.3153,United States,US,USA,washington,,8747.0,1840019857
4448,milton,Milton,44.6429,-73.1538,United States,US,USA,vermont,,10723.0,1840070912
4536,milton,Milton,30.6286,-87.0522,United States,US,USA,florida,,10485.0,1840015006
1760,milton,Milton,42.2412,-71.0844,United States,US,USA,massachusetts,,28481.0,1840053675
2698,milton,Milton,43.0406,-73.8998,United States,US,USA,new york,,18900.0,1840058308
41,milwaukee,Milwaukee,43.0642,-87.9675,United States,US,USA,wisconsin,,1290221.0,1840003046
2419,milwaukie,Milwaukie,45.4445,-122.6219,United States,US,USA,oregon,,21256.0,1840019952
4167,minden,Minden,32.6187,-93.2762,United States,US,USA,louisiana,,11604.0,1840014864
2433,mineola,Mineola,40.747,-73.6394,United States,US,USA,new york,,21082.0,1840005310
3330,mineral wells,Mineral Wells,32.8169,-98.0776,United States,US,USA,texas,,15130.0,1840020689
15,minneapolis,Minneapolis,44.9635,-93.2678,United States,US,USA,minnesota,,2906807.0,1840007830
4031,minnehaha,Minnehaha,45.6577,-122.6204,United States,US,USA,washington,,12080.0,1840018518
3292,minneola,Minneola,28.6067,-81.7322,United States,US,USA,florida,,15371.0,1840015081
939,minnetonka,Minnetonka,44.9322,-93.4598,United States,US,USA,minnesota,,53256.0,1840007831
5336,minnetrista,Minnetrista,44.9356,-93.7107,United States,US,USA,minnesota,,8509.0,1840007833
3888,minooka,Minooka,41.4507,-88.2791,United States,US,USA,illinois,,12632.0,1840011618
1034,minot,Minot,48.2375,-101.278,United States,US,USA,north dakota,,47922.0,1840000053
1867,mint hill,Mint Hill,35.1783,-80.6528,United States,US,USA,north carolina,,26954.0,1840016351
335,miramar,Miramar,25.9773,-80.3351,United States,US,USA,florida,,135986.0,1840015137
5297,miramar beach,Miramar Beach,30.3854,-86.3442,United States,US,USA,florida,,8587.0,1840013925
979,mishawaka,Mishawaka,41.6742,-86.1666,United States,US,USA,indiana,,50907.0,1840014695
547,mission,Mission,26.2039,-98.3256,United States,US,USA,texas,,86234.0,1840021026
4761,mission,Mission,39.027,-94.6568,United States,US,USA,kansas,,9928.0,1840003831
1322,mission bend,Mission Bend,29.6948,-95.6658,United States,US,USA,texas,,37280.0,1840019643
70,mission viejo,Mission Viejo,33.6096,-117.6551,United States,US,USA,california,,634674.0,1840020580
511,missoula,Missoula,46.8751,-114.0214,United States,US,USA,montana,,92942.0,1840019840
658,missouri city,Missouri City,29.563,-95.5365,United States,US,USA,texas,,75234.0,1840020950
3247,mitchell,Mitchell,43.7294,-98.0337,United States,US,USA,south dakota,,15637.0,1840002642
4246,mitchellville,Mitchellville,38.9358,-76.8146,United States,US,USA,maryland,,11325.0,1840005951
3650,moberly,Moberly,39.4179,-92.4364,United States,US,USA,missouri,,13634.0,1840008463
134,mobile,Mobile,30.6782,-88.1162,United States,US,USA,alabama,,324067.0,1840006009
121,modesto,Modesto,37.6375,-121.0028,United States,US,USA,california,,355686.0,1840020287
2555,mokena,Mokena,41.5327,-87.8781,United States,US,USA,illinois,,19906.0,1840011491
4670,molalla,Molalla,45.1502,-122.5845,United States,US,USA,oregon,,10168.0,1840019953
1164,moline,Moline,41.4821,-90.492,United States,US,USA,illinois,,42235.0,1840008181
3483,moncks corner,Moncks Corner,33.173,-80.0107,United States,US,USA,south carolina,,14362.0,1840016863
4819,monett,Monett,36.9218,-93.9278,United States,US,USA,missouri,,9734.0,1840008797
4007,monfort heights,Monfort Heights,39.1823,-84.6075,United States,US,USA,ohio,,12203.0,1840034325
5195,monmouth,Monmouth,40.914,-90.6425,United States,US,USA,illinois,,8794.0,1840008283
4287,monmouth,Monmouth,44.8505,-123.2284,United States,US,USA,oregon,,11176.0,1840019971
4915,monmouth junction,Monmouth Junction,40.3754,-74.5582,United States,US,USA,new jersey,,9457.0,1840005415
5291,monona,Monona,43.054,-89.3334,United States,US,USA,wisconsin,,8604.0,1840002920
3351,monroe,Monroe,39.4461,-84.3667,United States,US,USA,ohio,,15024.0,1840008465
2523,monroe,Monroe,41.9155,-83.3849,United States,US,USA,michigan,,20330.0,1840003987
385,monroe,Monroe,32.5185,-92.0774,United States,US,USA,louisiana,,117507.0,1840014881
2584,monroe,Monroe,47.8595,-121.9851,United States,US,USA,washington,,19696.0,1840019791
4509,monroe,Monroe,42.603,-89.6381,United States,US,USA,wisconsin,,10568.0,1840002464
1028,monroe,Monroe,40.3191,-74.4286,United States,US,USA,new jersey,,48299.0,1840056354
2413,monroe,Monroe,41.3043,-74.1941,United States,US,USA,new york,,21299.0,1840004874
3298,monroe,Monroe,33.799,-83.7161,United States,US,USA,georgia,,15336.0,1840014786
1394,monroe,Monroe,35.0063,-80.5596,United States,US,USA,north carolina,,35596.0,1840014613
1768,monroeville,Monroeville,40.4262,-79.7605,United States,US,USA,pennsylvania,,28383.0,1840003631
1313,monrovia,Monrovia,34.165,-117.9921,United States,US,USA,california,,37553.0,1840020498
1805,monsey,Monsey,41.1181,-74.0682,United States,US,USA,new york,,27787.0,1840004961
5342,montague,Montague,42.5549,-72.5177,United States,US,USA,massachusetts,,8501.0,1840053435
2306,montclair,Montclair,38.6111,-77.34,United States,US,USA,virginia,,22295.0,1840006095
1302,montclair,Montclair,34.0715,-117.6981,United States,US,USA,california,,37809.0,1840020408
1232,montclair,Montclair,40.8253,-74.2111,United States,US,USA,new jersey,,39873.0,1840131597
824,montebello,Montebello,34.0155,-118.1108,United States,US,USA,california,,61376.0,1840020499
5177,montecito,Montecito,34.4384,-119.6309,United States,US,USA,california,,8823.0,1840019182
1686,monterey,Monterey,36.5919,-121.8808,United States,US,USA,california,,29772.0,1840020358
847,monterey park,Monterey Park,34.0497,-118.1326,United States,US,USA,california,,59639.0,1840020500
4416,montgomery,Montgomery,39.2496,-84.3458,United States,US,USA,ohio,,10816.0,1840008521
181,montgomery,Montgomery,32.3482,-86.2668,United States,US,USA,alabama,admin,251545.0,1840008353
1955,montgomery,Montgomery,40.2411,-75.2318,United States,US,USA,pennsylvania,,25945.0,1840142129
2216,montgomery,Montgomery,41.5399,-74.2073,United States,US,USA,new york,,23235.0,1840004875
2178,montgomery,Montgomery,40.426,-74.6791,United States,US,USA,new jersey,,23643.0,1840081698
2422,montgomery,Montgomery,41.7237,-88.3633,United States,US,USA,illinois,,21205.0,1840011350
1458,montgomery village,Montgomery Village,39.1788,-77.1954,United States,US,USA,maryland,,34161.0,1840005834
3665,montgomeryville,Montgomeryville,40.2502,-75.2405,United States,US,USA,pennsylvania,,13572.0,1840005457
3430,monticello,Monticello,45.2991,-93.7996,United States,US,USA,minnesota,,14607.0,1840007795
5343,montpelier,Montpelier,44.2659,-72.5717,United States,US,USA,vermont,admin,8038.0,1840002187
2478,montrose,Montrose,38.4689,-107.859,United States,US,USA,colorado,,20703.0,1840020251
5282,montrose,Montrose,37.52,-77.3772,United States,US,USA,virginia,,8624.0,1840006389
5281,montvale,Montvale,41.0529,-74.0499,United States,US,USA,new jersey,,8625.0,1840000906
2291,montville,Montville,40.9135,-74.3594,United States,US,USA,new jersey,,22421.0,1840081737
4335,monument,Monument,39.0736,-104.8467,United States,US,USA,colorado,,11035.0,1840022474
3705,moody,Moody,33.5986,-86.4963,United States,US,USA,alabama,,13378.0,1840014770
1872,moon,Moon,40.5081,-80.2074,United States,US,USA,pennsylvania,,26917.0,1840035106
800,moore,Moore,35.3293,-97.4757,United States,US,USA,oklahoma,,63045.0,1840020449
4945,moore,Moore,40.7798,-75.422,United States,US,USA,pennsylvania,,9333.0,1840142184
2398,moorestown,Moorestown,39.9784,-74.9413,United States,US,USA,new jersey,,21411.0,1840081626
3448,moorestown-lenola,Moorestown-Lenola,39.9659,-74.9643,United States,US,USA,new jersey,,14523.0,1840035113
4852,mooresville,Mooresville,39.6022,-86.3681,United States,US,USA,indiana,,9608.0,1840009668
962,mooresville,Mooresville,35.5847,-80.8266,United States,US,USA,north carolina,,51447.0,1840016215
1106,moorhead,Moorhead,46.8673,-96.7461,United States,US,USA,minnesota,,44706.0,1840007731
1369,moorpark,Moorpark,34.2861,-118.8768,United States,US,USA,california,,35957.0,1840020472
3032,moraga,Moraga,37.8439,-122.1225,United States,US,USA,california,,16790.0,1840022538
3088,moreau,Moreau,43.2469,-73.6659,United States,US,USA,new york,,16489.0,1840087689
4833,morehead city,Morehead City,34.7308,-76.7388,United States,US,USA,north carolina,,9696.0,1840016482
215,moreno valley,Moreno Valley,33.9244,-117.2045,United States,US,USA,california,,210378.0,1840020552
4276,morgan city,Morgan City,29.7041,-91.192,United States,US,USA,louisiana,,11208.0,1840015056
1092,morgan hill,Morgan Hill,37.1325,-121.6419,United States,US,USA,california,,45152.0,1840020331
2898,morganton,Morganton,35.7408,-81.7002,United States,US,USA,north carolina,,17541.0,1840014504
598,morgantown,Morgantown,39.6383,-79.9464,United States,US,USA,west virginia,,80626.0,1840005647
2214,morris,Morris,40.7959,-74.4945,United States,US,USA,new jersey,,23239.0,1840081723
3400,morris,Morris,41.3749,-88.4304,United States,US,USA,illinois,,14775.0,1840008243
2528,morristown,Morristown,40.7967,-74.4772,United States,US,USA,new jersey,,20256.0,1840003577
759,morristown,Morristown,36.2043,-83.3001,United States,US,USA,tennessee,,66407.0,1840014467
4815,morrisville,Morrisville,40.2074,-74.78,United States,US,USA,pennsylvania,,9740.0,1840001326
1649,morrisville,Morrisville,35.8368,-78.8348,United States,US,USA,north carolina,,30471.0,1840016195
4451,morro bay,Morro Bay,35.3682,-120.8482,United States,US,USA,california,,10717.0,1840020415
3083,morton,Morton,40.6135,-89.4669,United States,US,USA,illinois,,16503.0,1840011991
2068,morton grove,Morton Grove,42.0423,-87.789,United States,US,USA,illinois,,24687.0,1840011299
1959,moscow,Moscow,46.7308,-116.9986,United States,US,USA,idaho,,25868.0,1840019868
1988,moses lake,Moses Lake,47.1279,-119.2759,United States,US,USA,washington,,25594.0,1840019817
4208,moss bluff,Moss Bluff,30.3039,-93.2051,United States,US,USA,louisiana,,11451.0,1840013962
4038,moss point,Moss Point,30.4241,-88.5289,United States,US,USA,mississippi,,12066.0,1840015016
3445,moultrie,Moultrie,31.1591,-83.7708,United States,US,USA,georgia,,14545.0,1840014977
5011,mound,Mound,44.9328,-93.6591,United States,US,USA,minnesota,,9176.0,1840007828
3805,mounds view,Mounds View,45.1071,-93.2076,United States,US,USA,minnesota,,12992.0,1840007840
4482,mount airy,Mount Airy,36.5083,-80.6155,United States,US,USA,north carolina,,10631.0,1840014430
4814,mount airy,Mount Airy,39.3742,-77.1534,United States,US,USA,maryland,,9746.0,1840005703
3256,mount clemens,Mount Clemens,42.5977,-82.8821,United States,US,USA,michigan,,15567.0,1840003089
3028,mount dora,Mount Dora,28.8142,-81.6344,United States,US,USA,florida,,16812.0,1840015082
4726,mount holly,Mount Holly,39.995,-74.7863,United States,US,USA,new jersey,,10003.0,1840081635
2850,mount holly,Mount Holly,35.3136,-81.0073,United States,US,USA,north carolina,,17928.0,1840014590
1201,mount juliet,Mount Juliet,36.199,-86.5115,United States,US,USA,tennessee,,40828.0,1840014465
4427,mount kisco,Mount Kisco,41.2016,-73.7281,United States,US,USA,new york,,10782.0,1840004936
1085,mount laurel,Mount Laurel,39.9483,-74.9047,United States,US,USA,new jersey,,45427.0,1840081624
1490,mount lebanon,Mount Lebanon,40.3752,-80.0494,United States,US,USA,pennsylvania,,33555.0,1840133089
1741,mount olive,Mount Olive,40.8662,-74.7426,United States,US,USA,new jersey,,28964.0,1840081727
5058,mount pleasant,Mount Pleasant,40.9625,-91.5452,United States,US,USA,iowa,,9093.0,1840000888
3167,mount pleasant,Mount Pleasant,33.1586,-94.9727,United States,US,USA,texas,,16061.0,1840020666
1105,mount pleasant,Mount Pleasant,41.1119,-73.8121,United States,US,USA,new york,,44753.0,1840058325
2396,mount pleasant,Mount Pleasant,43.5966,-84.7759,United States,US,USA,michigan,,21420.0,1840002663
1818,mount pleasant,Mount Pleasant,42.7129,-87.8876,United States,US,USA,wisconsin,,27694.0,1840038102
513,mount pleasant,Mount Pleasant,32.8537,-79.8203,United States,US,USA,south carolina,,92662.0,1840017286
903,mount prospect,Mount Prospect,42.0641,-87.9375,United States,US,USA,illinois,,55648.0,1840011300
4082,mount sinai,Mount Sinai,40.9372,-73.0179,United States,US,USA,new york,,11876.0,1840005049
755,mount vernon,Mount Vernon,48.4203,-122.3115,United States,US,USA,washington,,66704.0,1840019774
681,mount vernon,Mount Vernon,40.9136,-73.8291,United States,US,USA,new york,,72528.0,1840000781
3775,mount vernon,Mount Vernon,38.714,-77.1043,United States,US,USA,virginia,,13120.0,1840006020
3030,mount vernon,Mount Vernon,40.3854,-82.4737,United States,US,USA,ohio,,16802.0,1840001343
3453,mount vernon,Mount Vernon,38.314,-88.9174,United States,US,USA,illinois,,14492.0,1840008654
4479,mount vista,Mount Vista,45.7373,-122.6316,United States,US,USA,washington,,10635.0,1840037858
2797,mount washington,Mount Washington,38.043,-85.5551,United States,US,USA,kentucky,,18228.0,1840014322
2317,mountain brook,Mountain Brook,33.4871,-86.74,United States,US,USA,alabama,,22160.0,1840014792
3798,mountain home,Mountain Home,36.3351,-92.384,United States,US,USA,arkansas,,13021.0,1840014452
3125,mountain home,Mountain Home,43.1324,-115.697,United States,US,USA,idaho,,16265.0,1840020017
2036,mountain house,Mountain House,37.7673,-121.5449,United States,US,USA,california,,25108.0,1840026768
3779,mountain park,Mountain Park,33.8458,-84.1314,United States,US,USA,georgia,,13102.0,1840143063
4087,mountain top,Mountain Top,41.1353,-75.9045,United States,US,USA,pennsylvania,,11856.0,1840004911
579,mountain view,Mountain View,37.4001,-122.0796,United States,US,USA,california,,82363.0,1840020332
2397,mountlake terrace,Mountlake Terrace,47.7921,-122.3077,United States,US,USA,washington,,21419.0,1840019792
2339,muhlenberg,Muhlenberg,40.3955,-75.925,United States,US,USA,pennsylvania,,21931.0,1840100491
2412,mukilteo,Mukilteo,47.9096,-122.3035,United States,US,USA,washington,,21312.0,1840019793
567,muncie,Muncie,40.1989,-85.395,United States,US,USA,indiana,,83477.0,1840008365
1590,mundelein,Mundelein,42.2693,-88.0102,United States,US,USA,illinois,,31632.0,1840011175
4481,munhall,Munhall,40.3935,-79.9005,United States,US,USA,pennsylvania,,10633.0,1840001247
2170,munster,Munster,41.5468,-87.504,United States,US,USA,indiana,,23733.0,1840009262
246,murfreesboro,Murfreesboro,35.849,-86.4121,United States,US,USA,tennessee,,187601.0,1840014495
5335,murillo,Murillo,26.2642,-98.1233,United States,US,USA,texas,,8511.0,1840037125
2443,murphy,Murphy,33.0186,-96.6105,United States,US,USA,texas,,21001.0,1840020659
5308,murphy,Murphy,38.4922,-90.4856,United States,US,USA,missouri,,8566.0,1840006236
2856,murray,Murray,36.6146,-88.3207,United States,US,USA,kentucky,,17888.0,1840014410
994,murray,Murray,40.6498,-111.8874,United States,US,USA,utah,,49904.0,1840020159
2944,murraysville,Murraysville,34.2919,-77.8429,United States,US,USA,north carolina,,17307.0,1840013631
4701,murrells inlet,Murrells Inlet,33.556,-79.0594,United States,US,USA,south carolina,,10087.0,1840013742
416,murrieta,Murrieta,33.5719,-117.1909,United States,US,USA,california,,111621.0,1840020553
2463,murrysville,Murrysville,40.4456,-79.6554,United States,US,USA,pennsylvania,,20839.0,1840001148
2188,muscatine,Muscatine,41.4195,-91.068,United States,US,USA,iowa,,23567.0,1840008202
3051,muscle shoals,Muscle Shoals,34.7432,-87.6343,United States,US,USA,alabama,,16670.0,1840014657
4228,muscoy,Muscoy,34.1552,-117.3477,United States,US,USA,california,,11402.0,1840028097
2033,muskego,Muskego,42.886,-88.1291,United States,US,USA,wisconsin,,25156.0,1840003023
280,muskegon,Muskegon,43.2281,-86.2562,United States,US,USA,michigan,,162458.0,1840002870
4769,muskegon heights,Muskegon Heights,43.2023,-86.2421,United States,US,USA,michigan,,9902.0,1840002871
1336,muskogee,Muskogee,35.7432,-95.3567,United States,US,USA,oklahoma,,36819.0,1840020401
2416,mustang,Mustang,35.3917,-97.7246,United States,US,USA,oklahoma,,21290.0,1840020421
4424,myers corner,Myers Corner,41.5864,-73.8793,United States,US,USA,new york,,10786.0,1840004742
132,myrtle beach,Myrtle Beach,33.7094,-78.8844,United States,US,USA,south carolina,,325829.0,1840014717
3956,myrtle grove,Myrtle Grove,34.123,-77.8834,United States,US,USA,north carolina,,12404.0,1840013632
3058,myrtle grove,Myrtle Grove,30.4158,-87.3027,United States,US,USA,florida,,16637.0,1840013917
1553,nacogdoches,Nacogdoches,31.6134,-94.6528,United States,US,USA,texas,,32104.0,1840020820
229,nampa,Nampa,43.5844,-116.5638,United States,US,USA,idaho,,201129.0,1840020041
3984,nanakuli,Nanakuli,21.3892,-158.1445,United States,US,USA,hawaii,,12282.0,1840029531
4497,nanticoke,Nanticoke,41.2005,-76.0003,United States,US,USA,pennsylvania,,10610.0,1840000761
3503,nantucket,Nantucket,41.2831,-70.0692,United States,US,USA,massachusetts,,14299.0,1840053617
2539,nanuet,Nanuet,41.0957,-74.0155,United States,US,USA,new york,,20089.0,1840004963
586,napa,Napa,38.2975,-122.301,United States,US,USA,california,,81643.0,1840020241
306,naperville,Naperville,41.748,-88.1659,United States,US,USA,illinois,,149424.0,1840008143
2615,naples,Naples,26.1504,-81.7936,United States,US,USA,florida,,19421.0,1840015131
5310,napoleon,Napoleon,41.3977,-84.1244,United States,US,USA,ohio,,8561.0,1840008242
3429,naranja,Naranja,25.5164,-80.4222,United States,US,USA,florida,,14610.0,1840014246
3447,narragansett,Narragansett,41.4291,-71.4668,United States,US,USA,rhode island,,14540.0,1840106247
184,nashua,Nashua,42.7491,-71.491,United States,US,USA,new hampshire,,247828.0,1840002984
43,nashville,Nashville,36.1715,-86.7842,United States,US,USA,tennessee,admin,1178679.0,1840036155
3519,natchez,Natchez,31.5437,-91.3867,United States,US,USA,mississippi,,14207.0,1840014951
2883,natchitoches,Natchitoches,31.7315,-93.0975,United States,US,USA,louisiana,,17682.0,1840014925
1342,natick,Natick,42.2847,-71.3497,United States,US,USA,massachusetts,,36627.0,1840053640
898,national city,National City,32.6654,-117.0983,United States,US,USA,california,,55960.0,1840020622
1589,naugatuck,Naugatuck,41.489,-73.0518,United States,US,USA,connecticut,,31634.0,1840004849
1263,navarre,Navarre,30.4174,-86.8907,United States,US,USA,florida,,38988.0,1840027017
2753,nederland,Nederland,29.9707,-94.0015,United States,US,USA,texas,,18475.0,1840020917
1555,needham,Needham,42.2814,-71.2411,United States,US,USA,massachusetts,,32059.0,1840053553
1838,neenah,Neenah,44.1669,-88.4767,United States,US,USA,wisconsin,,27409.0,1840002244
3833,neosho,Neosho,36.8437,-94.3758,United States,US,USA,missouri,,12857.0,1840008793
1786,neptune,Neptune,40.2105,-74.0539,United States,US,USA,new jersey,,28108.0,1840081642
3724,nesconset,Nesconset,40.8467,-73.1522,United States,US,USA,new york,,13344.0,1840005051
4805,neshannock,Neshannock,41.0509,-80.352,United States,US,USA,pennsylvania,,9771.0,1840152742
3466,nether providence,Nether Providence,39.8971,-75.3697,United States,US,USA,pennsylvania,,14442.0,1840152840
1311,new albany,New Albany,38.309,-85.8234,United States,US,USA,indiana,,37589.0,1840008662
4524,new albany,New Albany,40.0809,-82.7848,United States,US,USA,ohio,,10524.0,1840012407
4040,new baltimore,New Baltimore,42.6904,-82.7398,United States,US,USA,michigan,,12060.0,1840003090
4169,new baltimore,New Baltimore,38.7495,-77.7151,United States,US,USA,virginia,,11595.0,1840024594
296,new bedford,New Bedford,41.6697,-70.9428,United States,US,USA,massachusetts,,152104.0,1840003219
1218,new berlin,New Berlin,42.9726,-88.1291,United States,US,USA,wisconsin,,40384.0,1840003025
1595,new bern,New Bern,35.0955,-77.0723,United States,US,USA,north carolina,,31563.0,1840014591
479,new braunfels,New Braunfels,29.6994,-98.1148,United States,US,USA,texas,,98700.0,1840021341
2246,new brighton,New Brighton,45.0658,-93.206,United States,US,USA,minnesota,,22900.0,1840007841
673,new britain,New Britain,41.6759,-72.7862,United States,US,USA,connecticut,,73301.0,1840004774
3982,new britain,New Britain,40.3084,-75.207,United States,US,USA,pennsylvania,,12290.0,1840001327
901,new brunswick,New Brunswick,40.487,-74.445,United States,US,USA,new jersey,,55744.0,1840001339
3667,new carrollton,New Carrollton,38.9656,-76.8775,United States,US,USA,maryland,,13544.0,1840005978
3474,new cassel,New Cassel,40.7602,-73.5649,United States,US,USA,new york,,14414.0,1840005239
2364,new castle,New Castle,40.9956,-80.3458,United States,US,USA,pennsylvania,,21727.0,1840000938
2938,new castle,New Castle,39.9191,-85.3697,United States,US,USA,indiana,,17356.0,1840008396
2837,new castle,New Castle,41.1841,-73.7721,United States,US,USA,new york,,18012.0,1840087710
1461,new city,New City,41.1542,-73.9912,United States,US,USA,new york,,34133.0,1840004964
3602,new franklin,New Franklin,40.9525,-81.5838,United States,US,USA,ohio,,13830.0,1840008255
4220,new garden,New Garden,39.8119,-75.7517,United States,US,USA,pennsylvania,,11423.0,1840100548
3742,new hanover,New Hanover,40.3145,-75.5566,United States,US,USA,pennsylvania,,13276.0,1840103521
2342,new hartford,New Hartford,43.0586,-75.2821,United States,US,USA,new york,,21916.0,1840004206
79,new haven,New Haven,41.3113,-72.9246,United States,US,USA,connecticut,,565056.0,1840004850
3297,new haven,New Haven,41.0676,-85.0174,United States,US,USA,indiana,,15339.0,1840008262
2400,new hope,New Hope,45.0375,-93.3869,United States,US,USA,minnesota,,21402.0,1840007829
4656,new hyde park,New Hyde Park,40.7323,-73.6858,United States,US,USA,new york,,10208.0,1840005313
1795,new iberia,New Iberia,30.0049,-91.8202,United States,US,USA,louisiana,,27926.0,1840015053
4035,new kensington,New Kensington,40.5712,-79.7523,United States,US,USA,pennsylvania,,12072.0,1840001151
3505,new kingman-butler,New Kingman-Butler,35.2645,-114.0091,United States,US,USA,arizona,,14281.0,1840037118
1834,new lenox,New Lenox,41.5095,-87.9703,United States,US,USA,illinois,,27456.0,1840011493
1849,new london,New London,41.3502,-72.1022,United States,US,USA,connecticut,,27199.0,1840004827
3015,new milford,New Milford,40.9337,-74.0196,United States,US,USA,new jersey,,16882.0,1840000908
54,new orleans,New Orleans,30.0687,-89.9288,United States,US,USA,louisiana,,918752.0,1840001839
3345,new paltz,New Paltz,41.7577,-74.0883,United States,US,USA,new york,,15051.0,1840004731
2896,new philadelphia,New Philadelphia,40.486,-81.4401,United States,US,USA,ohio,,17563.0,1840001281
2989,new port richey,New Port Richey,28.2468,-82.717,United States,US,USA,florida,,17057.0,1840015102
4196,new port richey east,New Port Richey East,28.2605,-82.6931,United States,US,USA,florida,,11485.0,1840073871
3663,new providence,New Providence,40.6996,-74.4035,United States,US,USA,new jersey,,13577.0,1840001095
4604,new richmond,New Richmond,45.125,-92.5377,United States,US,USA,wisconsin,,10334.0,1840002138
2772,new river,New River,33.8835,-112.0858,United States,US,USA,arizona,,18365.0,1840019307
587,new rochelle,New Rochelle,40.9304,-73.7836,United States,US,USA,new york,,81591.0,1840000782
5061,new scotland,New Scotland,42.6047,-73.9413,United States,US,USA,new york,,9084.0,1840058347
1610,new smyrna beach,New Smyrna Beach,29.0249,-80.9652,United States,US,USA,florida,,31212.0,1840015073
4828,new square,New Square,41.141,-74.0294,United States,US,USA,new york,,9712.0,1840004980
3548,new ulm,New Ulm,44.312,-94.4685,United States,US,USA,minnesota,,14066.0,1840007894
1807,new windsor,New Windsor,41.4742,-74.1089,United States,US,USA,new york,,27781.0,1840058348
0,new york,New York,40.6943,-73.9249,United States,US,USA,new york,,18832416.0,1840034016
1050,newark,Newark,37.5201,-122.0307,United States,US,USA,california,,47145.0,1840020295
1661,newark,Newark,39.6776,-75.7576,United States,US,USA,delaware,,30309.0,1840005578
5080,newark,Newark,43.0418,-77.093,United States,US,USA,new york,,9040.0,1840004292
144,newark,Newark,40.7245,-74.1725,United States,US,USA,new jersey,,307188.0,1840002791
566,newark,Newark,40.0706,-82.425,United States,US,USA,ohio,,83890.0,1840001419
1985,newberg,Newberg,45.3075,-122.9601,United States,US,USA,oregon,,25622.0,1840019957
3226,newberry,Newberry,40.1286,-76.7919,United States,US,USA,pennsylvania,,15774.0,1840151961
4440,newberry,Newberry,34.2813,-81.601,United States,US,USA,south carolina,,10733.0,1840014694
1573,newburgh,Newburgh,41.5531,-74.0599,United States,US,USA,new york,,31866.0,1840000586
2759,newburyport,Newburyport,42.8124,-70.8878,United States,US,USA,massachusetts,,18444.0,1840000413
3998,newcastle,Newcastle,35.2401,-97.5995,United States,US,USA,oklahoma,,12238.0,1840020453
3813,newcastle,Newcastle,47.5304,-122.1633,United States,US,USA,washington,,12945.0,1840019831
4970,newfane,Newfane,43.2818,-78.6932,United States,US,USA,new york,,9263.0,1840023982
3606,newington,Newington,38.7358,-77.1993,United States,US,USA,virginia,,13824.0,1840006021
3951,newington forest,Newington Forest,38.737,-77.2339,United States,US,USA,virginia,,12434.0,1840041848
3979,newman,Newman,37.3156,-121.0212,United States,US,USA,california,,12299.0,1840020288
4925,newmarket,Newmarket,43.0691,-70.9516,United States,US,USA,new hampshire,,9431.0,1840055265
1136,newnan,Newnan,33.3767,-84.7761,United States,US,USA,georgia,,43510.0,1840014833
3554,newport,Newport,39.0856,-84.4868,United States,US,USA,kentucky,,14039.0,1840014261
2044,newport,Newport,41.4801,-71.3203,United States,US,USA,rhode island,,25029.0,1840003355
4583,newport,Newport,44.6242,-124.0513,United States,US,USA,oregon,,10393.0,1840019975
564,newport beach,Newport Beach,33.6151,-117.8668,United States,US,USA,california,,84304.0,1840020581
4264,newport east,Newport East,41.5159,-71.2878,United States,US,USA,rhode island,,11262.0,1840073469
249,newport news,Newport News,37.1051,-76.5185,United States,US,USA,virginia,,184774.0,1840003862
5253,newstead,Newstead,43.0196,-78.5223,United States,US,USA,new york,,8683.0,1840087722
537,newton,Newton,42.3316,-71.2085,United States,US,USA,massachusetts,,88504.0,1840000433
3238,newton,Newton,41.6963,-93.0403,United States,US,USA,iowa,,15696.0,1840008171
2760,newton,Newton,38.0368,-97.3449,United States,US,USA,kansas,,18443.0,1840003846
3758,newton,Newton,35.663,-81.2335,United States,US,USA,north carolina,,13223.0,1840014523
3331,newtown,Newtown,39.992,-75.4106,United States,US,USA,pennsylvania,,15101.0,1840152845
1031,niagara falls,Niagara Falls,43.0921,-79.0147,United States,US,USA,new york,,48198.0,1840000371
3172,niceville,Niceville,30.529,-86.4748,United States,US,USA,florida,,16043.0,1840015009
1591,nicholasville,Nicholasville,37.8906,-84.5668,United States,US,USA,kentucky,,31625.0,1840014330
1664,niles,Niles,42.0278,-87.8099,United States,US,USA,illinois,,30262.0,1840011301
2781,niles,Niles,41.1879,-80.7531,United States,US,USA,ohio,,18301.0,1840008241
4090,niles,Niles,41.8346,-86.2473,United States,US,USA,michigan,,11838.0,1840003212
2951,nipomo,Nipomo,35.0319,-120.4985,United States,US,USA,california,,17266.0,1840019122
2201,niskayuna,Niskayuna,42.803,-73.8729,United States,US,USA,new york,,23405.0,1840058350
2127,nixa,Nixa,37.0453,-93.2959,United States,US,USA,missouri,,24131.0,1840008789
688,noblesville,Noblesville,40.0355,-86.0042,United States,US,USA,indiana,,71940.0,1840013891
1990,nocatee,Nocatee,30.0927,-81.4095,United States,US,USA,florida,,25581.0,1840028805
2580,nogales,Nogales,31.3624,-110.9336,United States,US,USA,arizona,,19753.0,1840020823
3443,nolensville,Nolensville,35.9572,-86.6719,United States,US,USA,tennessee,,14545.0,1840016219
2025,norco,Norco,33.9252,-117.5498,United States,US,USA,california,,25211.0,1840020554
2886,norcross,Norcross,33.9379,-84.2065,United States,US,USA,georgia,,17669.0,1840014744
4179,norfolk,Norfolk,42.1163,-71.3295,United States,US,USA,massachusetts,,11556.0,1840053554
191,norfolk,Norfolk,36.8945,-76.259,United States,US,USA,virginia,,235037.0,1840003869
1951,norfolk,Norfolk,42.0324,-97.4217,United States,US,USA,nebraska,,25962.0,1840008136
945,normal,Normal,40.5217,-88.9884,United States,US,USA,illinois,,52908.0,1840009401
353,norman,Norman,35.2335,-97.3471,United States,US,USA,oklahoma,,128714.0,1840020451
3322,norridge,Norridge,41.9637,-87.8231,United States,US,USA,illinois,,15177.0,1840011302
1380,norristown,Norristown,40.1225,-75.3398,United States,US,USA,pennsylvania,,35782.0,1840003705
3879,north adams,North Adams,42.6844,-73.1166,United States,US,USA,massachusetts,,12660.0,1840000423
2517,north amityville,North Amityville,40.7005,-73.4119,United States,US,USA,new york,,20364.0,1840005053
1621,north andover,North Andover,42.6713,-71.0865,United States,US,USA,massachusetts,,31024.0,1840053536
3111,north arlington,North Arlington,40.7874,-74.1273,United States,US,USA,new jersey,,16368.0,1840000909
3601,north auburn,North Auburn,38.9306,-121.082,United States,US,USA,california,,13833.0,1840028390
2053,north augusta,North Augusta,33.5214,-81.9547,United States,US,USA,south carolina,,24928.0,1840014788
2769,north aurora,North Aurora,41.8086,-88.3414,United States,US,USA,illinois,,18375.0,1840011351
2801,north babylon,North Babylon,40.7314,-73.3248,United States,US,USA,new york,,18208.0,1840005054
2501,north bay shore,North Bay Shore,40.7602,-73.2617,United States,US,USA,new york,,20501.0,1840005055
2469,north bellmore,North Bellmore,40.6904,-73.539,United States,US,USA,new york,,20776.0,1840005240
4355,north bellport,North Bellport,40.7868,-72.9457,United States,US,USA,new york,,10999.0,1840005056
4643,north bend,North Bend,43.4075,-124.2364,United States,US,USA,oregon,,10231.0,1840020057
826,north bergen,North Bergen,40.7938,-74.0242,United States,US,USA,new jersey,,61202.0,1840081753
1002,north bethesda,North Bethesda,39.0393,-77.1191,United States,US,USA,maryland,,49498.0,1840031494
4286,north branch,North Branch,45.5137,-92.9601,United States,US,USA,minnesota,,11182.0,1840007790
1127,north brunswick,North Brunswick,40.4505,-74.4798,United States,US,USA,new jersey,,43867.0,1840081694
2872,north canton,North Canton,40.8742,-81.3971,United States,US,USA,ohio,,17746.0,1840008290
4000,north castle,North Castle,41.1331,-73.6949,United States,US,USA,new york,,12235.0,1840087730
386,north charleston,North Charleston,32.9067,-80.0722,United States,US,USA,south carolina,,117460.0,1840015164
1634,north chicago,North Chicago,42.3172,-87.8595,United States,US,USA,illinois,,30772.0,1840008086
5021,north codorus,North Codorus,39.8646,-76.8189,United States,US,USA,pennsylvania,,9158.0,1840147120
4866,north college hill,North College Hill,39.2175,-84.552,United States,US,USA,ohio,,9564.0,1840001609
5161,north cornwall,North Cornwall,40.3134,-76.4515,United States,US,USA,pennsylvania,,8860.0,1840143427
2755,north decatur,North Decatur,33.8074,-84.2889,United States,US,USA,georgia,,18460.0,1840013704
2809,north druid hills,North Druid Hills,33.8185,-84.3254,United States,US,USA,georgia,,18172.0,1840029449
3729,north fair oaks,North Fair Oaks,37.4754,-122.2034,United States,US,USA,california,,13327.0,1840028325
3160,north fayette,North Fayette,40.4204,-80.2245,United States,US,USA,pennsylvania,,16099.0,1840148209
1119,north fort myers,North Fort Myers,26.7244,-81.8485,United States,US,USA,florida,,44189.0,1840014222
4722,north gates,North Gates,43.1718,-77.7064,United States,US,USA,new york,,10014.0,1840024047
3752,north greenbush,North Greenbush,42.6706,-73.6633,United States,US,USA,new york,,13239.0,1840087735
5214,north haledon,North Haledon,40.9628,-74.1844,United States,US,USA,new jersey,,8757.0,1840000836
189,north hempstead,North Hempstead,40.7912,-73.6688,United States,US,USA,new york,,236600.0,1840087737
1035,north highlands,North Highlands,38.6713,-121.3721,United States,US,USA,california,,47900.0,1840018841
1578,north huntingdon,North Huntingdon,40.3294,-79.7336,United States,US,USA,pennsylvania,,31806.0,1840144809
5102,north kensington,North Kensington,39.0393,-77.0723,United States,US,USA,maryland,,8980.0,1840031382
1813,north kingstown,North Kingstown,41.5687,-71.4629,United States,US,USA,rhode island,,27736.0,1840066135
4505,north lakes,North Lakes,61.6191,-149.311,United States,US,USA,alaska,,10583.0,1840152941
170,north las vegas,North Las Vegas,36.2883,-115.0888,United States,US,USA,nevada,,270773.0,1840020363
1108,north lauderdale,North Lauderdale,26.2113,-80.2209,United States,US,USA,florida,,44650.0,1840015138
2026,north laurel,North Laurel,39.1285,-76.8476,United States,US,USA,maryland,,25201.0,1840031495
4033,north lebanon,North Lebanon,40.3668,-76.4215,United States,US,USA,pennsylvania,,12073.0,1840143428
2468,north liberty,North Liberty,41.7438,-91.6112,United States,US,USA,iowa,,20782.0,1840008179
4294,north lindenhurst,North Lindenhurst,40.7072,-73.3859,United States,US,USA,new york,,11153.0,1840005058
782,north little rock,North Little Rock,34.7807,-92.2371,United States,US,USA,arkansas,,64504.0,1840014632
4270,north logan,North Logan,41.7759,-111.8066,United States,US,USA,utah,,11228.0,1840020114
5130,north londonderry,North Londonderry,40.3227,-76.5867,United States,US,USA,pennsylvania,,8911.0,1840149647
2175,north lynnwood,North Lynnwood,47.8533,-122.2762,United States,US,USA,washington,,23653.0,1840037895
3518,north mankato,North Mankato,44.181,-94.0391,United States,US,USA,minnesota,,14212.0,1840007896
2834,north massapequa,North Massapequa,40.7031,-73.4678,United States,US,USA,new york,,18037.0,1840005241
3926,north merrick,North Merrick,40.6871,-73.5615,United States,US,USA,new york,,12544.0,1840005242
5137,north merritt island,North Merritt Island,28.4585,-80.7162,United States,US,USA,florida,,8903.0,1840142111
850,north miami,North Miami,25.9008,-80.1686,United States,US,USA,florida,,59429.0,1840015154
1146,north miami beach,North Miami Beach,25.9302,-80.1659,United States,US,USA,florida,,43104.0,1840015155
3996,north middleton,North Middleton,40.2462,-77.2168,United States,US,USA,pennsylvania,,12248.0,1840144641
2622,north myrtle beach,North Myrtle Beach,33.8232,-78.7082,United States,US,USA,south carolina,,19343.0,1840014718
3485,north new hyde park,North New Hyde Park,40.746,-73.6876,United States,US,USA,new york,,14354.0,1840005243
2391,north ogden,North Ogden,41.3123,-111.9584,United States,US,USA,utah,,21473.0,1840020134
1556,north olmsted,North Olmsted,41.4149,-81.919,United States,US,USA,ohio,,32031.0,1840003400
3783,north palm beach,North Palm Beach,26.8217,-80.0576,United States,US,USA,florida,,13089.0,1840018307
2267,north plainfield,North Plainfield,40.6209,-74.4386,United States,US,USA,new jersey,,22667.0,1840001059
2236,north platte,North Platte,41.1263,-100.7641,United States,US,USA,nebraska,,23030.0,1840008251
601,north port,North Port,27.0576,-82.1977,United States,US,USA,florida,,80512.0,1840015120
2141,north potomac,North Potomac,39.0955,-77.2373,United States,US,USA,maryland,,23994.0,1840005835
1471,north providence,North Providence,41.8616,-71.4575,United States,US,USA,rhode island,,33940.0,1840106198
3249,north reading,North Reading,42.5816,-71.0876,United States,US,USA,massachusetts,,15634.0,1840053482
708,north richland hills,North Richland Hills,32.8604,-97.218,United States,US,USA,texas,,70338.0,1840020703
1363,north ridgeville,North Ridgeville,41.3852,-82.0195,United States,US,USA,ohio,,36043.0,1840000645
1622,north royalton,North Royalton,41.3138,-81.745,United States,US,USA,ohio,,31013.0,1840003402
2215,north salt lake,North Salt Lake,40.8439,-111.9187,United States,US,USA,utah,,23239.0,1840020144
3908,north smithfield,North Smithfield,41.9727,-71.5514,United States,US,USA,rhode island,,12583.0,1840106199
3930,north st. paul,North St. Paul,45.0137,-92.9995,United States,US,USA,minnesota,,12511.0,1840007843
3173,north strabane,North Strabane,40.2279,-80.1488,United States,US,USA,pennsylvania,,16033.0,1840147984
1658,north tonawanda,North Tonawanda,43.0457,-78.8659,United States,US,USA,new york,,30338.0,1840000372
1945,north tustin,North Tustin,33.7636,-117.7947,United States,US,USA,california,,26038.0,1840019319
4136,north union,North Union,39.9101,-79.6733,United States,US,USA,pennsylvania,,11690.0,1840149586
4200,north valley,North Valley,35.1736,-106.6231,United States,US,USA,new mexico,,11474.0,1840033721
2871,north valley stream,North Valley Stream,40.684,-73.7077,United States,US,USA,new york,,17756.0,1840005244
4766,north versailles,North Versailles,40.3785,-79.8084,United States,US,USA,pennsylvania,,9920.0,1840133154
4129,north wantagh,North Wantagh,40.6983,-73.5086,United States,US,USA,new york,,11716.0,1840005245
3237,north whitehall,North Whitehall,40.6797,-75.5788,United States,US,USA,pennsylvania,,15702.0,1840149202
4598,northampton,Northampton,40.6866,-75.4904,United States,US,USA,pennsylvania,,10366.0,1840000975
1234,northampton,Northampton,40.2104,-75.0014,United States,US,USA,pennsylvania,,39868.0,1840151117
1752,northampton,Northampton,42.3266,-72.6745,United States,US,USA,massachusetts,,28640.0,1840000451
3239,northborough,Northborough,42.3231,-71.6462,United States,US,USA,massachusetts,,15694.0,1840053597
3115,northbridge,Northbridge,42.13,-71.6547,United States,US,USA,massachusetts,,16358.0,1840053598
4438,northbrook,Northbrook,39.2467,-84.5796,United States,US,USA,ohio,,10741.0,1840034123
1435,northbrook,Northbrook,42.1292,-87.8352,United States,US,USA,illinois,,34642.0,1840011304
2008,northdale,Northdale,28.1058,-82.5263,United States,US,USA,florida,,25420.0,1840029107
2482,northfield,Northfield,44.455,-93.1698,United States,US,USA,minnesota,,20678.0,1840007891
1297,northglenn,Northglenn,39.9108,-104.9783,United States,US,USA,colorado,,37953.0,1840020192
3925,northlake,Northlake,41.9142,-87.9054,United States,US,USA,illinois,,12547.0,1840008131
1625,northport,Northport,33.2586,-87.5993,United States,US,USA,alabama,,30991.0,1840014819
3316,northview,Northview,43.0427,-85.6016,United States,US,USA,michigan,,15225.0,1840004305
5133,northwest harborcreek,Northwest Harborcreek,42.1494,-79.9945,United States,US,USA,pennsylvania,,8908.0,1840035146
2657,norton,Norton,41.964,-71.1842,United States,US,USA,massachusetts,,19155.0,1840070386
4174,norton,Norton,41.0294,-81.6461,United States,US,USA,ohio,,11576.0,1840000800
2048,norton shores,Norton Shores,43.1621,-86.2519,United States,US,USA,michigan,,25000.0,1840002873
525,norwalk,Norwalk,41.1144,-73.4215,United States,US,USA,connecticut,,91375.0,1840004839
470,norwalk,Norwalk,33.9069,-118.0829,United States,US,USA,california,,100713.0,1840020501
3654,norwalk,Norwalk,41.4895,-93.6913,United States,US,USA,iowa,,13610.0,1840008213
2990,norwalk,Norwalk,41.2443,-82.6088,United States,US,USA,ohio,,17054.0,1840000817
4253,norwell,Norwell,42.1608,-70.8177,United States,US,USA,massachusetts,,11309.0,1840053572
276,norwich,Norwich,41.5495,-72.0882,United States,US,USA,connecticut,,163299.0,1840004828
2680,norwood,Norwood,39.1605,-84.4535,United States,US,USA,ohio,,19023.0,1840001610
1602,norwood,Norwood,42.1861,-71.1948,United States,US,USA,massachusetts,,31380.0,1840053676
948,novato,Novato,38.092,-122.5575,United States,US,USA,california,,52689.0,1840020260
765,novi,Novi,42.4786,-83.4893,United States,US,USA,michigan,,66224.0,1840002423
1687,nutley,Nutley,40.8192,-74.1571,United States,US,USA,new jersey,,29767.0,1840131593
1550,o'fallon,O'Fallon,38.5974,-89.9148,United States,US,USA,illinois,,32139.0,1840008632
512,o'fallon,O'Fallon,38.785,-90.7175,United States,US,USA,missouri,,92697.0,1840008571
5032,o'hara,O'Hara,40.5092,-79.8949,United States,US,USA,pennsylvania,,9146.0,1840146056
1348,oak creek,Oak Creek,42.8803,-87.9009,United States,US,USA,wisconsin,,36473.0,1840003047
1876,oak forest,Oak Forest,41.6054,-87.7527,United States,US,USA,illinois,,26888.0,1840008132
2929,oak grove,Oak Grove,45.4156,-122.6349,United States,US,USA,oregon,,17408.0,1840018568
4043,oak grove,Oak Grove,33.978,-81.1468,United States,US,USA,south carolina,,12031.0,1840135088
5084,oak grove,Oak Grove,45.3409,-93.3264,United States,US,USA,minnesota,,9031.0,1840007799
2106,oak harbor,Oak Harbor,48.2964,-122.6333,United States,US,USA,washington,,24396.0,1840019779
4205,oak hills,Oak Hills,45.5405,-122.8413,United States,US,USA,oregon,,11464.0,1840034830
5143,oak island,Oak Island,33.9434,-78.1366,United States,US,USA,north carolina,,8888.0,1840016688
885,oak lawn,Oak Lawn,41.7139,-87.7528,United States,US,USA,illinois,,57098.0,1840011306
3644,oak park,Oak Park,34.185,-118.7669,United States,US,USA,california,,13656.0,1840019198
1710,oak park,Oak Park,42.4649,-83.1824,United States,US,USA,michigan,,29370.0,1840002424
938,oak park,Oak Park,41.8872,-87.7899,United States,US,USA,illinois,,53315.0,1840011307
1554,oak ridge,Oak Ridge,35.9639,-84.2938,United States,US,USA,tennessee,,32088.0,1840014473
4400,oak ridge,Oak Ridge,41.0323,-74.4971,United States,US,USA,new jersey,,10860.0,1840033370
2107,oak ridge,Oak Ridge,28.4727,-81.4169,United States,US,USA,florida,,24395.0,1840029062
4913,oakbrook,Oakbrook,38.9996,-84.6797,United States,US,USA,kentucky,,9459.0,1840030814
1785,oakdale,Oakdale,44.9876,-92.9641,United States,US,USA,minnesota,,28109.0,1840007813
2225,oakdale,Oakdale,37.7618,-120.8468,United States,US,USA,california,,23155.0,1840020289
4874,oakland,Oakland,35.2256,-89.5372,United States,US,USA,tennessee,,9544.0,1840016407
3867,oakland,Oakland,41.0313,-74.2408,United States,US,USA,new jersey,,12700.0,1840000912
103,oakland,Oakland,37.7904,-122.2166,United States,US,USA,california,,438072.0,1840020296
1123,oakland park,Oakland Park,26.178,-80.1528,United States,US,USA,florida,,44015.0,1840015139
1636,oakleaf plantation,Oakleaf Plantation,30.1689,-81.8337,United States,US,USA,florida,,30737.0,1840039045
1114,oakley,Oakley,37.9929,-121.6952,United States,US,USA,california,,44311.0,1840020279
1337,oakton,Oakton,38.8887,-77.3016,United States,US,USA,virginia,,36776.0,1840006023
4986,oakville,Oakville,41.5893,-73.0905,United States,US,USA,connecticut,,9233.0,1840003260
1414,oakville,Oakville,38.4479,-90.3199,United States,US,USA,missouri,,35166.0,1840006121
4905,oakwood,Oakwood,39.7202,-84.1734,United States,US,USA,ohio,,9480.0,1840003785
3864,oatfield,Oatfield,45.4125,-122.594,United States,US,USA,oregon,,12709.0,1840034837
234,ocala,Ocala,29.178,-82.1511,United States,US,USA,florida,,197770.0,1840015067
1804,ocean,Ocean,40.252,-74.0392,United States,US,USA,new jersey,,27792.0,1840056382
2728,ocean acres,Ocean Acres,39.743,-74.2805,United States,US,USA,new jersey,,18689.0,1840033483
4265,ocean city,Ocean City,39.2681,-74.602,United States,US,USA,new jersey,,11260.0,1840001598
4044,ocean pines,Ocean Pines,38.3851,-75.1487,United States,US,USA,maryland,,12028.0,1840006252
3124,ocean pointe,Ocean Pointe,21.3145,-158.0289,United States,US,USA,hawaii,,16276.0,1840039242
2739,ocean springs,Ocean Springs,30.4082,-88.7861,United States,US,USA,mississippi,,18561.0,1840015017
1571,oceanside,Oceanside,40.6328,-73.6364,United States,US,USA,new york,,31907.0,1840005246
263,oceanside,Oceanside,33.2247,-117.3083,United States,US,USA,california,,172542.0,1840020623
1036,ocoee,Ocoee,28.5796,-81.5332,United States,US,USA,florida,,47885.0,1840015098
2767,oconomowoc,Oconomowoc,43.0996,-88.4948,United States,US,USA,wisconsin,,18385.0,1840003027
1081,odenton,Odenton,39.0661,-76.6938,United States,US,USA,maryland,,45585.0,1840005912
279,odessa,Odessa,31.8801,-102.3448,United States,US,USA,texas,,162648.0,1840020794
2530,ogden,Ogden,43.1646,-77.822,United States,US,USA,new york,,20228.0,1840087746
73,ogden,Ogden,41.2279,-111.9682,United States,US,USA,utah,,623688.0,1840020135
4857,ogdensburg,Ogdensburg,44.7088,-75.4717,United States,US,USA,new york,,9600.0,1840000297
4888,oil city,Oil City,41.4281,-79.7036,United States,US,USA,pennsylvania,,9517.0,1840003426
1428,oildale,Oildale,35.4293,-119.0306,United States,US,USA,california,,34971.0,1840019137
2984,ojus,Ojus,25.9563,-80.1606,United States,US,USA,florida,,17101.0,1840028742
1995,okemos,Okemos,42.7057,-84.4135,United States,US,USA,michigan,,25503.0,1840004502
48,oklahoma city,Oklahoma City,35.4676,-97.5136,United States,US,USA,oklahoma,admin,1000207.0,1840020428
4240,okmulgee,Okmulgee,35.6134,-96.0068,United States,US,USA,oklahoma,,11370.0,1840020400
319,olathe,Olathe,38.8833,-94.82,United States,US,USA,kansas,,143720.0,1840003833
747,old bridge,Old Bridge,40.4004,-74.3126,United States,US,USA,new jersey,,67392.0,1840081688
5324,old forge,Old Forge,41.3704,-75.7409,United States,US,USA,pennsylvania,,8533.0,1840003387
2429,old jamestown,Old Jamestown,38.8394,-90.2847,United States,US,USA,missouri,,21121.0,1840039632
5026,old orchard beach,Old Orchard Beach,43.5239,-70.3904,United States,US,USA,maine,,9150.0,1840052942
3385,oldsmar,Oldsmar,28.0506,-82.6698,United States,US,USA,florida,,14872.0,1840015111
3612,olean,Olean,42.0819,-78.4321,United States,US,USA,new york,,13798.0,1840000452
1063,olive branch,Olive Branch,34.961,-89.8469,United States,US,USA,mississippi,,46538.0,1840014641
2670,olivehurst,Olivehurst,39.0795,-121.5566,United States,US,USA,california,,19071.0,1840018801
5323,olivette,Olivette,38.6724,-90.3786,United States,US,USA,missouri,,8539.0,1840009743
5273,olmsted falls,Olmsted Falls,41.3657,-81.9038,United States,US,USA,ohio,,8640.0,1840003404
1364,olney,Olney,39.1465,-77.0715,United States,US,USA,maryland,,36000.0,1840005836
5154,olney,Olney,38.7285,-88.0839,United States,US,USA,illinois,,8864.0,1840009783
210,olympia,Olympia,47.0417,-122.8959,United States,US,USA,washington,admin,215677.0,1840019865
3763,olympia heights,Olympia Heights,25.724,-80.3388,United States,US,USA,florida,,13179.0,1840014247
57,omaha,Omaha,41.2627,-96.0529,United States,US,USA,nebraska,,826161.0,1840009315
3616,on top of the world designated place,On Top of the World Designated Place,29.1058,-82.2866,United States,US,USA,florida,,13772.0,1840142109
2697,onalaska,Onalaska,43.8883,-91.2075,United States,US,USA,wisconsin,,18909.0,1840002579
4640,oneida,Oneida,43.0769,-75.6622,United States,US,USA,new york,,10240.0,1840000384
3458,oneonta,Oneonta,42.4551,-75.0666,United States,US,USA,new york,,14467.0,1840000405
2268,onondaga,Onondaga,42.9686,-76.2169,United States,US,USA,new york,,22635.0,1840087751
4535,ontario,Ontario,43.2408,-77.314,United States,US,USA,new york,,10489.0,1840058362
255,ontario,Ontario,34.0393,-117.6064,United States,US,USA,california,,178347.0,1840020410
4124,ontario,Ontario,44.0259,-116.976,United States,US,USA,oregon,,11728.0,1840020002
3162,opa-locka,Opa-locka,25.8997,-80.2551,United States,US,USA,florida,,16097.0,1840015156
1565,opelika,Opelika,32.6612,-85.3769,United States,US,USA,alabama,,31944.0,1840005210
3243,opelousas,Opelousas,30.5252,-92.0816,United States,US,USA,louisiana,,15662.0,1840015014
329,orange,Orange,33.8038,-117.8218,United States,US,USA,california,,138723.0,1840020582
2653,orange,Orange,30.1226,-93.7607,United States,US,USA,texas,,19178.0,1840020910
3617,orange city,Orange City,28.9348,-81.2881,United States,US,USA,florida,,13768.0,1840015075
4853,orange cove,Orange Cove,36.6211,-119.3188,United States,US,USA,california,,9607.0,1840020322
4860,orange lake,Orange Lake,41.5369,-74.1005,United States,US,USA,new york,,9588.0,1840004859
5068,orange park,Orange Park,30.1706,-81.7041,United States,US,USA,florida,,9062.0,1840017206
3761,orangeburg,Orangeburg,33.4928,-80.8671,United States,US,USA,south carolina,,13189.0,1840014812
1026,orangetown,Orangetown,41.0527,-73.9475,United States,US,USA,new york,,48421.0,1840087755
1412,orangevale,Orangevale,38.6881,-121.2209,United States,US,USA,california,,35219.0,1840018842
1690,orchard park,Orchard Park,42.7516,-78.7455,United States,US,USA,new york,,29724.0,1840004389
1692,orchards,Orchards,45.689,-122.5306,United States,US,USA,washington,,29716.0,1840018519
1604,orcutt,Orcutt,34.8691,-120.4222,United States,US,USA,california,,31284.0,1840019183
4238,oregon,Oregon,42.9253,-89.3892,United States,US,USA,wisconsin,,11384.0,1840002922
2568,oregon,Oregon,41.6524,-83.4321,United States,US,USA,ohio,,19821.0,1840000570
1318,oregon city,Oregon City,45.3418,-122.5924,United States,US,USA,oregon,,37482.0,1840019954
483,orem,Orem,40.2981,-111.6994,United States,US,USA,utah,,97048.0,1840020171
2609,orinda,Orinda,37.8808,-122.179,United States,US,USA,california,,19472.0,1840020280
873,orland park,Orland Park,41.6075,-87.8619,United States,US,USA,illinois,,57961.0,1840011310
28,orlando,Orlando,28.4773,-81.337,United States,US,USA,florida,,1913597.0,1840015099
1135,ormond beach,Ormond Beach,29.2985,-81.1014,United States,US,USA,florida,,43514.0,1840015076
1044,oro valley,Oro Valley,32.4208,-110.9767,United States,US,USA,arizona,,47595.0,1840023058
4134,orono,Orono,44.8867,-68.7166,United States,US,USA,maine,,11693.0,1840052945
5256,orosi,Orosi,36.5433,-119.2914,United States,US,USA,california,,8679.0,1840019035
2564,oroville,Oroville,39.4999,-121.5634,United States,US,USA,california,,19855.0,1840020182
5110,orting,Orting,47.0967,-122.2112,United States,US,USA,washington,,8957.0,1840019858
651,oshkosh,Oshkosh,44.0227,-88.5619,United States,US,USA,wisconsin,,75850.0,1840002246
4189,oskaloosa,Oskaloosa,41.2922,-92.6404,United States,US,USA,iowa,,11492.0,1840000650
1250,ossining,Ossining,41.1559,-73.8564,United States,US,USA,new york,,39317.0,1840004937
1405,oswego,Oswego,41.6834,-88.3372,United States,US,USA,illinois,,35463.0,1840011508
2994,oswego,Oswego,43.4516,-76.5005,United States,US,USA,new york,,17028.0,1840000348
5243,othello,Othello,46.8221,-119.1653,United States,US,USA,washington,,8699.0,1840019862
2403,otsego,Otsego,45.266,-93.6201,United States,US,USA,minnesota,,21358.0,1840008899
3887,ottawa,Ottawa,38.5996,-95.2636,United States,US,USA,kansas,,12632.0,1840003840
2723,ottawa,Ottawa,41.3555,-88.8261,United States,US,USA,illinois,,18714.0,1840009272
2012,ottumwa,Ottumwa,41.0195,-92.4186,United States,US,USA,iowa,,25352.0,1840009339
3227,overland,Overland,38.6966,-90.3689,United States,US,USA,missouri,,15762.0,1840009744
236,overland park,Overland Park,38.887,-94.687,United States,US,USA,kansas,,197199.0,1840003834
3952,overlea,Overlea,39.3642,-76.5175,United States,US,USA,maryland,,12430.0,1840005683
1227,oviedo,Oviedo,28.658,-81.1872,United States,US,USA,florida,,39990.0,1840015089
1262,owasso,Owasso,36.2878,-95.8311,United States,US,USA,oklahoma,,39013.0,1840020385
1913,owatonna,Owatonna,44.0912,-93.2312,United States,US,USA,minnesota,,26462.0,1840008983
2715,owego,Owego,42.0881,-76.1905,United States,US,USA,new york,,18779.0,1840004668
585,owensboro,Owensboro,37.7575,-87.1172,United States,US,USA,kentucky,,81734.0,1840014340
1392,owings mills,Owings Mills,39.4115,-76.7913,United States,US,USA,maryland,,35626.0,1840005684
3421,owosso,Owosso,42.9955,-84.176,United States,US,USA,michigan,,14658.0,1840003068
5142,oxford,Oxford,36.3155,-78.5848,United States,US,USA,north carolina,,8897.0,1840014435
2327,oxford,Oxford,33.5967,-85.8687,United States,US,USA,alabama,,22063.0,1840014780
2326,oxford,Oxford,39.5061,-84.7446,United States,US,USA,ohio,,22069.0,1840009572
3719,oxford,Oxford,42.1286,-71.8665,United States,US,USA,massachusetts,,13349.0,1840053601
1940,oxford,Oxford,34.3627,-89.5336,United States,US,USA,mississippi,,26086.0,1840014688
116,oxnard,Oxnard,34.1964,-119.1815,United States,US,USA,california,,373423.0,1840020474
2749,oxon hill,Oxon Hill,38.7884,-76.9727,United States,US,USA,maryland,,18491.0,1840026688
146,oyster bay,Oyster Bay,40.7846,-73.514,United States,US,USA,new york,,299519.0,1840058379
3489,ozark,Ozark,31.4508,-85.6473,United States,US,USA,alabama,,14348.0,1840005283
2338,ozark,Ozark,37.0365,-93.2158,United States,US,USA,missouri,,21953.0,1840009926
1983,pace,Pace,30.6188,-87.1667,United States,US,USA,florida,,25630.0,1840013919
3358,pacific grove,Pacific Grove,36.6188,-121.9259,United States,US,USA,california,,15003.0,1840020359
1316,pacifica,Pacifica,37.6113,-122.4782,United States,US,USA,california,,37527.0,1840020307
1875,paducah,Paducah,37.0711,-88.644,United States,US,USA,kentucky,,26894.0,1840014388
1074,pahrump,Pahrump,36.2235,-115.9974,United States,US,USA,nevada,,45811.0,1840018821
2508,painesville,Painesville,41.724,-81.2536,United States,US,USA,ohio,,20453.0,1840000542
756,palatine,Palatine,42.118,-88.043,United States,US,USA,illinois,,66548.0,1840011311
4512,palatka,Palatka,29.6493,-81.6705,United States,US,USA,florida,,10558.0,1840015062
2701,palestine,Palestine,31.7544,-95.6471,United States,US,USA,texas,,18888.0,1840020798
2533,palisades park,Palisades Park,40.8472,-73.9966,United States,US,USA,new jersey,,20192.0,1840000915
81,palm bay,Palm Bay,27.9631,-80.6593,United States,US,USA,florida,,547659.0,1840015094
4983,palm beach,Palm Beach,26.6945,-80.0408,United States,US,USA,florida,,9234.0,1840017267
845,palm beach gardens,Palm Beach Gardens,26.8466,-80.1679,United States,US,USA,florida,,59751.0,1840015125
1978,palm city,Palm City,27.1735,-80.2862,United States,US,USA,florida,,25699.0,1840014192
499,palm coast,Palm Coast,29.5389,-81.2457,United States,US,USA,florida,,94362.0,1840015064
961,palm desert,Palm Desert,33.7378,-116.3695,United States,US,USA,california,,51551.0,1840020555
823,palm harbor,Palm Harbor,28.0847,-82.7481,United States,US,USA,florida,,61454.0,1840014143
1894,palm river-clair mel,Palm River-Clair Mel,27.9239,-82.3791,United States,US,USA,florida,,26719.0,1840073873
1099,palm springs,Palm Springs,33.8017,-116.5382,United States,US,USA,california,,44998.0,1840020556
1879,palm springs,Palm Springs,26.6348,-80.0969,United States,US,USA,florida,,26871.0,1840018308
2574,palm valley,Palm Valley,30.2011,-81.3948,United States,US,USA,florida,,19775.0,1840013971
273,palmdale,Palmdale,34.5944,-118.1057,United States,US,USA,california,,165487.0,1840020502
2299,palmer,Palmer,40.7007,-75.2628,United States,US,USA,pennsylvania,,22325.0,1840149341
3963,palmer,Palmer,42.1888,-72.3112,United States,US,USA,massachusetts,,12372.0,1840132584
3211,palmer ranch,Palmer Ranch,27.2286,-82.4672,United States,US,USA,florida,,15873.0,1840142108
3690,palmetto,Palmetto,27.5251,-82.5749,United States,US,USA,florida,,13449.0,1840015116
2117,palmetto bay,Palmetto Bay,25.6219,-80.3221,United States,US,USA,florida,,24247.0,1840018335
3069,palmetto estates,Palmetto Estates,25.6211,-80.3616,United States,US,USA,florida,,16587.0,1840029063
3245,palmview,Palmview,26.2318,-98.3823,United States,US,USA,texas,,15650.0,1840021028
749,palo alto,Palo Alto,37.3905,-122.1468,United States,US,USA,california,,67231.0,1840020333
5193,paloma creek south,Paloma Creek South,33.21,-96.9325,United States,US,USA,texas,,8797.0,1840041381
4097,palos heights,Palos Heights,41.6637,-87.7958,United States,US,USA,illinois,,11817.0,1840009181
2814,palos hills,Palos Hills,41.6986,-87.8266,United States,US,USA,illinois,,18139.0,1840009182
3791,palos verdes estates,Palos Verdes Estates,33.7872,-118.3973,United States,US,USA,california,,13047.0,1840020503
3039,pampa,Pampa,35.5479,-100.9651,United States,US,USA,texas,,16735.0,1840022939
257,panama city,Panama City,30.1995,-85.6003,United States,US,USA,florida,,177125.0,1840015034
2748,panama city beach,Panama City Beach,30.237,-85.8776,United States,US,USA,florida,,18493.0,1840015035
5169,panthersville,Panthersville,33.7059,-84.2763,United States,US,USA,georgia,,8840.0,1840013705
2136,papillion,Papillion,41.1511,-96.0665,United States,US,USA,nebraska,,24063.0,1840009328
248,paradise,Paradise,36.0872,-115.1355,United States,US,USA,nevada,,186178.0,1840033743
3892,paradise valley,Paradise Valley,33.5434,-111.9595,United States,US,USA,arizona,,12621.0,1840022913
1675,paragould,Paragould,36.0555,-90.5149,United States,US,USA,arkansas,,29940.0,1840014474
949,paramount,Paramount,33.8977,-118.1651,United States,US,USA,california,,52546.0,1840020504
1909,paramus,Paramus,40.9455,-74.0712,United States,US,USA,new jersey,,26500.0,1840000916
4687,paris,Paris,38.2016,-84.2718,United States,US,USA,kentucky,,10107.0,1840014315
4613,paris,Paris,36.2933,-88.3065,United States,US,USA,tennessee,,10313.0,1840014438
2069,paris,Paris,33.6688,-95.546,United States,US,USA,texas,,24678.0,1840020594
2454,park forest,Park Forest,41.4817,-87.6867,United States,US,USA,illinois,,20898.0,1840011313
5181,park forest village,Park Forest Village,40.7996,-77.9084,United States,US,USA,pennsylvania,,8810.0,1840035143
5263,park hills,Park Hills,37.8211,-90.505,United States,US,USA,missouri,,8667.0,1840009857
1252,park ridge,Park Ridge,42.0125,-87.8436,United States,US,USA,illinois,,39241.0,1840009183
4994,park ridge,Park Ridge,41.0352,-74.0423,United States,US,USA,new jersey,,9218.0,1840000917
837,parker,Parker,39.5084,-104.7753,United States,US,USA,colorado,,60115.0,1840022454
3917,parker,Parker,34.8513,-82.4512,United States,US,USA,south carolina,,12564.0,1840035848
798,parkersburg,Parkersburg,39.2623,-81.542,United States,US,USA,west virginia,,63236.0,1840005786
1378,parkland,Parkland,26.3219,-80.2533,United States,US,USA,florida,,35799.0,1840015140
1256,parkland,Parkland,47.1417,-122.4376,United States,US,USA,washington,,39174.0,1840018453
1655,parkville,Parkville,39.3832,-76.5519,United States,US,USA,maryland,,30423.0,1840005685
3207,parkway,Parkway,38.4993,-121.452,United States,US,USA,california,,15880.0,1840024628
3444,parlier,Parlier,36.6087,-119.5434,United States,US,USA,california,,14545.0,1840020323
3147,parma,Parma,43.2651,-77.7968,United States,US,USA,new york,,16140.0,1840087782
605,parma,Parma,41.3843,-81.7286,United States,US,USA,ohio,,80131.0,1840003406
2490,parma heights,Parma Heights,41.3865,-81.7637,United States,US,USA,ohio,,20616.0,1840003407
2855,parole,Parole,38.9863,-76.5518,United States,US,USA,maryland,,17910.0,1840005913
2346,parsippany,Parsippany,40.8645,-74.4135,United States,US,USA,new jersey,,21869.0,1840033373
897,parsippany-troy hills,Parsippany-Troy Hills,40.8601,-74.4237,United States,US,USA,new jersey,,56072.0,1840081736
4902,parsons,Parsons,37.3405,-95.2958,United States,US,USA,kansas,,9482.0,1840001712
334,pasadena,Pasadena,34.1597,-118.139,United States,US,USA,california,,136462.0,1840020505
307,pasadena,Pasadena,29.6575,-95.1498,United States,US,USA,texas,,149345.0,1840020930
1529,pasadena,Pasadena,39.1552,-76.5537,United States,US,USA,maryland,,32717.0,1840005914
3835,pasadena hills,Pasadena Hills,28.2881,-82.238,United States,US,USA,florida,,12848.0,1840039051
2355,pascagoula,Pascagoula,30.3666,-88.5506,United States,US,USA,mississippi,,21812.0,1840015018
619,pasco,Pasco,46.2506,-119.1305,United States,US,USA,washington,,78446.0,1840019888
717,passaic,Passaic,40.8574,-74.1282,United States,US,USA,new jersey,,69651.0,1840000837
2832,pataskala,Pataskala,40.011,-82.7155,United States,US,USA,ohio,,18049.0,1840001420
3967,patchogue,Patchogue,40.7621,-73.0185,United States,US,USA,new york,,12368.0,1840005129
285,paterson,Paterson,40.9147,-74.1624,United States,US,USA,new jersey,,157660.0,1840000838
2113,patterson,Patterson,37.4758,-121.1536,United States,US,USA,california,,24306.0,1840020290
4175,patterson,Patterson,41.4849,-73.5921,United States,US,USA,new york,,11568.0,1840058386
3234,patton,Patton,40.8258,-77.9237,United States,US,USA,pennsylvania,,15720.0,1840144238
657,pawtucket,Pawtucket,41.8744,-71.3743,United States,US,USA,rhode island,,75280.0,1840003285
3086,payson,Payson,34.2433,-111.3195,United States,US,USA,arizona,,16494.0,1840022857
2313,payson,Payson,40.0355,-111.739,United States,US,USA,utah,,22205.0,1840020172
921,peabody,Peabody,42.5335,-70.9725,United States,US,USA,massachusetts,,54180.0,1840000414
1264,peachtree city,Peachtree City,33.3942,-84.571,United States,US,USA,georgia,,38977.0,1840014822
1166,peachtree corners,Peachtree Corners,33.967,-84.232,United States,US,USA,georgia,,42184.0,1840029447
1833,pearl,Pearl,32.273,-90.0918,United States,US,USA,mississippi,,27458.0,1840014888
1095,pearl city,Pearl City,21.4031,-157.9566,United States,US,USA,hawaii,,45079.0,1840023251
3123,pearl river,Pearl River,41.0615,-74.0047,United States,US,USA,new york,,16282.0,1840004966
362,pearland,Pearland,29.5581,-95.3218,United States,US,USA,texas,,125983.0,1840020979
5167,pearsall,Pearsall,28.8915,-99.0975,United States,US,USA,texas,,8841.0,1840020992
4450,pebble creek,Pebble Creek,28.1583,-82.3411,United States,US,USA,florida,,10719.0,1840028995
2061,pecan grove,Pecan Grove,29.6235,-95.733,United States,US,USA,texas,,24798.0,1840019645
1998,peekskill,Peekskill,41.2884,-73.9227,United States,US,USA,new york,,25484.0,1840000783
1577,pekin,Pekin,40.5678,-89.6251,United States,US,USA,illinois,,31812.0,1840009402
2093,pelham,Pelham,33.3114,-86.7573,United States,US,USA,alabama,,24510.0,1840014826
3496,pelham,Pelham,42.7335,-71.324,United States,US,USA,new hampshire,,14333.0,1840055379
3826,pelham,Pelham,40.9,-73.8063,United States,US,USA,new york,,12895.0,1840004938
3716,pell city,Pell City,33.561,-86.2669,United States,US,USA,alabama,,13353.0,1840014771
4488,pella,Pella,41.4052,-92.9189,United States,US,USA,iowa,,10624.0,1840009293
1874,pemberton,Pemberton,39.9562,-74.6,United States,US,USA,new jersey,,26897.0,1840001480
2775,pembroke,Pembroke,42.0655,-70.8014,United States,US,USA,massachusetts,,18335.0,1840053573
267,pembroke pines,Pembroke Pines,26.0128,-80.3382,United States,US,USA,florida,,170557.0,1840015141
2988,pendleton,Pendleton,45.6757,-118.8201,United States,US,USA,oregon,,17070.0,1840019917
1268,penfield,Penfield,43.1602,-77.4483,United States,US,USA,new york,,38870.0,1840058391
4623,penn,Penn,40.1864,-76.3726,United States,US,USA,pennsylvania,,10281.0,1840147756
2870,penn,Penn,39.7994,-76.9642,United States,US,USA,pennsylvania,,17758.0,1840147116
4708,penn forest,Penn Forest,40.9571,-75.6313,United States,US,USA,pennsylvania,,10066.0,1840143698
1213,penn hills,Penn Hills,40.4762,-79.8254,United States,US,USA,pennsylvania,,40528.0,1840133217
1329,pennsauken,Pennsauken,39.9649,-75.0563,United States,US,USA,new jersey,,37089.0,1840081687
3865,pennsville,Pennsville,39.6266,-75.5089,United States,US,USA,new jersey,,12709.0,1840081664
112,pensacola,Pensacola,30.4413,-87.1911,United States,US,USA,florida,,401535.0,1840015005
240,peoria,Peoria,33.7843,-112.2989,United States,US,USA,arizona,,194338.0,1840020567
172,peoria,Peoria,40.752,-89.6154,United States,US,USA,illinois,,262461.0,1840009373
4149,pepperell,Pepperell,42.6713,-71.6043,United States,US,USA,massachusetts,,11656.0,1840053483
3254,pequannock,Pequannock,40.9627,-74.3041,United States,US,USA,new jersey,,15576.0,1840081738
1052,perinton,Perinton,43.0781,-77.4283,United States,US,USA,new york,,47121.0,1840087790
5012,perkasie,Perkasie,40.372,-75.292,United States,US,USA,pennsylvania,,9176.0,1840001309
5109,perkiomen,Perkiomen,40.2316,-75.4644,United States,US,USA,pennsylvania,,8958.0,1840142126
611,perris,Perris,33.7898,-117.2233,United States,US,USA,california,,79349.0,1840020557
2310,perry,Perry,32.472,-83.7283,United States,US,USA,georgia,,22243.0,1840014885
1742,perry hall,Perry Hall,39.4068,-76.478,United States,US,USA,maryland,,28908.0,1840005686
5261,perry heights,Perry Heights,40.7977,-81.468,United States,US,USA,ohio,,8672.0,1840005201
2040,perrysburg,Perrysburg,41.5377,-83.6413,United States,US,USA,ohio,,25065.0,1840000623
5280,perryton,Perryton,36.3928,-100.7976,United States,US,USA,texas,,8625.0,1840020379
5326,perryville,Perryville,37.7263,-89.8759,United States,US,USA,missouri,,8530.0,1840009871
908,perth amboy,Perth Amboy,40.5202,-74.2724,United States,US,USA,new jersey,,55278.0,1840001340
4412,peru,Peru,40.7593,-86.0756,United States,US,USA,indiana,,10835.0,1840009363
4784,peru,Peru,41.3482,-89.1371,United States,US,USA,illinois,,9863.0,1840009273
4282,petal,Petal,31.3477,-89.2359,United States,US,USA,mississippi,,11195.0,1840014968
855,petaluma,Petaluma,38.2423,-122.6266,United States,US,USA,california,,59321.0,1840020244
2230,peters,Peters,40.2739,-80.0803,United States,US,USA,pennsylvania,,23070.0,1840147982
1496,petersburg,Petersburg,37.2043,-77.3913,United States,US,USA,virginia,,33365.0,1840003861
3183,pewaukee,Pewaukee,43.0701,-88.2412,United States,US,USA,wisconsin,,16002.0,1840033459
775,pflugerville,Pflugerville,30.4515,-97.6018,United States,US,USA,texas,,65162.0,1840020892
606,pharr,Pharr,26.1685,-98.1904,United States,US,USA,texas,,79809.0,1840021030
2830,phelan,Phelan,34.4398,-117.5248,United States,US,USA,california,,18059.0,1840025798
1281,phenix city,Phenix City,32.4585,-85.0253,United States,US,USA,alabama,,38477.0,1840006012
6,philadelphia,Philadelphia,40.0077,-75.1339,United States,US,USA,pennsylvania,,5696588.0,1840000673
4788,philipstown,Philipstown,41.4189,-73.9152,United States,US,USA,new york,,9855.0,1840087800
3311,phillipsburg,Phillipsburg,40.6894,-75.1821,United States,US,USA,new jersey,,15251.0,1840000944
10,phoenix,Phoenix,33.5722,-112.0892,United States,US,USA,arizona,admin,4065338.0,1840020568
2672,phoenixville,Phoenixville,40.1359,-75.5201,United States,US,USA,pennsylvania,,19062.0,1840001433
4089,picayune,Picayune,30.5322,-89.6724,United States,US,USA,mississippi,,11839.0,1840015002
2160,pickerington,Pickerington,39.889,-82.7678,United States,US,USA,ohio,,23828.0,1840009528
4794,picnic point,Picnic Point,47.8744,-122.3077,United States,US,USA,washington,,9833.0,1840037897
830,pico rivera,Pico Rivera,33.9901,-118.0888,United States,US,USA,california,,60821.0,1840020506
4838,picture rocks,Picture Rocks,32.3274,-111.2558,United States,US,USA,arizona,,9665.0,1840019482
4347,piedmont,Piedmont,37.8225,-122.2301,United States,US,USA,california,,11012.0,1840020297
3562,pierre,Pierre,44.3748,-100.3205,United States,US,USA,south dakota,admin,14008.0,1840000313
4060,pike creek valley,Pike Creek Valley,39.7294,-75.6989,United States,US,USA,delaware,,11992.0,1840028614
4690,pike road,Pike Road,32.2939,-86.09,United States,US,USA,alabama,,10103.0,1840017000
1455,pikesville,Pikesville,39.3893,-76.702,United States,US,USA,maryland,,34253.0,1840005687
3362,pine,Pine,40.6437,-80.0315,United States,US,USA,pennsylvania,,14983.0,1840147147
1216,pine bluff,Pine Bluff,34.2116,-92.0173,United States,US,USA,arkansas,,40436.0,1840014699
4565,pine castle,Pine Castle,28.4651,-81.3741,United States,US,USA,florida,,10429.0,1840014097
4434,pine hill,Pine Hill,39.7879,-74.9857,United States,US,USA,new jersey,,10762.0,1840001509
580,pine hills,Pine Hills,28.5818,-81.4692,United States,US,USA,florida,,82264.0,1840014098
4976,pine lake park,Pine Lake Park,40.0017,-74.2595,United States,US,USA,new jersey,,9251.0,1840024354
4468,pine ridge,Pine Ridge,28.933,-82.4761,United States,US,USA,florida,,10676.0,1840028997
2815,pinecrest,Pinecrest,25.665,-80.3042,United States,US,USA,florida,,18138.0,1840018336
2841,pinehurst,Pinehurst,35.1922,-79.4684,United States,US,USA,north carolina,,17992.0,1840017852
936,pinellas park,Pinellas Park,27.8589,-82.7078,United States,US,USA,florida,,53423.0,1840015112
4428,pineville,Pineville,35.0864,-80.8915,United States,US,USA,north carolina,,10780.0,1840016354
3507,pineville,Pineville,31.3414,-92.4096,United States,US,USA,louisiana,,14268.0,1840014963
2923,pinewood,Pinewood,25.8697,-80.2174,United States,US,USA,florida,,17427.0,1840029066
3520,piney green,Piney Green,34.7498,-77.3208,United States,US,USA,north carolina,,14205.0,1840013558
4506,pingree grove,Pingree Grove,42.0855,-88.4358,United States,US,USA,illinois,,10576.0,1840011352
2706,pinole,Pinole,37.9931,-122.2833,United States,US,USA,california,,18835.0,1840020281
2499,piqua,Piqua,40.1506,-84.2441,United States,US,USA,ohio,,20533.0,1840009467
831,piscataway,Piscataway,40.5467,-74.4636,United States,US,USA,new jersey,,60632.0,1840081697
5170,pitman,Pitman,39.7335,-75.1306,United States,US,USA,new jersey,,8834.0,1840001521
650,pittsburg,Pittsburg,38.0182,-121.8965,United States,US,USA,california,,75868.0,1840020282
2491,pittsburg,Pittsburg,37.4129,-94.6985,United States,US,USA,kansas,,20606.0,1840001697
31,pittsburgh,Pittsburgh,40.4397,-79.9763,United States,US,USA,pennsylvania,,1712828.0,1840001254
1133,pittsfield,Pittsfield,42.4517,-73.2605,United States,US,USA,massachusetts,,43559.0,1840003116
1656,pittsford,Pittsford,43.0733,-77.5268,United States,US,USA,new york,,30402.0,1840004283
5189,pittsgrove,Pittsgrove,39.5404,-75.1291,United States,US,USA,new jersey,,8803.0,1840131599
951,placentia,Placentia,33.8807,-117.8553,United States,US,USA,california,,52384.0,1840020583
4443,placerville,Placerville,38.7308,-120.7979,United States,US,USA,california,,10730.0,1840020238
5125,plainedge,Plainedge,40.7241,-73.477,United States,US,USA,new york,,8930.0,1840005249
1077,plainfield,Plainfield,41.6207,-88.2253,United States,US,USA,illinois,,45705.0,1840011495
917,plainfield,Plainfield,40.6154,-74.4157,United States,US,USA,new jersey,,54515.0,1840001090
1379,plainfield,Plainfield,39.6954,-86.3716,United States,US,USA,indiana,,35783.0,1840010579
4789,plains,Plains,41.2657,-75.8131,United States,US,USA,pennsylvania,,9852.0,1840025529
2150,plainsboro,Plainsboro,40.3377,-74.5879,United States,US,USA,new jersey,,23954.0,1840081691
2557,plainview,Plainview,34.1911,-101.7235,United States,US,USA,texas,,19893.0,1840020538
1926,plainview,Plainview,40.7832,-73.4732,United States,US,USA,new york,,26251.0,1840005250
4780,plainville,Plainville,42.0141,-71.3364,United States,US,USA,massachusetts,,9872.0,1840053555
157,plano,Plano,33.0502,-96.7486,United States,US,USA,texas,,287339.0,1840020662
4159,plano,Plano,41.6757,-88.5293,United States,US,USA,illinois,,11626.0,1840009258
1225,plant city,Plant City,28.014,-82.1201,United States,US,USA,florida,,40009.0,1840015115
504,plantation,Plantation,26.1259,-80.2617,United States,US,USA,florida,,94002.0,1840015142
4562,plattekill,Plattekill,41.6478,-74.0718,United States,US,USA,new york,,10432.0,1840058407
4222,platteville,Platteville,42.728,-90.4681,United States,US,USA,wisconsin,,11421.0,1840002981
2561,plattsburgh,Plattsburgh,44.6951,-73.4563,United States,US,USA,new york,,19878.0,1840000296
1314,pleasant grove,Pleasant Grove,40.3716,-111.7412,United States,US,USA,utah,,37544.0,1840020173
4894,pleasant grove,Pleasant Grove,33.494,-86.9782,United States,US,USA,alabama,,9502.0,1840014793
1449,pleasant hill,Pleasant Hill,37.9539,-122.0759,United States,US,USA,california,,34335.0,1840020283
4421,pleasant hill,Pleasant Hill,41.5867,-93.4953,United States,US,USA,iowa,,10796.0,1840009219
5162,pleasant hill,Pleasant Hill,38.8059,-94.2652,United States,US,USA,missouri,,8853.0,1840009786
2386,pleasant prairie,Pleasant Prairie,42.5266,-87.8895,United States,US,USA,wisconsin,,21515.0,1840003163
4801,pleasant valley,Pleasant Valley,41.7697,-73.8049,United States,US,USA,new york,,9790.0,1840058409
4310,pleasant view,Pleasant View,41.3249,-112.0011,United States,US,USA,utah,,11104.0,1840020137
4404,pleasanton,Pleasanton,28.9642,-98.4957,United States,US,USA,texas,,10854.0,1840020988
626,pleasanton,Pleasanton,37.6663,-121.8805,United States,US,USA,california,,77500.0,1840020298
2493,pleasantville,Pleasantville,39.39,-74.5169,United States,US,USA,new jersey,,20604.0,1840001535
3627,plover,Plover,44.4615,-89.5382,United States,US,USA,wisconsin,,13713.0,1840002328
1878,plum,Plum,40.5024,-79.7495,United States,US,USA,pennsylvania,,26873.0,1840003632
3550,plumstead,Plumstead,40.3878,-75.1164,United States,US,USA,pennsylvania,,14063.0,1840152882
608,plymouth,Plymouth,45.0225,-93.4617,United States,US,USA,minnesota,,79526.0,1840008929
5129,plymouth,Plymouth,43.7447,-87.966,United States,US,USA,wisconsin,,8913.0,1840002626
4984,plymouth,Plymouth,42.3718,-83.468,United States,US,USA,michigan,,9234.0,1840003959
2779,plymouth,Plymouth,40.1115,-75.2976,United States,US,USA,pennsylvania,,18316.0,1840142125
4531,plymouth,Plymouth,41.3483,-86.3187,United States,US,USA,indiana,,10506.0,1840014170
806,plymouth,Plymouth,41.8783,-70.6309,United States,US,USA,massachusetts,,62656.0,1840053574
643,pocatello,Pocatello,42.8724,-112.4647,United States,US,USA,idaho,,76370.0,1840013376
4384,pocono,Pocono,41.0612,-75.3102,United States,US,USA,pennsylvania,,10889.0,1840144156
691,poinciana,Poinciana,28.1217,-81.4821,United States,US,USA,florida,,71665.0,1840014132
2654,point pleasant,Point Pleasant,40.0772,-74.0702,United States,US,USA,new jersey,,19158.0,1840001485
3811,pomfret,Pomfret,42.4029,-79.3534,United States,US,USA,new york,,12956.0,1840087818
310,pomona,Pomona,34.0585,-117.7626,United States,US,USA,california,,148391.0,1840020507
414,pompano beach,Pompano Beach,26.2428,-80.1312,United States,US,USA,florida,,112212.0,1840015143
4351,pompton lakes,Pompton Lakes,41.0024,-74.2859,United States,US,USA,new jersey,,11010.0,1840000833
4430,pompton plains,Pompton Plains,40.9679,-74.3075,United States,US,USA,new jersey,,10766.0,1840033387
2108,ponca city,Ponca City,36.7235,-97.0677,United States,US,USA,oklahoma,,24377.0,1840020345
4197,pontiac,Pontiac,40.8894,-88.6409,United States,US,USA,illinois,,11483.0,1840009352
816,pontiac,Pontiac,42.6493,-83.2878,United States,US,USA,michigan,,61914.0,1840002427
1847,pooler,Pooler,32.1043,-81.2569,United States,US,USA,georgia,,27235.0,1840014914
3135,poplar bluff,Poplar Bluff,36.7632,-90.4135,United States,US,USA,missouri,,16243.0,1840009935
3920,poquoson,Poquoson,37.1318,-76.3568,United States,US,USA,virginia,,12556.0,1840003863
2540,port angeles,Port Angeles,48.1141,-123.4565,United States,US,USA,washington,,20087.0,1840019782
403,port arthur,Port Arthur,29.8554,-93.9264,United States,US,USA,texas,,114860.0,1840020919
778,port charlotte,Port Charlotte,26.9918,-82.114,United States,US,USA,florida,,64971.0,1840014200
1613,port chester,Port Chester,41.0051,-73.668,United States,US,USA,new york,,31162.0,1840004941
2368,port hueneme,Port Hueneme,34.1618,-119.2036,United States,US,USA,california,,21691.0,1840020475
559,port huron,Port Huron,42.9821,-82.4388,United States,US,USA,michigan,,85051.0,1840003953
5236,port jervis,Port Jervis,41.3783,-74.691,United States,US,USA,new york,,8709.0,1840000587
4224,port lavaca,Port Lavaca,28.6181,-96.6278,United States,US,USA,texas,,11410.0,1840020996
3651,port neches,Port Neches,29.9765,-93.9459,United States,US,USA,texas,,13627.0,1840020920
791,port orange,Port Orange,29.1085,-81.0137,United States,US,USA,florida,,63818.0,1840015077
3105,port orchard,Port Orchard,47.5163,-122.661,United States,US,USA,washington,,16398.0,1840019821
3347,port royal,Port Royal,32.3557,-80.7029,United States,US,USA,south carolina,,15047.0,1840016975
4371,port salerno,Port Salerno,27.1461,-80.1894,United States,US,USA,florida,,10957.0,1840014193
2077,port st. john,Port St. John,28.4757,-80.8104,United States,US,USA,florida,,24617.0,1840014079
91,port st. lucie,Port St. Lucie,27.2796,-80.3884,United States,US,USA,florida,,473733.0,1840015119
4619,port townsend,Port Townsend,48.122,-122.7877,United States,US,USA,washington,,10290.0,1840019797
2888,port washington,Port Washington,40.8268,-73.6765,United States,US,USA,new york,,17613.0,1840005252
3915,port washington,Port Washington,43.3846,-87.8855,United States,US,USA,wisconsin,,12569.0,1840002826
4058,port wentworth,Port Wentworth,32.1951,-81.1991,United States,US,USA,georgia,,11997.0,1840014915
4596,portage,Portage,43.5489,-89.4658,United States,US,USA,wisconsin,,10374.0,1840002712
1298,portage,Portage,41.5856,-87.1797,United States,US,USA,indiana,,37951.0,1840009264
1012,portage,Portage,42.2,-85.5906,United States,US,USA,michigan,,49015.0,1840003183
4048,portales,Portales,34.1754,-103.3565,United States,US,USA,new mexico,,12023.0,1840020529
718,porterville,Porterville,36.0643,-119.0338,United States,US,USA,california,,69616.0,1840020368
3730,portland,Portland,36.5921,-86.5239,United States,US,USA,tennessee,,13325.0,1840014418
212,portland,Portland,43.6773,-70.2715,United States,US,USA,maine,,213660.0,1840000327
2516,portland,Portland,27.8942,-97.3278,United States,US,USA,texas,,20369.0,1840021006
24,portland,Portland,45.5371,-122.65,United States,US,USA,oregon,,2084045.0,1840019941
2852,portsmouth,Portsmouth,38.7538,-82.9445,United States,US,USA,ohio,,17919.0,1840001646
2874,portsmouth,Portsmouth,41.5922,-71.2745,United States,US,USA,rhode island,,17740.0,1840066124
497,portsmouth,Portsmouth,43.058,-70.7826,United States,US,USA,new hampshire,,94815.0,1840002932
482,portsmouth,Portsmouth,36.8468,-76.354,United States,US,USA,virginia,,97299.0,1840003872
1176,post falls,Post Falls,47.7213,-116.9384,United States,US,USA,idaho,,41716.0,1840019811
5138,poteau,Poteau,35.0282,-94.6346,United States,US,USA,oklahoma,,8903.0,1840020445
1068,potomac,Potomac,39.0141,-77.1943,United States,US,USA,maryland,,46230.0,1840005837
4480,potomac park,Potomac Park,35.3636,-118.965,United States,US,USA,california,,10634.0,1840147389
3378,potsdam,Potsdam,44.6774,-75.0396,United States,US,USA,new york,,14917.0,1840004061
2202,pottstown,Pottstown,40.2508,-75.6445,United States,US,USA,pennsylvania,,23392.0,1840001373
3707,pottsville,Pottsville,40.6798,-76.2091,United States,US,USA,pennsylvania,,13374.0,1840002775
143,poughkeepsie,Poughkeepsie,41.695,-73.9211,United States,US,USA,new york,,307738.0,1840000500
4066,poulsbo,Poulsbo,47.7417,-122.6407,United States,US,USA,washington,,11962.0,1840019822
1025,poway,Poway,32.9871,-117.0201,United States,US,USA,california,,48515.0,1840020624
2925,powder springs,Powder Springs,33.8659,-84.684,United States,US,USA,georgia,,17414.0,1840014755
4249,powdersville,Powdersville,34.7826,-82.4959,United States,US,USA,south carolina,,11321.0,1840013581
3668,powell,Powell,36.0358,-84.0296,United States,US,USA,tennessee,,13544.0,1840036085
3515,powell,Powell,40.1689,-83.0829,United States,US,USA,ohio,,14229.0,1840009430
4042,prairie ridge,Prairie Ridge,47.1438,-122.1408,United States,US,USA,washington,,12054.0,1840037882
2242,prairie village,Prairie Village,38.9874,-94.6362,United States,US,USA,kansas,,22937.0,1840001644
1423,prairieville,Prairieville,30.3151,-90.9571,United States,US,USA,louisiana,,35010.0,1840026029
1269,prattville,Prattville,32.4597,-86.4573,United States,US,USA,alabama,,38850.0,1840004086
2742,preakness,Preakness,40.9382,-74.2242,United States,US,USA,new jersey,,18538.0,1840144111
1060,prescott,Prescott,34.5849,-112.4473,United States,US,USA,arizona,,46744.0,1840020436
490,prescott valley,Prescott Valley,34.598,-112.3185,United States,US,USA,arizona,,96190.0,1840021772
5223,presque isle,Presque Isle,46.6868,-67.9874,United States,US,USA,maine,,8736.0,1840000146
2664,prichard,Prichard,30.7735,-88.1301,United States,US,USA,alabama,,19121.0,1840014990
2446,princeton,Princeton,33.1778,-96.5044,United States,US,USA,texas,,20966.0,1840020663
1185,princeton,Princeton,25.5396,-80.3971,United States,US,USA,florida,,41476.0,1840014248
1652,princeton,Princeton,40.3562,-74.6693,United States,US,USA,new jersey,,30451.0,1840001381
3290,princeton meadows,Princeton Meadows,40.3347,-74.5651,United States,US,USA,new jersey,,15382.0,1840033474
4283,prineville,Prineville,44.2985,-120.8607,United States,US,USA,oregon,,11187.0,1840019999
1801,prior lake,Prior Lake,44.7246,-93.4419,United States,US,USA,minnesota,,27832.0,1840008956
4297,progress,Progress,40.2901,-76.8394,United States,US,USA,pennsylvania,,11143.0,1840035164
4592,progress village,Progress Village,27.8831,-82.3593,United States,US,USA,florida,,10378.0,1840028917
3240,prospect heights,Prospect Heights,42.1039,-87.9267,United States,US,USA,illinois,,15681.0,1840009184
1439,prosper,Prosper,33.2394,-96.8087,United States,US,USA,texas,,34567.0,1840022019
42,providence,Providence,41.823,-71.4187,United States,US,USA,rhode island,admin,1270529.0,1840003289
5259,providence,Providence,41.7035,-111.8123,United States,US,USA,utah,,8675.0,1840020115
68,provo,Provo,40.2457,-111.6457,United States,US,USA,utah,,639820.0,1840020174
2630,prunedale,Prunedale,36.8064,-121.6555,United States,US,USA,california,,19286.0,1840019020
4887,pryor creek,Pryor Creek,36.2996,-95.3107,United States,US,USA,oklahoma,,9520.0,1840037410
379,pueblo,Pueblo,38.2701,-104.6114,United States,US,USA,colorado,,120020.0,1840020255
1426,pueblo west,Pueblo West,38.3465,-104.7246,United States,US,USA,colorado,,34992.0,1840018860
5122,pulaski,Pulaski,37.0528,-80.7624,United States,US,USA,virginia,,8937.0,1840006469
1568,pullman,Pullman,46.7336,-117.168,United States,US,USA,washington,,31939.0,1840019864
2558,punta gorda,Punta Gorda,26.8941,-82.0513,United States,US,USA,florida,,19886.0,1840015122
5104,purcellville,Purcellville,39.1378,-77.711,United States,US,USA,virginia,,8974.0,1840005875
4111,putnam valley,Putnam Valley,41.398,-73.8368,United States,US,USA,new york,,11756.0,1840058429
1155,puyallup,Puyallup,47.1793,-122.2902,United States,US,USA,washington,,42642.0,1840019859
4955,quakertown,Quakertown,40.4398,-75.3455,United States,US,USA,pennsylvania,,9298.0,1840001310
4366,quartz hill,Quartz Hill,34.6527,-118.2163,United States,US,USA,california,,10968.0,1840019210
762,queen creek,Queen Creek,33.2454,-111.6173,United States,US,USA,arizona,,66369.0,1840021944
19,queens,Queens,40.7498,-73.7976,United States,US,USA,new york,,2405464.0,1840034002
1726,queensbury,Queensbury,43.3568,-73.6765,United States,US,USA,new york,,29155.0,1840058430
467,quincy,Quincy,42.2506,-71.0187,United States,US,USA,massachusetts,,101361.0,1840000461
1254,quincy,Quincy,39.9336,-91.3799,United States,US,USA,illinois,,39188.0,1840009466
4527,raceland,Raceland,29.7282,-90.6362,United States,US,USA,louisiana,,10517.0,1840014027
338,racine,Racine,42.7274,-87.8135,United States,US,USA,wisconsin,,135512.0,1840002493
2240,radcliff,Radcliff,37.8204,-85.9365,United States,US,USA,kentucky,,22967.0,1840014329
3082,radford,Radford,37.1229,-80.5587,United States,US,USA,virginia,,16505.0,1840003864
1492,radnor,Radnor,40.0287,-75.3675,United States,US,USA,pennsylvania,,33466.0,1840152846
1688,rahway,Rahway,40.6077,-74.2807,United States,US,USA,new jersey,,29748.0,1840001091
4653,rainbow city,Rainbow City,33.9336,-86.0922,United States,US,USA,alabama,,10213.0,1840014732
45,raleigh,Raleigh,35.8324,-78.6429,United States,US,USA,north carolina,admin,1150010.0,1840014497
302,ramapo,Ramapo,41.1404,-74.1072,United States,US,USA,new york,,150225.0,1840058431
2255,ramona,Ramona,33.0474,-116.8766,United States,US,USA,california,,22829.0,1840019346
1788,ramsey,Ramsey,45.2617,-93.4494,United States,US,USA,minnesota,,28070.0,1840008904
3412,ramsey,Ramsey,41.0595,-74.1454,United States,US,USA,new jersey,,14722.0,1840000896
597,rancho cordova,Rancho Cordova,38.5737,-121.2527,United States,US,USA,california,,80656.0,1840020248
261,rancho cucamonga,Rancho Cucamonga,34.1247,-117.5667,United States,US,USA,california,,174693.0,1840020411
2934,rancho mirage,Rancho Mirage,33.7635,-116.4271,United States,US,USA,california,,17375.0,1840020558
4242,rancho mission viejo,Rancho Mission Viejo,33.514,-117.5618,United States,US,USA,california,,11355.0,1840147893
1190,rancho palos verdes,Rancho Palos Verdes,33.7554,-118.3634,United States,US,USA,california,,41259.0,1840020508
2309,rancho san diego,Rancho San Diego,32.7624,-116.9197,United States,US,USA,california,,22264.0,1840019347
1046,rancho santa margarita,Rancho Santa Margarita,33.6318,-117.5988,United States,US,USA,california,,47257.0,1840020584
1367,randallstown,Randallstown,39.3723,-76.8024,United States,US,USA,maryland,,35975.0,1840005688
1433,randolph,Randolph,42.1778,-71.0539,United States,US,USA,massachusetts,,34683.0,1840004675
1914,randolph,Randolph,40.8434,-74.5819,United States,US,USA,new jersey,,26460.0,1840081731
3929,rantoul,Rantoul,40.3031,-88.1549,United States,US,USA,illinois,,12515.0,1840012227
4041,rapho,Rapho,40.1576,-76.458,United States,US,USA,pennsylvania,,12059.0,1840142495
530,rapid city,Rapid City,44.0716,-103.2204,United States,US,USA,south dakota,,90421.0,1840002180
2149,raritan,Raritan,40.507,-74.8662,United States,US,USA,new jersey,,23957.0,1840143543
4683,rathdrum,Rathdrum,47.7948,-116.8944,United States,US,USA,idaho,,10133.0,1840019812
4257,ravenna,Ravenna,41.1612,-81.2422,United States,US,USA,ohio,,11286.0,1840009317
4411,raymond,Raymond,43.0322,-71.1994,United States,US,USA,new hampshire,,10837.0,1840055480
4638,raymondville,Raymondville,26.4759,-97.7769,United States,US,USA,texas,,10243.0,1840021035
2158,raymore,Raymore,38.8029,-94.4583,United States,US,USA,missouri,,23849.0,1840009787
3306,raynham,Raynham,41.9312,-71.0437,United States,US,USA,massachusetts,,15273.0,1840053522
1698,raytown,Raytown,38.9944,-94.4641,United States,US,USA,missouri,,29593.0,1840009681
2005,reading,Reading,42.5351,-71.1056,United States,US,USA,massachusetts,,25448.0,1840053484
4534,reading,Reading,39.2242,-84.4333,United States,US,USA,ohio,,10490.0,1840001611
160,reading,Reading,40.34,-75.9267,United States,US,USA,pennsylvania,,280030.0,1840001185
3141,readington,Readington,40.5822,-74.7796,United States,US,USA,new jersey,,16213.0,1840081708
4373,red bank,Red Bank,33.9309,-81.2322,United States,US,USA,south carolina,,10950.0,1840013658
3832,red bank,Red Bank,40.348,-74.0672,United States,US,USA,new jersey,,12864.0,1840001358
4068,red bank,Red Bank,35.1117,-85.2962,United States,US,USA,tennessee,,11960.0,1840014571
3435,red bluff,Red Bluff,40.1735,-122.2413,United States,US,USA,california,,14592.0,1840020176
3091,red hill,Red Hill,33.7777,-79.0111,United States,US,USA,south carolina,,16480.0,1840013649
4323,red hook,Red Hook,42.0188,-73.8788,United States,US,USA,new york,,11062.0,1840004752
3200,red oak,Red Oak,32.5212,-96.7866,United States,US,USA,texas,,15909.0,1840020761
3054,red wing,Red Wing,44.5817,-92.6036,United States,US,USA,minnesota,,16660.0,1840008959
1654,redan,Redan,33.7394,-84.1644,United States,US,USA,georgia,,30426.0,1840013706
374,redding,Redding,40.5698,-122.365,United States,US,USA,california,,120849.0,1840020141
2689,redland,Redland,39.1339,-77.1464,United States,US,USA,maryland,,18976.0,1840005838
5207,redlands,Redlands,39.0886,-108.6582,United States,US,USA,colorado,,8771.0,1840018812
678,redlands,Redlands,34.0512,-117.1712,United States,US,USA,california,,72985.0,1840020412
1416,redmond,Redmond,44.2612,-121.181,United States,US,USA,oregon,,35161.0,1840020003
652,redmond,Redmond,47.6763,-122.1169,United States,US,USA,washington,,75721.0,1840019835
715,redondo beach,Redondo Beach,33.8577,-118.3765,United States,US,USA,california,,69814.0,1840020509
578,redwood city,Redwood City,37.5025,-122.2253,United States,US,USA,california,,82423.0,1840020304
2006,reedley,Reedley,36.5988,-119.4471,United States,US,USA,california,,25446.0,1840020320
4712,reedsburg,Reedsburg,43.5348,-89.9965,United States,US,USA,wisconsin,,10060.0,1840002727
3845,rehoboth,Rehoboth,41.8439,-71.2456,United States,US,USA,massachusetts,,12809.0,1840053661
3442,reidsville,Reidsville,36.3376,-79.6725,United States,US,USA,north carolina,,14547.0,1840014436
1811,reisterstown,Reisterstown,39.455,-76.814,United States,US,USA,maryland,,27764.0,1840005689
3203,rendon,Rendon,32.5789,-97.2349,United States,US,USA,texas,,15894.0,1840019421
97,reno,Reno,39.5497,-119.8483,United States,US,USA,nevada,,454814.0,1840020121
4977,rensselaer,Rensselaer,42.6465,-73.7328,United States,US,USA,new york,,9247.0,1840000394
448,renton,Renton,47.4784,-122.1918,United States,US,USA,washington,,105279.0,1840019827
2642,republic,Republic,37.1452,-93.4446,United States,US,USA,missouri,,19233.0,1840009906
792,reston,Reston,38.9497,-77.3461,United States,US,USA,virginia,,63542.0,1840006025
840,revere,Revere,42.4189,-71.004,United States,US,USA,massachusetts,,59933.0,1840000457
1239,rexburg,Rexburg,43.8226,-111.7919,United States,US,USA,idaho,,39589.0,1840020037
1195,reynoldsburg,Reynoldsburg,39.9588,-82.7943,United States,US,USA,ohio,,41032.0,1840009473
453,rialto,Rialto,34.1175,-117.3892,United States,US,USA,california,,103866.0,1840020407
5085,rice lake,Rice Lake,45.4864,-91.7447,United States,US,USA,wisconsin,,9030.0,1840002075
383,richardson,Richardson,32.9716,-96.7093,United States,US,USA,texas,,118269.0,1840020710
4099,richfield,Richfield,43.2372,-88.2413,United States,US,USA,wisconsin,,11806.0,1840002835
1339,richfield,Richfield,44.8763,-93.2829,United States,US,USA,minnesota,,36725.0,1840008930
4019,richland,Richland,40.2842,-78.8449,United States,US,USA,pennsylvania,,12136.0,1840143652
4092,richland,Richland,40.644,-79.9579,United States,US,USA,pennsylvania,,11836.0,1840141800
3572,richland,Richland,40.449,-75.3362,United States,US,USA,pennsylvania,,13958.0,1840152881
817,richland,Richland,46.2824,-119.2939,United States,US,USA,washington,,61912.0,1840019889
399,richmond,Richmond,37.9477,-122.3389,United States,US,USA,california,,115396.0,1840020277
1395,richmond,Richmond,39.8318,-84.8905,United States,US,USA,indiana,,35551.0,1840014176
46,richmond,Richmond,37.5295,-77.4756,United States,US,USA,virginia,admin,1081248.0,1840001698
4022,richmond,Richmond,29.5824,-95.7563,United States,US,USA,texas,,12117.0,1840020947
1398,richmond,Richmond,37.7307,-84.2925,United States,US,USA,kentucky,,35498.0,1840014341
4897,richmond heights,Richmond Heights,25.6347,-80.3721,United States,US,USA,florida,,9489.0,1840014249
4467,richmond heights,Richmond Heights,41.5589,-81.5029,United States,US,USA,ohio,,10677.0,1840003409
5009,richmond heights,Richmond Heights,38.6309,-90.3332,United States,US,USA,missouri,,9179.0,1840009769
2928,richmond hill,Richmond Hill,31.9012,-81.3125,United States,US,USA,georgia,,17408.0,1840014913
1366,richmond west,Richmond West,25.6105,-80.4297,United States,US,USA,florida,,35988.0,1840073270
3910,richton park,Richton Park,41.4816,-87.7387,United States,US,USA,illinois,,12576.0,1840011283
3932,ridge,Ridge,40.9068,-72.8816,United States,US,USA,new york,,12506.0,1840005068
1782,ridgecrest,Ridgecrest,35.6308,-117.6622,United States,US,USA,california,,28138.0,1840020417
3911,ridgefield,Ridgefield,45.8114,-122.7051,United States,US,USA,washington,,12576.0,1840019909
4213,ridgefield,Ridgefield,40.8313,-74.0147,United States,US,USA,new jersey,,11439.0,1840000897
3766,ridgefield park,Ridgefield Park,40.8543,-74.0201,United States,US,USA,new jersey,,13167.0,1840000898
2087,ridgeland,Ridgeland,32.4236,-90.1481,United States,US,USA,mississippi,,24548.0,1840014873
1942,ridgewood,Ridgewood,40.9821,-74.1127,United States,US,USA,new jersey,,26076.0,1840000899
1631,ridley,Ridley,39.8854,-75.328,United States,US,USA,pennsylvania,,30822.0,1840142587
4546,rifle,Rifle,39.5362,-107.7729,United States,US,USA,colorado,,10466.0,1840020185
4295,rincon,Rincon,32.2947,-81.2353,United States,US,USA,georgia,,11152.0,1840018091
4168,ringwood,Ringwood,41.1065,-74.2749,United States,US,USA,new jersey,,11600.0,1840000835
5120,rio del mar,Rio del Mar,36.9607,-121.8807,United States,US,USA,california,,8938.0,1840028179
3308,rio grande city,Rio Grande City,26.3808,-98.8215,United States,US,USA,texas,,15258.0,1840021016
3005,rio linda,Rio Linda,38.6875,-121.4417,United States,US,USA,california,,16951.0,1840018843
442,rio rancho,Rio Rancho,35.2873,-106.6982,United States,US,USA,new mexico,,106533.0,1840020387
2357,rio rico,Rio Rico,31.4957,-110.9885,United States,US,USA,arizona,,21798.0,1840027004
4727,rio vista,Rio Vista,38.1765,-121.7025,United States,US,USA,california,,10002.0,1840020254
3154,ripon,Ripon,37.7417,-121.131,United States,US,USA,california,,16117.0,1840020264
4046,river edge,River Edge,40.9269,-74.0387,United States,US,USA,new jersey,,12024.0,1840000900
3116,river falls,River Falls,44.8609,-92.6247,United States,US,USA,wisconsin,,16349.0,1840002289
4192,river forest,River Forest,41.895,-87.8194,United States,US,USA,illinois,,11489.0,1840011284
4540,river grove,River Grove,41.9243,-87.8379,United States,US,USA,illinois,,10482.0,1840011285
3765,river ridge,River Ridge,29.9593,-90.2202,United States,US,USA,louisiana,,13170.0,1840013995
4759,river vale,River Vale,41.0138,-74.008,United States,US,USA,new jersey,,9933.0,1840081804
2055,riverbank,Riverbank,37.726,-120.9433,United States,US,USA,california,,24881.0,1840020286
3387,riverdale,Riverdale,33.5639,-84.4103,United States,US,USA,georgia,,14866.0,1840014815
4529,riverdale,Riverdale,41.6441,-87.6366,United States,US,USA,illinois,,10515.0,1840011286
4956,riverdale,Riverdale,41.1732,-112.0023,United States,US,USA,utah,,9294.0,1840020131
1375,riverhead,Riverhead,40.9408,-72.7095,United States,US,USA,new york,,35826.0,1840058445
20,riverside,Riverside,33.9381,-117.3949,United States,US,USA,california,,2288508.0,1840020551
5062,riverside,Riverside,41.831,-87.8169,United States,US,USA,illinois,,9079.0,1840011287
4997,riverside,Riverside,41.0318,-73.5827,United States,US,USA,connecticut,,9216.0,1840026286
2102,riverside,Riverside,39.7835,-84.1219,United States,US,USA,ohio,,24432.0,1840012490
1101,riverton,Riverton,40.5176,-111.9636,United States,US,USA,utah,,44944.0,1840020157
4419,riverton,Riverton,43.0421,-108.4144,United States,US,USA,wyoming,,10803.0,1840020026
3993,riverview,Riverview,42.1723,-83.1946,United States,US,USA,michigan,,12269.0,1840003961
432,riverview,Riverview,27.8227,-82.3023,United States,US,USA,florida,,107776.0,1840014158
1291,riviera beach,Riviera Beach,26.7813,-80.0741,United States,US,USA,florida,,38032.0,1840015126
3899,riviera beach,Riviera Beach,39.1623,-76.5257,United States,US,USA,maryland,,12608.0,1840005916
211,roanoke,Roanoke,37.2785,-79.9581,United States,US,USA,virginia,,214019.0,1840003858
4749,roanoke,Roanoke,33.0144,-97.2276,United States,US,USA,texas,,9947.0,1840020641
3352,roanoke rapids,Roanoke Rapids,36.4452,-77.649,United States,US,USA,north carolina,,15024.0,1840014437
3500,robbinsdale,Robbinsdale,45.0261,-93.3332,United States,US,USA,minnesota,,14318.0,1840008931
3280,robbinsville,Robbinsville,40.222,-74.591,United States,US,USA,new jersey,,15432.0,1840081653
4085,robertsville,Robertsville,40.3395,-74.2939,United States,US,USA,new jersey,,11859.0,1840026509
3875,robinson,Robinson,31.4501,-97.1201,United States,US,USA,texas,,12668.0,1840020813
3276,robinson,Robinson,40.4578,-80.1334,United States,US,USA,pennsylvania,,15453.0,1840149298
4645,robstown,Robstown,27.794,-97.6692,United States,US,USA,texas,,10222.0,1840021010
4906,rochelle,Rochelle,41.9197,-89.0629,United States,US,USA,illinois,,9477.0,1840009179
369,rochester,Rochester,44.0154,-92.478,United States,US,USA,minnesota,,123252.0,1840008987
1518,rochester,Rochester,43.299,-70.9787,United States,US,USA,new hampshire,,32866.0,1840002809
65,rochester,Rochester,43.168,-77.6162,United States,US,USA,new york,,694707.0,1840000373
3814,rochester,Rochester,42.6866,-83.1198,United States,US,USA,michigan,,12939.0,1840002428
647,rochester hills,Rochester Hills,42.6645,-83.1563,United States,US,USA,michigan,,76086.0,1840002429
5254,rock falls,Rock Falls,41.7724,-89.6928,United States,US,USA,illinois,,8683.0,1840009202
187,rock hill,Rock Hill,34.9415,-81.0241,United States,US,USA,south carolina,,244403.0,1840014618
1338,rock island,Rock Island,41.4699,-90.5827,United States,US,USA,illinois,,36758.0,1840009233
2217,rock springs,Rock Springs,41.5947,-109.2209,United States,US,USA,wyoming,,23229.0,1840020101
1965,rockaway,Rockaway,40.9602,-74.4988,United States,US,USA,new jersey,,25810.0,1840000951
4912,rockcreek,Rockcreek,45.5526,-122.876,United States,US,USA,oregon,,9463.0,1840034833
166,rockford,Rockford,42.2596,-89.064,United States,US,USA,illinois,,274256.0,1840009132
5057,rockingham,Rockingham,34.9386,-79.7608,United States,US,USA,north carolina,,9094.0,1840014617
2879,rockland,Rockland,42.1295,-70.91,United States,US,USA,massachusetts,,17709.0,1840053576
1772,rockledge,Rockledge,28.3203,-80.736,United States,US,USA,florida,,28279.0,1840015095
685,rocklin,Rocklin,38.8075,-121.2489,United States,US,USA,california,,72340.0,1840020232
4553,rockport,Rockport,28.029,-97.0722,United States,US,USA,texas,,10449.0,1840020999
750,rockville,Rockville,39.0834,-77.1553,United States,US,USA,maryland,,67218.0,1840005849
1973,rockville centre,Rockville Centre,40.6643,-73.6383,United States,US,USA,new york,,25770.0,1840005320
996,rockwall,Rockwall,32.9169,-96.4374,United States,US,USA,texas,,49605.0,1840020717
5171,rockwood,Rockwood,37.463,-77.5744,United States,US,USA,virginia,,8834.0,1840041858
922,rocky mount,Rocky Mount,35.9685,-77.804,United States,US,USA,north carolina,,54175.0,1840014490
3576,rocky point,Rocky Point,40.9357,-72.9364,United States,US,USA,new york,,13931.0,1840005070
2388,rocky river,Rocky River,41.4702,-81.8525,United States,US,USA,ohio,,21490.0,1840003410
5226,rodeo,Rodeo,38.0367,-122.2526,United States,US,USA,california,,8735.0,1840018900
4245,roessleville,Roessleville,42.6969,-73.7964,United States,US,USA,new york,,11327.0,1840033946
695,rogers,Rogers,36.317,-94.1531,United States,US,USA,arkansas,,71411.0,1840014444
3699,rogers,Rogers,45.1865,-93.5783,United States,US,USA,minnesota,,13405.0,1840008932
1113,rohnert park,Rohnert Park,38.3479,-122.6965,United States,US,USA,california,,44461.0,1840020243
4660,rolesville,Rolesville,35.9223,-78.4656,United States,US,USA,north carolina,,10200.0,1840017759
2535,rolla,Rolla,37.9459,-91.7607,United States,US,USA,missouri,,20144.0,1840009849
2144,rolling meadows,Rolling Meadows,42.0747,-88.0252,United States,US,USA,illinois,,23981.0,1840009185
4182,roma,Roma,26.4166,-99.0061,United States,US,USA,texas,,11543.0,1840021017
1307,rome,Rome,34.2662,-85.1863,United States,US,USA,georgia,,37754.0,1840014681
1580,rome,Rome,43.226,-75.4909,United States,US,USA,new york,,31795.0,1840000349
1196,romeoville,Romeoville,41.6318,-88.0997,United States,US,USA,illinois,,40996.0,1840011489
2051,romulus,Romulus,42.2237,-83.366,United States,US,USA,michigan,,24951.0,1840003963
2771,ronkonkoma,Ronkonkoma,40.8037,-73.1246,United States,US,USA,new york,,18368.0,1840005071
2590,roosevelt,Roosevelt,40.6797,-73.5837,United States,US,USA,new york,,19636.0,1840005253
2466,rosamond,Rosamond,34.8658,-118.2155,United States,US,USA,california,,20835.0,1840019140
4006,rosaryville,Rosaryville,38.7672,-76.8266,United States,US,USA,maryland,,12206.0,1840005952
4390,roscoe,Roscoe,42.4256,-89.0084,United States,US,USA,illinois,,10881.0,1840011122
2389,rose hill,Rose Hill,38.7872,-77.1085,United States,US,USA,virginia,,21484.0,1840133323
2164,roseburg,Roseburg,43.2231,-123.352,United States,US,USA,oregon,,23773.0,1840020034
2626,rosedale,Rosedale,35.3886,-119.2058,United States,US,USA,california,,19325.0,1840019141
2462,rosedale,Rosedale,39.3266,-76.5084,United States,US,USA,maryland,,20845.0,1840005690
2263,roselle,Roselle,41.9809,-88.0861,United States,US,USA,illinois,,22731.0,1840011407
2287,roselle,Roselle,40.6527,-74.2599,United States,US,USA,new jersey,,22455.0,1840001092
3570,roselle park,Roselle Park,40.6653,-74.2666,United States,US,USA,new jersey,,13965.0,1840001093
988,rosemead,Rosemead,34.0689,-118.0823,United States,US,USA,california,,50340.0,1840020495
2195,rosemont,Rosemont,38.5478,-121.3553,United States,US,USA,california,,23448.0,1840018844
1907,rosemount,Rosemount,44.7466,-93.0661,United States,US,USA,minnesota,,26509.0,1840008951
1244,rosenberg,Rosenberg,29.5456,-95.8223,United States,US,USA,texas,,39467.0,1840020948
1047,roseville,Roseville,42.5074,-82.9369,United States,US,USA,michigan,,47240.0,1840003092
295,roseville,Roseville,38.7703,-121.3196,United States,US,USA,california,,152438.0,1840020233
1374,roseville,Roseville,45.0155,-93.1545,United States,US,USA,minnesota,,35905.0,1840008939
4676,roslyn,Roslyn,40.1311,-75.1374,United States,US,USA,pennsylvania,,10150.0,1840035292
1503,ross,Ross,40.5256,-80.0243,United States,US,USA,pennsylvania,,33090.0,1840149299
4080,rossmoor,Rossmoor,33.7887,-118.0803,United States,US,USA,california,,11895.0,1840019320
3335,rossville,Rossville,39.3572,-76.4767,United States,US,USA,maryland,,15088.0,1840031398
4226,rostraver,Rostraver,40.169,-79.8087,United States,US,USA,pennsylvania,,11405.0,1840144128
1037,roswell,Roswell,33.373,-104.5294,United States,US,USA,new mexico,,47823.0,1840020549
514,roswell,Roswell,34.0391,-84.3513,United States,US,USA,georgia,,92577.0,1840014741
4615,rotonda,Rotonda,26.8844,-82.2791,United States,US,USA,florida,,10312.0,1840014201
1647,rotterdam,Rotterdam,42.8133,-74.0129,United States,US,USA,new york,,30489.0,1840058454
2736,round lake,Round Lake,42.3435,-88.1059,United States,US,USA,illinois,,18588.0,1840011170
180,round lake beach,Round Lake Beach,42.3791,-88.0811,United States,US,USA,illinois,,252224.0,1840011171
365,round rock,Round Rock,30.527,-97.6642,United States,US,USA,texas,,124288.0,1840020879
1057,rowland heights,Rowland Heights,33.9716,-117.8912,United States,US,USA,california,,46787.0,1840019211
787,rowlett,Rowlett,32.9155,-96.5489,United States,US,USA,texas,,64139.0,1840020711
4938,roxborough park,Roxborough Park,39.4492,-105.0746,United States,US,USA,colorado,,9365.0,1840028568
2228,roxbury,Roxbury,40.8822,-74.6523,United States,US,USA,new jersey,,23111.0,1840081733
1260,roy,Roy,41.1714,-112.0485,United States,US,USA,utah,,39021.0,1840020132
3633,royal kunia,Royal Kunia,21.4053,-158.0318,United States,US,USA,hawaii,,13687.0,1840137108
874,royal oak,Royal Oak,42.5084,-83.1539,United States,US,USA,michigan,,57880.0,1840002430
1257,royal palm beach,Royal Palm Beach,26.7038,-80.2241,United States,US,USA,florida,,39089.0,1840018309
2936,royse city,Royse City,32.9762,-96.3175,United States,US,USA,texas,,17357.0,1840020718
1669,ruskin,Ruskin,27.7065,-82.4209,United States,US,USA,florida,,30074.0,1840014159
4426,russellville,Russellville,34.5055,-87.7283,United States,US,USA,alabama,,10783.0,1840004247
1736,russellville,Russellville,35.2762,-93.1383,United States,US,USA,arkansas,,29057.0,1840014541
2312,ruston,Ruston,32.5328,-92.6363,United States,US,USA,louisiana,,22224.0,1840014878
2718,rutherford,Rutherford,40.8203,-74.1057,United States,US,USA,new jersey,,18748.0,1840000902
5003,rutland,Rutland,42.3848,-71.9673,United States,US,USA,massachusetts,,9202.0,1840053603
3230,rutland,Rutland,43.6092,-72.9783,United States,US,USA,vermont,,15747.0,1840002632
1021,rye,Rye,41.0075,-73.6872,United States,US,USA,new york,,48783.0,1840000784
4777,rye brook,Rye Brook,41.0302,-73.6864,United States,US,USA,new york,,9884.0,1840004942
1732,sachse,Sachse,32.9726,-96.5793,United States,US,USA,texas,,29075.0,1840020712
2485,saco,Saco,43.539,-70.4624,United States,US,USA,maine,,20636.0,1840000343
26,sacramento,Sacramento,38.5677,-121.4685,United States,US,USA,california,admin,1962998.0,1840021491
3488,saddle brook,Saddle Brook,40.9033,-74.0955,United States,US,USA,new jersey,,14349.0,1840081802
3893,saddlebrooke,Saddlebrooke,32.5576,-110.874,United States,US,USA,arizona,,12616.0,1840075484
2992,safety harbor,Safety Harbor,28.008,-82.6964,United States,US,USA,florida,,17040.0,1840015975
4650,safford,Safford,32.8335,-109.6964,United States,US,USA,arizona,,10217.0,1840021989
2098,saginaw,Saginaw,32.8657,-97.3654,United States,US,USA,texas,,24467.0,1840022046
387,saginaw,Saginaw,43.4199,-83.9501,United States,US,USA,michigan,,117412.0,1840002813
1422,sahuarita,Sahuarita,31.9323,-110.9654,United States,US,USA,arizona,,35012.0,1840022102
4445,saks,Saks,33.7118,-85.8536,United States,US,USA,alabama,,10727.0,1840013708
4100,salem,Salem,40.9049,-80.8492,United States,US,USA,ohio,,11805.0,1840009374
1999,salem,Salem,37.2864,-80.0555,United States,US,USA,virginia,,25477.0,1840001719
168,salem,Salem,44.9233,-123.0244,United States,US,USA,oregon,admin,272331.0,1840021224
1115,salem,Salem,42.5129,-70.9021,United States,US,USA,massachusetts,,44241.0,1840000410
4774,salem,Salem,40.0539,-111.6718,United States,US,USA,utah,,9893.0,1840021395
1642,salem,Salem,42.7902,-71.2202,United States,US,USA,new hampshire,,30646.0,1840055510
3449,salem lakes,Salem Lakes,42.5366,-88.1306,United States,US,USA,wisconsin,,14521.0,1840038106
3462,salida,Salida,37.7083,-121.0842,United States,US,USA,california,,14457.0,1840018908
1065,salina,Salina,38.8136,-97.6143,United States,US,USA,kansas,,46432.0,1840001647
1513,salina,Salina,43.1023,-76.1768,United States,US,USA,new york,,32945.0,1840087878
262,salinas,Salinas,36.6883,-121.6317,United States,US,USA,california,,172995.0,1840021632
5103,saline,Saline,42.174,-83.778,United States,US,USA,michigan,,8976.0,1840003171
603,salisbury,Salisbury,38.3756,-75.5865,United States,US,USA,maryland,,80352.0,1840006219
4193,salisbury,Salisbury,40.038,-75.9961,United States,US,USA,pennsylvania,,11487.0,1840142490
3657,salisbury,Salisbury,40.5768,-75.4535,United States,US,USA,pennsylvania,,13605.0,1840148585
1387,salisbury,Salisbury,35.6658,-80.4905,United States,US,USA,north carolina,,35730.0,1840015384
3703,salisbury,Salisbury,40.7454,-73.5604,United States,US,USA,new york,,13388.0,1840005255
4996,salisbury,Salisbury,42.8465,-70.8616,United States,US,USA,massachusetts,,9217.0,1840053539
5317,sallisaw,Sallisaw,35.4606,-94.8072,United States,US,USA,oklahoma,,8553.0,1840021749
2596,salmon creek,Salmon Creek,45.7099,-122.6632,United States,US,USA,washington,,19594.0,1840018520
44,salt lake city,Salt Lake City,40.7776,-111.9311,United States,US,USA,utah,admin,1169033.0,1840021383
760,sammamish,Sammamish,47.6017,-122.0416,United States,US,USA,washington,,66375.0,1840021115
475,san angelo,San Angelo,31.4424,-100.4504,United States,US,USA,texas,,99507.0,1840022146
3863,san anselmo,San Anselmo,37.9821,-122.5699,United States,US,USA,california,,12711.0,1840022520
25,san antonio,San Antonio,29.4632,-98.5238,United States,US,USA,texas,,2069843.0,1840022220
2070,san benito,San Benito,26.1298,-97.644,United States,US,USA,texas,,24677.0,1840022260
203,san bernardino,San Bernardino,34.1416,-117.2943,United States,US,USA,california,,221774.0,1840021728
1156,san bruno,San Bruno,37.6256,-122.4313,United States,US,USA,california,,42612.0,1840021549
424,san buenaventura,San Buenaventura,34.2741,-119.2314,United States,US,USA,california,,109900.0,1840037414
1684,san carlos,San Carlos,37.4982,-122.2677,United States,US,USA,california,,29797.0,1840021550
2791,san carlos park,San Carlos Park,26.4765,-81.8193,United States,US,USA,florida,,18252.0,1840014218
793,san clemente,San Clemente,33.4499,-117.6102,United States,US,USA,california,,63510.0,1840021962
14,san diego,San Diego,32.8313,-117.1222,United States,US,USA,california,,3057778.0,1840021990
4680,san diego country estates,San Diego Country Estates,33.0094,-116.7874,United States,US,USA,california,,10142.0,1840028398
1462,san dimas,San Dimas,34.1082,-117.809,United States,US,USA,california,,34099.0,1840021860
4684,san elizario,San Elizario,31.5793,-106.2632,United States,US,USA,texas,,10123.0,1840019523
2171,san fernando,San Fernando,34.2886,-118.4362,United States,US,USA,california,,23716.0,1840021861
13,san francisco,San Francisco,37.7558,-122.4449,United States,US,USA,california,,3364862.0,1840021543
1271,san gabriel,San Gabriel,34.0949,-118.099,United States,US,USA,california,,38764.0,1840021862
916,san jacinto,San Jacinto,33.797,-116.9916,United States,US,USA,california,,54756.0,1840021936
29,san jose,San Jose,37.3012,-121.848,United States,US,USA,california,,1771563.0,1840021570
1390,san juan,San Juan,26.1903,-98.152,United States,US,USA,texas,,35674.0,1840022256
1425,san juan capistrano,San Juan Capistrano,33.5008,-117.6544,United States,US,USA,california,,34998.0,1840021963
536,san leandro,San Leandro,37.7074,-122.1599,United States,US,USA,california,,88531.0,1840021538
1706,san lorenzo,San Lorenzo,37.6733,-122.1332,United States,US,USA,california,,29453.0,1840018912
1365,san luis,San Luis,32.4911,-114.7089,United States,US,USA,arizona,,35998.0,1840021996
1033,san luis obispo,San Luis Obispo,35.2669,-120.669,United States,US,USA,california,,48039.0,1840021734
501,san marcos,San Marcos,33.135,-117.1743,United States,US,USA,california,,94078.0,1840021991
662,san marcos,San Marcos,29.8734,-97.9356,United States,US,USA,texas,,74469.0,1840022188
3988,san marino,San Marino,34.1224,-118.1132,United States,US,USA,california,,12279.0,1840021863
454,san mateo,San Mateo,37.5522,-122.3121,United States,US,USA,california,,103555.0,1840021551
1583,san pablo,San Pablo,37.9629,-122.3426,United States,US,USA,california,,31771.0,1840021529
832,san rafael,San Rafael,37.9905,-122.5221,United States,US,USA,california,,60604.0,1840021513
553,san ramon,San Ramon,37.7624,-121.9365,United States,US,USA,california,,85734.0,1840021530
449,san tan valley,San Tan Valley,33.1786,-111.5629,United States,US,USA,arizona,,105231.0,1840027990
5075,sanatoga,Sanatoga,40.2497,-75.5887,United States,US,USA,pennsylvania,,9048.0,1840035186
2547,sand springs,Sand Springs,36.1353,-96.1283,United States,US,USA,oklahoma,,19973.0,1840021671
4978,sandpoint,Sandpoint,48.2822,-116.5614,United States,US,USA,idaho,,9244.0,1840021064
2065,sandusky,Sandusky,41.4468,-82.7024,United States,US,USA,ohio,,24748.0,1840003433
2511,sandwich,Sandwich,41.7137,-70.4851,United States,US,USA,massachusetts,,20422.0,1840053505
3857,sandy,Sandy,45.3988,-122.2697,United States,US,USA,oregon,,12738.0,1840021217
498,sandy,Sandy,40.5709,-111.8506,United States,US,USA,utah,,94723.0,1840037422
4114,sandy,Sandy,41.1447,-78.7295,United States,US,USA,pennsylvania,,11746.0,1840005149
4823,sandy hook,Sandy Hook,41.4128,-73.244,United States,US,USA,connecticut,,9718.0,1840044711
437,sandy springs,Sandy Springs,33.9366,-84.3703,United States,US,USA,georgia,,107198.0,1840015609
1630,sanford,Sanford,35.4875,-79.177,United States,US,USA,north carolina,,30833.0,1840015421
811,sanford,Sanford,28.7891,-81.2757,United States,US,USA,florida,,62292.0,1840015958
2323,sanford,Sanford,43.4244,-70.7573,United States,US,USA,maine,,22095.0,1840002672
5331,sangaree,Sangaree,33.0327,-80.1253,United States,US,USA,south carolina,,8517.0,1840035792
4953,sanger,Sanger,33.3715,-97.1678,United States,US,USA,texas,,9302.0,1840022004
1906,sanger,Sanger,36.699,-119.5575,United States,US,USA,california,,26515.0,1840021566
140,santa ana,Santa Ana,33.7367,-117.8819,United States,US,USA,california,,311639.0,1840021964
239,santa barbara,Santa Barbara,34.4285,-119.7202,United States,US,USA,california,,194950.0,1840021829
351,santa clara,Santa Clara,37.3646,-121.968,United States,US,USA,california,,129239.0,1840021571
4490,santa clara,Santa Clara,44.1154,-123.1344,United States,US,USA,oregon,,10623.0,1840145606
171,santa clarita,Santa Clarita,34.4175,-118.4964,United States,US,USA,california,,265529.0,1840021864
274,santa cruz,Santa Cruz,36.9789,-122.0346,United States,US,USA,california,,165263.0,1840021579
3842,santa fe,Santa Fe,29.3889,-95.1003,United States,US,USA,texas,,12828.0,1840022233
503,santa fe,Santa Fe,35.6619,-105.9819,United States,US,USA,new mexico,admin,94032.0,1840021707
2628,santa fe springs,Santa Fe Springs,33.9329,-118.0625,United States,US,USA,california,,19310.0,1840021865
317,santa maria,Santa Maria,34.9333,-120.4431,United States,US,USA,california,,144857.0,1840021830
523,santa monica,Santa Monica,34.0235,-118.481,United States,US,USA,california,,91535.0,1840021866
1611,santa paula,Santa Paula,34.3545,-119.0656,United States,US,USA,california,,31202.0,1840021842
145,santa rosa,Santa Rosa,38.4458,-122.7067,United States,US,USA,california,,299986.0,1840021488
3288,santaquin,Santaquin,39.9708,-111.7941,United States,US,USA,utah,,15391.0,1840021396
849,santee,Santee,32.8554,-116.9851,United States,US,USA,california,,59485.0,1840021992
2307,sapulpa,Sapulpa,36.0091,-96.1003,United States,US,USA,oklahoma,,22268.0,1840021691
3122,saraland,Saraland,30.8479,-88.1004,United States,US,USA,alabama,,16304.0,1840015886
895,sarasota,Sarasota,27.3387,-82.5432,United States,US,USA,florida,,56218.0,1840015988
3874,sarasota springs,Sarasota Springs,27.3087,-82.4746,United States,US,USA,florida,,12669.0,1840029072
1659,saratoga,Saratoga,37.2684,-122.0263,United States,US,USA,california,,30335.0,1840021572
654,saratoga springs,Saratoga Springs,43.0674,-73.7775,United States,US,USA,new york,,75599.0,1840000369
1122,saratoga springs,Saratoga Springs,40.345,-111.9154,United States,US,USA,utah,,44070.0,1840021397
2592,sartell,Sartell,45.6188,-94.2206,United States,US,USA,minnesota,,19620.0,1840008886
4267,satellite beach,Satellite Beach,28.1782,-80.6019,United States,US,USA,florida,,11250.0,1840015961
2662,saugerties,Saugerties,42.0891,-73.9969,United States,US,USA,new york,,19133.0,1840004732
1755,saugus,Saugus,42.4681,-71.0145,United States,US,USA,massachusetts,,28599.0,1840053670
3597,sauk rapids,Sauk Rapids,45.5981,-94.1538,United States,US,USA,minnesota,,13851.0,1840008873
4822,sauk village,Sauk Village,41.4906,-87.5706,United States,US,USA,illinois,,9724.0,1840011290
3708,sault ste. marie,Sault Ste. Marie,46.4817,-84.3723,United States,US,USA,michigan,,13373.0,1840003938
1530,savage,Savage,44.7545,-93.3632,United States,US,USA,minnesota,,32706.0,1840008957
137,savannah,Savannah,32.0286,-81.1821,United States,US,USA,georgia,,316446.0,1840015830
5183,savoy,Savoy,40.06,-88.2552,United States,US,USA,illinois,,8807.0,1840012236
1090,sayreville,Sayreville,40.4656,-74.3237,United States,US,USA,new jersey,,45237.0,1840001332
3252,sayville,Sayville,40.7478,-73.084,United States,US,USA,new york,,15593.0,1840005092
4558,scaggsville,Scaggsville,39.1416,-76.8843,United States,US,USA,maryland,,10441.0,1840024483
2260,scarborough,Scarborough,43.5911,-70.3682,United States,US,USA,maine,,22747.0,1840052990
2838,scarsdale,Scarsdale,40.9902,-73.7773,United States,US,USA,new york,,18005.0,1840004943
4444,scenic oaks,Scenic Oaks,29.7038,-98.6712,United States,US,USA,texas,,10727.0,1840019650
636,schaumburg,Schaumburg,42.0308,-88.0838,United States,US,USA,illinois,,76780.0,1840011319
731,schenectady,Schenectady,42.8025,-73.9275,United States,US,USA,new york,,68521.0,1840000395
1695,schererville,Schererville,41.4861,-87.4442,United States,US,USA,indiana,,29627.0,1840010222
1145,schertz,Schertz,29.565,-98.2535,United States,US,USA,texas,,43128.0,1840022213
4206,schiller park,Schiller Park,41.9586,-87.8693,United States,US,USA,illinois,,11454.0,1840011320
3820,schodack,Schodack,42.5297,-73.6858,United States,US,USA,new york,,12916.0,1840087891
3037,schofield barracks,Schofield Barracks,21.4936,-158.0617,United States,US,USA,hawaii,,16755.0,1840075052
5180,schuylkill,Schuylkill,40.1086,-75.4982,United States,US,USA,pennsylvania,,8811.0,1840141676
4572,scituate,Scituate,41.7926,-71.6203,United States,US,USA,rhode island,,10417.0,1840106234
2659,scituate,Scituate,42.1992,-70.759,United States,US,USA,massachusetts,,19145.0,1840053577
2072,scotch plains,Scotch Plains,40.6332,-74.3739,United States,US,USA,new jersey,,24667.0,1840081747
4519,scotchtown,Scotchtown,41.4765,-74.3668,United States,US,USA,new york,,10544.0,1840004862
2935,scott,Scott,40.3875,-80.0791,United States,US,USA,pennsylvania,,17370.0,1840141807
4582,scottdale,Scottdale,33.795,-84.2634,United States,US,USA,georgia,,10398.0,1840013700
4018,scotts valley,Scotts Valley,37.0555,-122.0118,United States,US,USA,california,,12138.0,1840021580
3477,scottsbluff,Scottsbluff,41.8684,-103.6616,United States,US,USA,nebraska,,14406.0,1840009197
3246,scottsboro,Scottsboro,34.6438,-86.0491,United States,US,USA,alabama,,15641.0,1840005605
188,scottsdale,Scottsdale,33.6872,-111.8651,United States,US,USA,arizona,,242169.0,1840021940
115,scranton,Scranton,41.4044,-75.6649,United States,US,USA,pennsylvania,,375462.0,1840003389
3653,seabrook,Seabrook,29.5751,-95.0235,United States,US,USA,texas,,13617.0,1840022197
2747,seabrook,Seabrook,38.9802,-76.8502,United States,US,USA,maryland,,18495.0,1840024547
3205,seaford,Seaford,40.6678,-73.4922,United States,US,USA,new york,,15884.0,1840005275
2690,seagoville,Seagoville,32.653,-96.5456,United States,US,USA,texas,,18968.0,1840022054
2056,seal beach,Seal Beach,33.7542,-118.0714,United States,US,USA,california,,24868.0,1840021965
2227,searcy,Searcy,35.2418,-91.7351,United States,US,USA,arkansas,,23115.0,1840015429
382,seaside,Seaside,36.6224,-121.8199,United States,US,USA,california,,118398.0,1840021634
1615,seatac,SeaTac,47.4444,-122.2986,United States,US,USA,washington,,31143.0,1840021116
12,seattle,Seattle,47.6211,-122.3244,United States,US,USA,washington,,3555253.0,1840021117
1975,sebastian,Sebastian,27.7822,-80.4819,United States,US,USA,florida,,25759.0,1840015984
776,sebring,Sebring,27.477,-81.453,United States,US,USA,florida,,65138.0,1840015986
2395,secaucus,Secaucus,40.781,-74.0659,United States,US,USA,new jersey,,21437.0,1840001033
1276,security-widefield,Security-Widefield,38.7489,-104.7142,United States,US,USA,colorado,,38659.0,1840074635
2347,sedalia,Sedalia,38.7059,-93.234,United States,US,USA,missouri,,21869.0,1840009724
4806,sedona,Sedona,34.8581,-111.7941,United States,US,USA,arizona,,9770.0,1840021584
3886,sedro-woolley,Sedro-Woolley,48.5112,-122.2321,United States,US,USA,washington,,12633.0,1840021066
3255,seekonk,Seekonk,41.8379,-71.3174,United States,US,USA,massachusetts,,15573.0,1840053523
1582,seguin,Seguin,29.5891,-97.9676,United States,US,USA,texas,,31789.0,1840022214
2366,selden,Selden,40.8714,-73.0466,United States,US,USA,new york,,21707.0,1840005093
4652,sellersburg,Sellersburg,38.4028,-85.7706,United States,US,USA,indiana,,10215.0,1840010786
2918,selma,Selma,32.4166,-87.0336,United States,US,USA,alabama,,17442.0,1840008329
4255,selma,Selma,29.5866,-98.3132,United States,US,USA,texas,,11302.0,1840022221
2082,selma,Selma,36.5715,-119.6143,United States,US,USA,california,,24586.0,1840021567
2624,seminole,Seminole,27.8435,-82.784,United States,US,USA,florida,,19336.0,1840015978
5131,seneca,Seneca,34.6818,-82.96,United States,US,USA,south carolina,,8910.0,1840015506
5095,seneca falls,Seneca Falls,42.9136,-76.7904,United States,US,USA,new york,,8997.0,1840058484
5015,seven corners,Seven Corners,38.8658,-77.1445,United States,US,USA,virginia,,9171.0,1840006038
4157,seven hills,Seven Hills,41.3803,-81.6736,United States,US,USA,ohio,,11628.0,1840003411
3189,seven oaks,Seven Oaks,34.0475,-81.1435,United States,US,USA,south carolina,,15990.0,1840035850
4952,severance,Severance,40.5265,-104.865,United States,US,USA,colorado,,9302.0,1840022400
870,severn,Severn,39.1355,-76.6956,United States,US,USA,maryland,,58041.0,1840005925
1242,severna park,Severna Park,39.087,-76.5687,United States,US,USA,maryland,,39499.0,1840005926
2822,sevierville,Sevierville,35.8872,-83.5678,United States,US,USA,tennessee,,18105.0,1840015359
2383,seymour,Seymour,38.9476,-85.8911,United States,US,USA,indiana,,21536.0,1840009708
3198,seymour,Seymour,35.8783,-83.7669,United States,US,USA,tennessee,,15914.0,1840013386
4055,shady hills,Shady Hills,28.4042,-82.5468,United States,US,USA,florida,,12012.0,1840029004
2489,shafter,Shafter,35.4794,-119.2013,United States,US,USA,california,,20618.0,1840021735
1738,shaker heights,Shaker Heights,41.4744,-81.5496,United States,US,USA,ohio,,29004.0,1840003412
1098,shakopee,Shakopee,44.7745,-93.4772,United States,US,USA,minnesota,,45002.0,1840008955
1814,shaler,Shaler,40.5229,-79.9632,United States,US,USA,pennsylvania,,27734.0,1840150314
2752,sharon,Sharon,42.1085,-71.183,United States,US,USA,massachusetts,,18478.0,1840053557
3799,sharon,Sharon,41.234,-80.4998,United States,US,USA,pennsylvania,,13019.0,1840003441
3565,sharonville,Sharonville,39.2825,-84.4071,United States,US,USA,ohio,,13989.0,1840001613
4606,shasta lake,Shasta Lake,40.679,-122.3775,United States,US,USA,california,,10334.0,1840021349
3712,shawangunk,Shawangunk,41.6335,-74.2654,United States,US,USA,new york,,13361.0,1840087908
4980,shawano,Shawano,44.7748,-88.5843,United States,US,USA,wisconsin,,9236.0,1840002266
1597,shawnee,Shawnee,35.3531,-96.9647,United States,US,USA,oklahoma,,31511.0,1840021785
735,shawnee,Shawnee,39.0158,-94.8076,United States,US,USA,kansas,,68175.0,1840001641
674,sheboygan,Sheboygan,43.7403,-87.7316,United States,US,USA,wisconsin,,73268.0,1840002628
4944,sheffield,Sheffield,34.757,-87.6977,United States,US,USA,alabama,,9334.0,1840015537
5115,sheffield lake,Sheffield Lake,41.4883,-82.0979,United States,US,USA,ohio,,8946.0,1840000647
2348,shelby,Shelby,35.2904,-81.5451,United States,US,USA,north carolina,,21868.0,1840015426
5239,shelby,Shelby,40.8847,-82.6578,United States,US,USA,ohio,,8706.0,1840009369
2562,shelbyville,Shelbyville,39.5352,-85.7793,United States,US,USA,indiana,,19866.0,1840009561
2922,shelbyville,Shelbyville,38.2067,-85.2292,United States,US,USA,kentucky,,17436.0,1840015205
2130,shelbyville,Shelbyville,35.4987,-86.4517,United States,US,USA,tennessee,,24125.0,1840015412
1187,shelton,Shelton,41.306,-73.1383,United States,US,USA,connecticut,,41402.0,1840004840
4492,shelton,Shelton,47.2186,-123.1121,United States,US,USA,washington,,10619.0,1840021123
2790,shenandoah,Shenandoah,30.4019,-91.002,United States,US,USA,louisiana,,18259.0,1840031152
3487,shepherdsville,Shepherdsville,37.9813,-85.7007,United States,US,USA,kentucky,,14351.0,1840015214
2676,sheridan,Sheridan,44.7961,-106.9642,United States,US,USA,wyoming,,19035.0,1840021243
666,sherman,Sherman,33.6273,-96.6221,United States,US,USA,texas,,73984.0,1840021953
2619,sherrelwood,Sherrelwood,39.839,-105.0014,United States,US,USA,colorado,,19368.0,1840028581
1515,sherwood,Sherwood,34.8507,-92.2029,United States,US,USA,arkansas,,32915.0,1840015511
2531,sherwood,Sherwood,45.3594,-122.8427,United States,US,USA,oregon,,20227.0,1840021205
4340,shiloh,Shiloh,39.9732,-76.792,United States,US,USA,pennsylvania,,11022.0,1840035195
4425,shiloh,Shiloh,39.8159,-84.2317,United States,US,USA,ohio,,10785.0,1840153071
3543,shiloh,Shiloh,38.5534,-89.9161,United States,US,USA,illinois,,14109.0,1840012877
1803,shirley,Shirley,40.7936,-72.8748,United States,US,USA,new york,,27807.0,1840005097
3259,shively,Shively,38.197,-85.8136,United States,US,USA,kentucky,,15556.0,1840015196
856,shoreline,Shoreline,47.7564,-122.3426,United States,US,USA,washington,,59280.0,1840021118
1892,shoreview,Shoreview,45.0842,-93.1358,United States,US,USA,minnesota,,26724.0,1840008938
3636,shorewood,Shorewood,43.0913,-87.8864,United States,US,USA,wisconsin,,13682.0,1840003031
2799,shorewood,Shorewood,41.5169,-88.2146,United States,US,USA,illinois,,18218.0,1840011496
3479,short hills,Short Hills,40.7389,-74.3278,United States,US,USA,new jersey,,14398.0,1840033408
1779,short pump,Short Pump,37.6549,-77.6201,United States,US,USA,virginia,,28177.0,1840006394
4076,show low,Show Low,34.2671,-110.0384,United States,US,USA,arizona,,11913.0,1840021582
161,shreveport,Shreveport,32.4653,-93.7955,United States,US,USA,louisiana,,278269.0,1840015768
1285,shrewsbury,Shrewsbury,42.2842,-71.7154,United States,US,USA,massachusetts,,38440.0,1840053699
1110,sicklerville,Sicklerville,39.7452,-74.9934,United States,US,USA,new jersey,,44500.0,1840033409
2507,sidney,Sidney,40.2891,-84.1667,United States,US,USA,ohio,,20457.0,1840009429
4343,sierra madre,Sierra Madre,34.1687,-118.0504,United States,US,USA,california,,11020.0,1840021867
1091,sierra vista,Sierra Vista,31.563,-110.3153,United States,US,USA,arizona,,45203.0,1840022103
3517,sierra vista southeast,Sierra Vista Southeast,31.4525,-110.216,United States,US,USA,arizona,,14213.0,1840074401
4177,signal hill,Signal Hill,33.803,-118.1681,United States,US,USA,california,,11563.0,1840021868
5158,signal mountain,Signal Mountain,35.1448,-85.3457,United States,US,USA,tennessee,,8861.0,1840017859
3138,sikeston,Sikeston,36.8854,-89.5877,United States,US,USA,missouri,,16231.0,1840009921
2825,siloam springs,Siloam Springs,36.1844,-94.5315,United States,US,USA,arkansas,,18096.0,1840015288
4863,silver city,Silver City,32.7783,-108.2699,United States,US,USA,new mexico,,9574.0,1840023009
2358,silver firs,Silver Firs,47.8635,-122.1497,United States,US,USA,washington,,21796.0,1840037898
2534,silver spring,Silver Spring,40.2503,-77.0567,United States,US,USA,pennsylvania,,20165.0,1840151631
582,silver spring,Silver Spring,39.0028,-77.0207,United States,US,USA,maryland,,82129.0,1840005845
1825,silver springs shores,Silver Springs Shores,29.1126,-82.0149,United States,US,USA,florida,,27556.0,1840028949
2437,silverdale,Silverdale,47.6663,-122.6828,United States,US,USA,washington,,21046.0,1840018406
4556,silverton,Silverton,45.003,-122.7808,United States,US,USA,oregon,,10445.0,1840021226
361,simi valley,Simi Valley,34.2663,-118.749,United States,US,USA,california,,126503.0,1840021843
2034,simpsonville,Simpsonville,34.7287,-82.2569,United States,US,USA,south carolina,,25125.0,1840015477
411,sioux city,Sioux City,42.4959,-96.3901,United States,US,USA,iowa,,112823.0,1840000447
219,sioux falls,Sioux Falls,43.5396,-96.7311,United States,US,USA,south dakota,,207795.0,1840002648
5316,skiatook,Skiatook,36.3699,-95.9856,United States,US,USA,oklahoma,,8553.0,1840022597
5135,skidaway island,Skidaway Island,31.9372,-81.0449,United States,US,USA,georgia,,8907.0,1840029458
3465,skippack,Skippack,40.2165,-75.419,United States,US,USA,pennsylvania,,14443.0,1840005466
758,skokie,Skokie,42.036,-87.74,United States,US,USA,illinois,,66427.0,1840011321
5274,skowhegan,Skowhegan,44.7554,-69.6657,United States,US,USA,maine,,8639.0,1840051814
4501,sleepy hollow,Sleepy Hollow,41.0936,-73.8722,United States,US,USA,new york,,10592.0,1840004944
500,slidell,Slidell,30.2887,-89.7828,United States,US,USA,louisiana,,94220.0,1840015911
4106,smithfield,Smithfield,35.5133,-78.3495,United States,US,USA,north carolina,,11798.0,1840017795
5227,smithfield,Smithfield,36.9755,-76.6152,United States,US,USA,virginia,,8729.0,1840006487
3555,smithfield,Smithfield,41.8349,-111.8265,United States,US,USA,utah,,14033.0,1840021321
2325,smithfield,Smithfield,41.9014,-71.5308,United States,US,USA,rhode island,,22075.0,1840106200
393,smithtown,Smithtown,40.8663,-73.2164,United States,US,USA,new york,,115988.0,1840058498
4514,smithville,Smithville,39.3919,-94.5747,United States,US,USA,missouri,,10552.0,1840009605
4972,smithville,Smithville,39.4929,-74.4801,United States,US,USA,new jersey,,9260.0,1840024384
894,smyrna,Smyrna,33.8633,-84.5168,United States,US,USA,georgia,,56285.0,1840015634
3796,smyrna,Smyrna,39.2935,-75.6083,United States,US,USA,delaware,,13031.0,1840005820
912,smyrna,Smyrna,35.9687,-86.5264,United States,US,USA,tennessee,,55066.0,1840017758
2423,snellville,Snellville,33.8562,-84.0038,United States,US,USA,georgia,,21203.0,1840015614
4666,snohomish,Snohomish,47.9276,-122.0969,United States,US,USA,washington,,10177.0,1840021078
3621,snoqualmie,Snoqualmie,47.5293,-121.8412,United States,US,USA,washington,,13750.0,1840021119
4252,snyder,Snyder,32.7133,-100.9116,United States,US,USA,texas,,11310.0,1840022059
2075,socastee,Socastee,33.6871,-79.0086,United States,US,USA,south carolina,,24629.0,1840013647
1359,socorro,Socorro,31.6383,-106.2601,United States,US,USA,texas,,36237.0,1840022136
5322,socorro,Socorro,34.0543,-106.9065,United States,US,USA,new mexico,,8540.0,1840021898
3777,soddy-daisy,Soddy-Daisy,35.2571,-85.1739,United States,US,USA,tennessee,,13117.0,1840035990
3838,solana beach,Solana Beach,32.9943,-117.2574,United States,US,USA,california,,12841.0,1840021993
5260,solebury,Solebury,40.3676,-75.0032,United States,US,USA,pennsylvania,,8675.0,1840101286
2096,soledad,Soledad,36.4432,-121.3426,United States,US,USA,california,,24476.0,1840021635
2147,solon,Solon,41.3865,-81.44,United States,US,USA,ohio,,23970.0,1840003413
2418,somers,Somers,41.3056,-73.7252,United States,US,USA,new york,,21275.0,1840058503
4550,somers point,Somers Point,39.3167,-74.6066,United States,US,USA,new jersey,,10461.0,1840001537
2157,somerset,Somerset,40.5083,-74.501,United States,US,USA,new jersey,,23851.0,1840005375
4025,somerset,Somerset,37.0834,-84.6109,United States,US,USA,kentucky,,12108.0,1840015257
2792,somerset,Somerset,41.7404,-71.1612,United States,US,USA,massachusetts,,18246.0,1840053662
4039,somersworth,Somersworth,43.2534,-70.8856,United States,US,USA,new hampshire,,12060.0,1840002810
3480,somerton,Somerton,32.6007,-114.6994,United States,US,USA,arizona,,14383.0,1840021997
600,somerville,Somerville,42.3908,-71.1014,United States,US,USA,massachusetts,,80549.0,1840003123
3810,somerville,Somerville,40.5696,-74.6092,United States,US,USA,new jersey,,12958.0,1840001056
4446,sonoma,Sonoma,38.2902,-122.4598,United States,US,USA,california,,10726.0,1840021490
5301,sonterra,Sonterra,30.8079,-97.5952,United States,US,USA,texas,,8576.0,1840033584
4461,soquel,Soquel,36.9978,-121.9483,United States,US,USA,california,,10691.0,1840018957
4880,south abington,South Abington,41.49,-75.6891,United States,US,USA,pennsylvania,,9533.0,1840146632
4827,south amboy,South Amboy,40.4852,-74.2831,United States,US,USA,new jersey,,9714.0,1840001333
163,south bend,South Bend,41.6767,-86.2696,United States,US,USA,indiana,,275725.0,1840009241
1989,south bradenton,South Bradenton,27.4612,-82.5822,United States,US,USA,florida,,25585.0,1840029076
1061,south brunswick,South Brunswick,40.384,-74.5256,United States,US,USA,new jersey,,46686.0,1840081692
2504,south burlington,South Burlington,44.4622,-73.2202,United States,US,USA,vermont,,20488.0,1840002311
3658,south charleston,South Charleston,38.3426,-81.7155,United States,US,USA,west virginia,,13594.0,1840006200
3733,south daytona,South Daytona,29.1657,-81.0055,United States,US,USA,florida,,13322.0,1840015950
2616,south el monte,South El Monte,34.0493,-118.0484,United States,US,USA,california,,19413.0,1840021869
2142,south elgin,South Elgin,41.9906,-88.3135,United States,US,USA,illinois,,23984.0,1840013564
2375,south euclid,South Euclid,41.524,-81.5245,United States,US,USA,ohio,,21606.0,1840003414
3367,south farmingdale,South Farmingdale,40.7175,-73.4473,United States,US,USA,new york,,14953.0,1840005276
2777,south fayette,South Fayette,40.3556,-80.1617,United States,US,USA,pennsylvania,,18328.0,1840150313
427,south fulton,South Fulton,33.6273,-84.58,United States,US,USA,georgia,,109157.0,1840029465
518,south gate,South Gate,33.9447,-118.1926,United States,US,USA,california,,91836.0,1840021870
2927,south hadley,South Hadley,42.2567,-72.5793,United States,US,USA,massachusetts,,17410.0,1840053467
736,south hill,South Hill,47.1198,-122.2853,United States,US,USA,washington,,68161.0,1840037886
2440,south holland,South Holland,41.5977,-87.6022,United States,US,USA,illinois,,21016.0,1840011324
3180,south houston,South Houston,29.6611,-95.2285,United States,US,USA,texas,,16017.0,1840022199
4677,south huntington,South Huntington,40.8225,-73.3921,United States,US,USA,new york,,10150.0,1840005100
604,south jordan,South Jordan,40.557,-111.9784,United States,US,USA,utah,,80331.0,1840021385
1560,south kingstown,South Kingstown,41.4458,-71.544,United States,US,USA,rhode island,,32005.0,1840106244
2408,south lake tahoe,South Lake Tahoe,38.9393,-119.9828,United States,US,USA,california,,21319.0,1840021471
1812,south laurel,South Laurel,39.0603,-76.8456,United States,US,USA,maryland,,27736.0,1840031498
4548,south lebanon,South Lebanon,40.3058,-76.3708,United States,US,USA,pennsylvania,,10464.0,1840149649
5265,south lockport,South Lockport,43.1366,-78.6855,United States,US,USA,new york,,8660.0,1840004271
5208,south londonderry,South Londonderry,40.2424,-76.5432,United States,US,USA,pennsylvania,,8771.0,1840149648
297,south lyon,South Lyon,42.4614,-83.6526,United States,US,USA,michigan,,151231.0,1840002432
4073,south miami,South Miami,25.7079,-80.2952,United States,US,USA,florida,,11926.0,1840016006
1317,south miami heights,South Miami Heights,25.5886,-80.3862,United States,US,USA,florida,,37525.0,1840014240
3103,south middleton,South Middleton,40.1324,-77.1642,United States,US,USA,pennsylvania,,16406.0,1840152898
2497,south milwaukee,South Milwaukee,42.912,-87.8627,United States,US,USA,wisconsin,,20547.0,1840003032
2897,south ogden,South Ogden,41.1722,-111.9576,United States,US,USA,utah,,17563.0,1840021342
2782,south orange village,South Orange Village,40.7491,-74.2602,United States,US,USA,new jersey,,18299.0,1840081372
3635,south park,South Park,40.2988,-79.9944,United States,US,USA,pennsylvania,,13686.0,1840150312
1922,south pasadena,South Pasadena,34.1103,-118.1573,United States,US,USA,california,,26297.0,1840021871
2118,south plainfield,South Plainfield,40.5748,-74.4152,United States,US,USA,new jersey,,24231.0,1840001334
1885,south portland,South Portland,43.631,-70.2895,United States,US,USA,maine,,26780.0,1840000328
1456,south riding,South Riding,38.912,-77.5132,United States,US,USA,virginia,,34200.0,1840024507
3181,south river,South River,40.4455,-74.3783,United States,US,USA,new jersey,,16007.0,1840001335
1924,south salt lake,South Salt Lake,40.7057,-111.8986,United States,US,USA,utah,,26277.0,1840021386
783,south san francisco,South San Francisco,37.6538,-122.4196,United States,US,USA,california,,64487.0,1840021552
2916,south san jose hills,South San Jose Hills,34.0123,-117.9043,United States,US,USA,california,,17451.0,1840019208
3589,south sioux city,South Sioux City,42.4627,-96.4125,United States,US,USA,nebraska,,13871.0,1840009129
2486,south st. paul,South St. Paul,44.8877,-93.0411,United States,US,USA,minnesota,,20633.0,1840008948
4848,south strabane,South Strabane,40.1756,-80.191,United States,US,USA,pennsylvania,,9631.0,1840101300
4459,south union,South Union,39.8705,-79.7222,United States,US,USA,pennsylvania,,10693.0,1840143167
1343,south valley,South Valley,35.0093,-106.6819,United States,US,USA,new mexico,,36605.0,1840033724
2931,south venice,South Venice,27.0444,-82.4155,United States,US,USA,florida,,17399.0,1840014180
2424,south whitehall,South Whitehall,40.6154,-75.5503,United States,US,USA,pennsylvania,,21173.0,1840148586
910,south whittier,South Whittier,33.9336,-118.0312,United States,US,USA,california,,55201.0,1840019209
4153,south yarmouth,South Yarmouth,41.6692,-70.2005,United States,US,USA,massachusetts,,11642.0,1840004766
724,southampton,Southampton,40.8997,-72.4931,United States,US,USA,new york,,69002.0,1840005137
4609,southampton,Southampton,39.9137,-74.7171,United States,US,USA,new jersey,,10320.0,1840081621
5315,southampton,Southampton,40.0249,-77.5459,United States,US,USA,pennsylvania,,8555.0,1840146372
905,southaven,Southaven,34.9514,-89.9786,United States,US,USA,mississippi,,55531.0,1840015519
4559,southborough,Southborough,42.3012,-71.5297,United States,US,USA,massachusetts,,10441.0,1840053604
2864,southbridge,Southbridge,42.0604,-72.0338,United States,US,USA,massachusetts,,17806.0,1840132611
3532,southchase,Southchase,28.3793,-81.3903,United States,US,USA,florida,,14149.0,1840029005
2816,southeast,Southeast,41.4032,-73.5985,United States,US,USA,new york,,18131.0,1840087927
3169,southern pines,Southern Pines,35.1927,-79.4039,United States,US,USA,north carolina,,16052.0,1840017850
648,southfield,Southfield,42.4765,-83.2605,United States,US,USA,michigan,,76025.0,1840002431
1701,southgate,Southgate,42.2047,-83.2057,United States,US,USA,michigan,,29551.0,1840003964
1619,southlake,Southlake,32.9545,-97.1503,United States,US,USA,texas,,31044.0,1840022048
2161,southold,Southold,41.0432,-72.4185,United States,US,USA,new york,,23801.0,1840058507
4947,southport,Southport,42.04,-76.8775,United States,US,USA,new york,,9330.0,1840058508
4931,southside,Southside,33.9007,-86.0238,United States,US,USA,alabama,,9407.0,1840015604
4990,southwick,Southwick,42.0544,-72.7785,United States,US,USA,massachusetts,,9222.0,1840053452
1451,spanaway,Spanaway,47.0979,-122.4233,United States,US,USA,washington,,34322.0,1840018451
1130,spanish fork,Spanish Fork,40.1101,-111.6405,United States,US,USA,utah,,43632.0,1840021398
4593,spanish fort,Spanish Fort,30.7254,-87.8597,United States,US,USA,alabama,,10377.0,1840015879
2806,spanish lake,Spanish Lake,38.7884,-90.2077,United States,US,USA,missouri,,18183.0,1840006123
2908,spanish springs,Spanish Springs,39.6568,-119.6694,United States,US,USA,nevada,,17512.0,1840033826
428,sparks,Sparks,39.5736,-119.7161,United States,US,USA,nevada,,109106.0,1840021337
2556,sparta,Sparta,41.0486,-74.6264,United States,US,USA,new jersey,,19903.0,1840081784
4763,sparta,Sparta,43.9377,-90.8131,United States,US,USA,wisconsin,,9921.0,1840002565
214,spartanburg,Spartanburg,34.9442,-81.9251,United States,US,USA,south carolina,,210388.0,1840015482
3923,spearfish,Spearfish,44.4909,-103.8155,United States,US,USA,south dakota,,12551.0,1840002374
3652,speedway,Speedway,39.7937,-86.2481,United States,US,USA,indiana,,13622.0,1840010574
4067,spencer,Spencer,42.2471,-71.9919,United States,US,USA,massachusetts,,11961.0,1840053607
4235,spencer,Spencer,43.1468,-95.1534,United States,US,USA,iowa,,11393.0,1840000381
94,spokane,Spokane,47.6671,-117.433,United States,US,USA,washington,,458988.0,1840021093
447,spokane valley,Spokane Valley,47.6626,-117.2346,United States,US,USA,washington,,105460.0,1840021094
4317,spout springs,Spout Springs,35.2724,-79.0331,United States,US,USA,north carolina,,11073.0,1840090627
751,spring,Spring,30.0613,-95.383,United States,US,USA,texas,,67103.0,1840019615
1763,spring,Spring,40.3038,-76.0262,United States,US,USA,pennsylvania,,28449.0,1840142060
3365,spring creek,Spring Creek,40.745,-115.5983,United States,US,USA,nevada,,14967.0,1840018704
3639,spring garden,Spring Garden,39.9454,-76.7212,United States,US,USA,pennsylvania,,13668.0,1840147124
720,spring hill,Spring Hill,35.7437,-86.9116,United States,US,USA,tennessee,,69298.0,1840015386
245,spring hill,Spring Hill,28.4798,-82.53,United States,US,USA,florida,,188743.0,1840014105
5251,spring hill,Spring Hill,38.7565,-94.8201,United States,US,USA,kansas,,8691.0,1840001642
4164,spring lake,Spring Lake,35.1843,-78.9962,United States,US,USA,north carolina,,11613.0,1840017875
1508,spring valley,Spring Valley,41.1151,-74.0486,United States,US,USA,new york,,32995.0,1840004986
1544,spring valley,Spring Valley,32.7317,-116.9766,United States,US,USA,california,,32215.0,1840019343
206,spring valley,Spring Valley,36.0952,-115.2636,United States,US,USA,nevada,,219913.0,1840033832
4695,spring valley lake,Spring Valley Lake,34.4987,-117.2683,United States,US,USA,california,,10098.0,1840024936
2598,springboro,Springboro,39.5615,-84.2348,United States,US,USA,ohio,,19577.0,1840009573
4361,springdale,Springdale,39.2909,-84.476,United States,US,USA,ohio,,10983.0,1840001615
3241,springdale,Springdale,39.8769,-74.9724,United States,US,USA,new jersey,,15672.0,1840133731
540,springdale,Springdale,36.1901,-94.1574,United States,US,USA,arkansas,,87388.0,1840015336
1856,springettsbury,Springettsbury,39.9907,-76.6736,United States,US,USA,pennsylvania,,27088.0,1840147114
1628,springfield,Springfield,38.781,-77.1839,United States,US,USA,virginia,,30894.0,1840006039
5059,springfield,Springfield,43.2907,-72.4809,United States,US,USA,vermont,,9088.0,1840071330
2050,springfield,Springfield,39.9281,-75.3362,United States,US,USA,pennsylvania,,24952.0,1840147258
820,springfield,Springfield,44.0538,-122.9811,United States,US,USA,oregon,,61642.0,1840021263
3002,springfield,Springfield,40.6994,-74.3254,United States,US,USA,new jersey,,16984.0,1840056368
2458,springfield,Springfield,40.0986,-75.2016,United States,US,USA,pennsylvania,,20866.0,1840152388
289,springfield,Springfield,39.7709,-89.654,United States,US,USA,illinois,admin,156240.0,1840009517
102,springfield,Springfield,42.1155,-72.5395,United States,US,USA,massachusetts,,438889.0,1840000466
563,springfield,Springfield,39.93,-83.7959,United States,US,USA,ohio,,84309.0,1840003765
2686,springfield,Springfield,36.4949,-86.8711,United States,US,USA,tennessee,,18985.0,1840015273
156,springfield,Springfield,37.1943,-93.2916,United States,US,USA,missouri,,289041.0,1840009904
4896,springs,Springs,41.0212,-72.1584,United States,US,USA,new york,,9489.0,1840005102
1402,springville,Springville,40.1638,-111.6205,United States,US,USA,utah,,35474.0,1840021399
4478,st. albans,St. Albans,38.3769,-81.8198,United States,US,USA,west virginia,,10637.0,1840006201
2449,st. andrews,St. Andrews,34.051,-81.1057,United States,US,USA,south carolina,,20953.0,1840135211
3831,st. ann,St. Ann,38.7266,-90.3872,United States,US,USA,missouri,,12865.0,1840009771
4889,st. anthony,St. Anthony,45.0278,-93.2174,United States,US,USA,minnesota,,9516.0,1840008933
473,st. augustine,St. Augustine,29.8976,-81.31,United States,US,USA,florida,,99936.0,1840015935
4764,st. augustine shores,St. Augustine Shores,29.8039,-81.3086,United States,US,USA,florida,,9921.0,1840013972
698,st. charles,St. Charles,38.7954,-90.5157,United States,US,USA,missouri,,71048.0,1840009719
1528,st. charles,St. Charles,41.9193,-88.3109,United States,US,USA,illinois,,32733.0,1840009190
867,st. clair shores,St. Clair Shores,42.4925,-82.8961,United States,US,USA,michigan,,58287.0,1840003093
815,st. cloud,St. Cloud,28.2363,-81.2779,United States,US,USA,florida,,61963.0,1840015971
391,st. cloud,St. Cloud,45.534,-94.1718,United States,US,USA,minnesota,,116347.0,1840008881
4948,st. francis,St. Francis,42.9716,-87.873,United States,US,USA,wisconsin,,9318.0,1840003049
313,st. george,St. George,37.0758,-113.5752,United States,US,USA,utah,,147347.0,1840021559
3531,st. helens,St. Helens,45.8572,-122.8164,United States,US,USA,oregon,,14152.0,1840021185
3637,st. james,St. James,40.8761,-73.1521,United States,US,USA,new york,,13680.0,1840005103
2371,st. john,St. John,41.4429,-87.4697,United States,US,USA,indiana,,21639.0,1840010221
640,st. joseph,St. Joseph,39.7598,-94.821,United States,US,USA,missouri,,76484.0,1840009549
23,st. louis,St. Louis,38.6359,-90.2451,United States,US,USA,missouri,,2127843.0,1840001651
998,st. louis park,St. Louis Park,44.9488,-93.3649,United States,US,USA,minnesota,,49541.0,1840008935
2712,st. marys,St. Marys,30.7567,-81.5722,United States,US,USA,georgia,,18805.0,1840015888
3895,st. marys,St. Marys,41.4574,-78.5342,United States,US,USA,pennsylvania,,12612.0,1840000618
2911,st. matthews,St. Matthews,38.2497,-85.6384,United States,US,USA,kentucky,,17491.0,1840015194
2634,st. michael,St. Michael,45.2014,-93.692,United States,US,USA,minnesota,,19267.0,1840008901
142,st. paul,St. Paul,44.9478,-93.1039,United States,US,USA,minnesota,admin,307762.0,1840008940
5172,st. pete beach,St. Pete Beach,27.7235,-82.7387,United States,US,USA,florida,,8832.0,1840015976
4028,st. peter,St. Peter,44.3295,-93.9658,United States,US,USA,minnesota,,12085.0,1840008972
868,st. peters,St. Peters,38.7825,-90.6061,United States,US,USA,missouri,,58200.0,1840009721
175,st. petersburg,St. Petersburg,27.7931,-82.6652,United States,US,USA,florida,,260646.0,1840015977
3174,st. simons,St. Simons,31.1775,-81.3857,United States,US,USA,georgia,,16026.0,1840013874
4929,st. stephens,St. Stephens,35.7642,-81.2746,United States,US,USA,north carolina,,9409.0,1840033023
1709,stafford,Stafford,39.7049,-74.2643,United States,US,USA,new jersey,,29375.0,1840081600
2948,stafford,Stafford,29.6271,-95.5654,United States,US,USA,texas,,17279.0,1840022216
3085,stallings,Stallings,35.1088,-80.6598,United States,US,USA,north carolina,,16495.0,1840017878
337,stamford,Stamford,41.1039,-73.5585,United States,US,USA,connecticut,,135806.0,1840004841
4526,standish,Standish,43.7811,-70.5684,United States,US,USA,maine,,10517.0,1840053009
2845,stanford,Stanford,37.4252,-122.1674,United States,US,USA,california,,17958.0,1840028400
4289,stansbury park,Stansbury Park,40.6356,-112.3054,United States,US,USA,utah,,11163.0,1840037176
1277,stanton,Stanton,33.8003,-117.9935,United States,US,USA,california,,38639.0,1840021966
3753,star,Star,43.7026,-116.4914,United States,US,USA,idaho,,13231.0,1840021279
1986,starkville,Starkville,33.4608,-88.8297,United States,US,USA,mississippi,,25611.0,1840015713
607,state college,State College,40.7909,-77.8567,United States,US,USA,pennsylvania,,79803.0,1840000830
87,staten island,Staten Island,40.5834,-74.1496,United States,US,USA,new york,,495747.0,1840034032
1481,statesboro,Statesboro,32.4375,-81.7751,United States,US,USA,georgia,,33705.0,1840015801
1725,statesville,Statesville,35.7842,-80.8713,United States,US,USA,north carolina,,29161.0,1840015358
1974,staunton,Staunton,38.1593,-79.0611,United States,US,USA,virginia,,25765.0,1840001670
3725,steamboat springs,Steamboat Springs,40.4777,-106.8243,United States,US,USA,colorado,,13341.0,1840021374
4920,steger,Steger,41.4723,-87.6176,United States,US,USA,illinois,,9449.0,1840011325
2729,steiner ranch,Steiner Ranch,30.3654,-97.896,United States,US,USA,texas,,18683.0,1840142451
2404,stephenville,Stephenville,32.2147,-98.2205,United States,US,USA,texas,,21345.0,1840022097
3418,sterling,Sterling,41.7996,-89.6956,United States,US,USA,illinois,,14670.0,1840009200
1606,sterling,Sterling,39.0052,-77.405,United States,US,USA,virginia,,31251.0,1840024508
3744,sterling,Sterling,40.6205,-103.1925,United States,US,USA,colorado,,13273.0,1840021377
342,sterling heights,Sterling Heights,42.5809,-83.0305,United States,US,USA,michigan,,133473.0,1840003094
2812,steubenville,Steubenville,40.3653,-80.6519,United States,US,USA,ohio,,18144.0,1840001341
1996,stevens point,Stevens Point,44.5241,-89.5507,United States,US,USA,wisconsin,,25497.0,1840002320
2409,stevenson ranch,Stevenson Ranch,34.3894,-118.5883,United States,US,USA,california,,21317.0,1840076281
5249,stevensville,Stevensville,38.9745,-76.3184,United States,US,USA,maryland,,8693.0,1840005897
2627,stillwater,Stillwater,45.0573,-92.8313,United States,US,USA,minnesota,,19323.0,1840008914
1019,stillwater,Stillwater,36.1317,-97.0742,United States,US,USA,oklahoma,,48818.0,1840021675
4988,stillwater,Stillwater,42.9701,-73.6885,United States,US,USA,new york,,9228.0,1840004252
1401,stockbridge,Stockbridge,33.5254,-84.2295,United States,US,USA,georgia,,35475.0,1840015707
105,stockton,Stockton,37.9765,-121.3109,United States,US,USA,california,,416005.0,1840021517
3118,stone ridge,Stone Ridge,38.9294,-77.5557,United States,US,USA,virginia,,16340.0,1840041868
841,stonecrest,Stonecrest,33.6842,-84.1372,United States,US,USA,georgia,,59917.0,1840029466
5019,stonegate,Stonegate,39.5357,-104.8032,United States,US,USA,colorado,,9164.0,1840028570
2238,stoneham,Stoneham,42.4741,-71.0972,United States,US,USA,massachusetts,,22986.0,1840053487
3843,stony brook,Stony Brook,40.9061,-73.1278,United States,US,USA,new york,,12827.0,1840005104
5038,stony brook university,Stony Brook University,40.9098,-73.1217,United States,US,USA,new york,,9138.0,1840042758
3397,stony point,Stony Point,41.2593,-74.0112,United States,US,USA,new york,,14793.0,1840058529
4260,storm lake,Storm Lake,42.6431,-95.196,United States,US,USA,iowa,,11275.0,1840000397
3677,storrs,Storrs,41.8083,-72.2514,United States,US,USA,connecticut,,13502.0,1840003276
3786,stoughton,Stoughton,42.9237,-89.2225,United States,US,USA,wisconsin,,13063.0,1840002901
1733,stoughton,Stoughton,42.1192,-71.1019,United States,US,USA,massachusetts,,29074.0,1840053558
1452,stow,Stow,41.1765,-81.4344,United States,US,USA,ohio,,34317.0,1840000803
1259,streamwood,Streamwood,42.0209,-88.1779,United States,US,USA,illinois,,39055.0,1840011328
3990,streator,Streator,41.1245,-88.8297,United States,US,USA,illinois,,12274.0,1840009271
2907,streetsboro,Streetsboro,41.2396,-81.3456,United States,US,USA,ohio,,17514.0,1840000808
1070,strongsville,Strongsville,41.3128,-81.8313,United States,US,USA,ohio,,46022.0,1840003415
2571,stroud,Stroud,41.0001,-75.2173,United States,US,USA,pennsylvania,,19797.0,1840144158
4731,struthers,Struthers,41.051,-80.592,United States,US,USA,ohio,,9995.0,1840003562
2831,stuart,Stuart,27.1959,-80.2444,United States,US,USA,florida,,18058.0,1840015990
4074,stuarts draft,Stuarts Draft,38.0188,-79.0354,United States,US,USA,virginia,,11920.0,1840006247
4776,sturbridge,Sturbridge,42.1076,-72.0904,United States,US,USA,massachusetts,,9889.0,1840053606
4831,sturgeon bay,Sturgeon Bay,44.8228,-87.366,United States,US,USA,wisconsin,,9702.0,1840003935
4315,sturgis,Sturgis,41.7991,-85.4184,United States,US,USA,michigan,,11077.0,1840003254
3802,suamico,Suamico,44.6354,-88.0683,United States,US,USA,wisconsin,,13003.0,1840000309
4783,succasunna,Succasunna,40.853,-74.6568,United States,US,USA,new jersey,,9866.0,1840024235
2671,sudbury,Sudbury,42.3847,-71.4234,United States,US,USA,massachusetts,,19067.0,1840053489
2763,sudley,Sudley,38.7878,-77.4961,United States,US,USA,virginia,,18420.0,1840006104
4232,suffern,Suffern,41.1138,-74.1422,United States,US,USA,new york,,11395.0,1840004987
486,suffolk,Suffolk,36.6953,-76.6398,United States,US,USA,virginia,,96638.0,1840003873
4985,sugar grove,Sugar Grove,41.7759,-88.4481,United States,US,USA,illinois,,9233.0,1840011355
2017,sugar hill,Sugar Hill,34.108,-84.0558,United States,US,USA,georgia,,25285.0,1840015615
425,sugar land,Sugar Land,29.5935,-95.6358,United States,US,USA,texas,,109735.0,1840022217
3818,sugarland run,Sugarland Run,39.0309,-77.3762,United States,US,USA,virginia,,12920.0,1840024510
4395,sugarmill woods,Sugarmill Woods,28.7299,-82.501,United States,US,USA,florida,,10871.0,1840014063
1723,suisun city,Suisun City,38.2473,-122.0091,United States,US,USA,california,,29205.0,1840028115
2071,suitland,Suitland,38.8492,-76.9225,United States,US,USA,maryland,,24667.0,1840031466
3411,sullivan,Sullivan,43.0923,-75.8794,United States,US,USA,new york,,14732.0,1840058535
2442,sulphur,Sulphur,30.2286,-93.3566,United States,US,USA,louisiana,,21004.0,1840015927
3144,sulphur springs,Sulphur Springs,33.1421,-95.6122,United States,US,USA,texas,,16185.0,1840022031
3248,summerfield,Summerfield,38.9042,-76.8678,United States,US,USA,maryland,,15635.0,1840039531
4336,summerfield,Summerfield,36.1973,-79.8997,United States,US,USA,north carolina,,11031.0,1840016139
1668,summerlin south,Summerlin South,36.1242,-115.3324,United States,US,USA,nevada,,30075.0,1840074790
967,summerville,Summerville,33.0016,-80.1799,United States,US,USA,south carolina,,51262.0,1840016886
2282,summit,Summit,40.7154,-74.3647,United States,US,USA,new jersey,,22512.0,1840000999
4383,summit,Summit,41.7877,-87.8146,United States,US,USA,illinois,,10896.0,1840011329
5144,summit,Summit,47.1694,-122.3628,United States,US,USA,washington,,8885.0,1840018456
5320,summit park,Summit Park,40.7423,-111.5872,United States,US,USA,utah,,8545.0,1840018725
5090,summit view,Summit View,47.1343,-122.3467,United States,US,USA,washington,,9014.0,1840042106
4469,sumner,Sumner,47.2189,-122.2338,United States,US,USA,washington,,10674.0,1840021128
725,sumter,Sumter,33.9392,-80.393,United States,US,USA,south carolina,,68914.0,1840015612
1294,sun city,Sun City,33.6165,-112.2819,United States,US,USA,arizona,,38018.0,1840019311
1579,sun city center,Sun City Center,27.715,-82.3569,United States,US,USA,florida,,31801.0,1840001841
1864,sun city west,Sun City West,33.6695,-112.3573,United States,US,USA,arizona,,27003.0,1840019312
3544,sun lakes,Sun Lakes,33.2172,-111.8695,United States,US,USA,arizona,,14079.0,1840019313
1350,sun prairie,Sun Prairie,43.1825,-89.2362,United States,US,USA,wisconsin,,36455.0,1840002902
2264,sun valley,Sun Valley,39.6104,-119.777,United States,US,USA,nevada,,22697.0,1840018711
4352,sun village,Sun Village,34.5596,-117.9558,United States,US,USA,california,,11009.0,1840076298
4844,sunbury,Sunbury,40.8616,-76.7871,United States,US,USA,pennsylvania,,9643.0,1840000851
2986,sunland park,Sunland Park,31.8201,-106.5958,United States,US,USA,new mexico,,17085.0,1840033664
2320,sunny isles beach,Sunny Isles Beach,25.9385,-80.1246,United States,US,USA,florida,,22125.0,1840016007
3121,sunnyside,Sunnyside,46.3157,-120.0058,United States,US,USA,washington,,16329.0,1840021150
293,sunnyvale,Sunnyvale,37.3836,-122.0255,United States,US,USA,california,,153455.0,1840021573
487,sunrise,Sunrise,26.1547,-80.2997,United States,US,USA,florida,,96633.0,1840016000
232,sunrise manor,Sunrise Manor,36.1783,-115.0487,United States,US,USA,nevada,,199099.0,1840033833
3646,sunset,Sunset,25.706,-80.353,United States,US,USA,florida,,13652.0,1840029084
5049,sunset hills,Sunset Hills,38.531,-90.4087,United States,US,USA,missouri,,9113.0,1840009742
3771,superior,Superior,39.934,-105.1588,United States,US,USA,colorado,,13136.0,1840022425
1901,superior,Superior,46.6941,-92.0823,United States,US,USA,wisconsin,,26550.0,1840038034
305,surprise,Surprise,33.6815,-112.4515,United States,US,USA,arizona,,149519.0,1840021941
3359,susanville,Susanville,40.4206,-120.6132,United States,US,USA,california,,14992.0,1840021348
1880,susquehanna,Susquehanna,40.3111,-76.8699,United States,US,USA,pennsylvania,,26870.0,1840149537
4107,sussex,Sussex,43.1346,-88.2226,United States,US,USA,wisconsin,,11795.0,1840003006
5303,sutherlin,Sutherlin,43.3882,-123.3242,United States,US,USA,oregon,,8574.0,1840021274
4933,sutton,Sutton,42.1337,-71.7503,United States,US,USA,massachusetts,,9383.0,1840053701
2356,suwanee,Suwanee,34.0508,-84.0686,United States,US,USA,georgia,,21811.0,1840015616
3318,swampscott,Swampscott,42.4757,-70.9068,United States,US,USA,massachusetts,,15209.0,1840053540
2957,swansea,Swansea,41.7571,-71.212,United States,US,USA,massachusetts,,17231.0,1840053663
3432,swansea,Swansea,38.5507,-89.9858,United States,US,USA,illinois,,14603.0,1840012880
1810,swatara,Swatara,40.2463,-76.8031,United States,US,USA,pennsylvania,,27764.0,1840149538
3736,sweden,Sweden,43.1791,-77.9406,United States,US,USA,new york,,13302.0,1840087957
4737,sweet home,Sweet Home,44.4023,-122.7028,United States,US,USA,oregon,,9977.0,1840021253
2601,sweetwater,Sweetwater,25.7785,-80.376,United States,US,USA,florida,,19544.0,1840016008
4538,sweetwater,Sweetwater,32.4692,-100.4092,United States,US,USA,texas,,10484.0,1840022089
2794,sycamore,Sycamore,41.9957,-88.6821,United States,US,USA,illinois,,18243.0,1840009187
3959,sylacauga,Sylacauga,33.178,-86.2605,United States,US,USA,alabama,,12388.0,1840015700
2675,sylvania,Sylvania,41.71,-83.7092,United States,US,USA,ohio,,19038.0,1840009255
2787,syosset,Syosset,40.8157,-73.502,United States,US,USA,new york,,18274.0,1840005278
1468,syracuse,Syracuse,41.0859,-112.0698,United States,US,USA,utah,,34009.0,1840021352
110,syracuse,Syracuse,43.0407,-76.1437,United States,US,USA,new york,,407625.0,1840000378
204,tacoma,Tacoma,47.2431,-122.4531,United States,US,USA,washington,,220482.0,1840021129
3080,tahlequah,Tahlequah,35.9112,-94.977,United States,US,USA,oklahoma,,16513.0,1840021700
2904,takoma park,Takoma Park,38.981,-77.0028,United States,US,USA,maryland,,17522.0,1840005850
3349,talladega,Talladega,33.4333,-86.0986,United States,US,USA,alabama,,15041.0,1840008244
173,tallahassee,Tallahassee,30.4551,-84.2527,United States,US,USA,florida,admin,261271.0,1840015913
2765,tallmadge,Tallmadge,41.1023,-81.4216,United States,US,USA,ohio,,18394.0,1840000804
4015,tamalpais-homestead valley,Tamalpais-Homestead Valley,37.8793,-122.5382,United States,US,USA,california,,12153.0,1840074828
689,tamarac,Tamarac,26.2056,-80.2539,United States,US,USA,florida,,71887.0,1840016001
969,tamiami,Tamiami,25.7556,-80.4016,United States,US,USA,florida,,51201.0,1840029085
16,tampa,Tampa,27.9945,-82.4447,United States,US,USA,florida,,2906035.0,1840015982
4817,tanaina,Tanaina,61.6576,-149.4263,United States,US,USA,alaska,,9738.0,1840023662
3262,tanque verde,Tanque Verde,32.2687,-110.7437,United States,US,USA,arizona,,15531.0,1840019489
4455,tarboro,Tarboro,35.9046,-77.5563,United States,US,USA,north carolina,,10705.0,1840016177
1994,tarpon springs,Tarpon Springs,28.1493,-82.7623,United States,US,USA,florida,,25522.0,1840015980
4113,tarrytown,Tarrytown,41.0647,-73.8672,United States,US,USA,new york,,11752.0,1840004945
846,taunton,Taunton,41.9036,-71.0943,United States,US,USA,massachusetts,,59719.0,1840003220
2582,tavares,Tavares,28.792,-81.7352,United States,US,USA,florida,,19738.0,1840015953
809,taylor,Taylor,42.226,-83.2688,United States,US,USA,michigan,,62405.0,1840003965
3035,taylor,Taylor,30.5729,-97.4268,United States,US,USA,texas,,16767.0,1840022165
2173,taylors,Taylors,34.9157,-82.3124,United States,US,USA,south carolina,,23686.0,1840013498
858,taylorsville,Taylorsville,40.6569,-111.9493,United States,US,USA,utah,,59010.0,1840021387
4296,taylorville,Taylorville,39.5328,-89.2804,United States,US,USA,illinois,,11149.0,1840009547
1184,teaneck,Teaneck,40.89,-74.0107,United States,US,USA,new jersey,,41499.0,1840081757
3571,teays valley,Teays Valley,38.4482,-81.9246,United States,US,USA,west virginia,,13961.0,1840038312
5266,tecumseh,Tecumseh,42.0066,-83.945,United States,US,USA,michigan,,8655.0,1840003228
3746,tega cay,Tega Cay,35.039,-81.0111,United States,US,USA,south carolina,,13267.0,1840015488
3968,tehachapi,Tehachapi,35.1276,-118.4744,United States,US,USA,california,,12366.0,1840021737
422,temecula,Temecula,33.4928,-117.1315,United States,US,USA,california,,110404.0,1840021937
1757,temescal valley,Temescal Valley,33.7581,-117.4677,United States,US,USA,california,,28560.0,1840043023
247,tempe,Tempe,33.3881,-111.9319,United States,US,USA,arizona,,186419.0,1840021942
367,temple,Temple,31.1068,-97.3891,United States,US,USA,texas,,123932.0,1840022154
1385,temple city,Temple City,34.1022,-118.0579,United States,US,USA,california,,35749.0,1840021872
5221,temple hills,Temple Hills,38.8106,-76.9495,United States,US,USA,maryland,,8740.0,1840005967
1870,temple terrace,Temple Terrace,28.0436,-82.3773,United States,US,USA,florida,,26922.0,1840015983
5289,templeton,Templeton,35.556,-120.7181,United States,US,USA,california,,8608.0,1840019127
3310,tenafly,Tenafly,40.9176,-73.9532,United States,US,USA,new jersey,,15252.0,1840000918
4904,terrace heights,Terrace Heights,46.6045,-120.4393,United States,US,USA,washington,,9480.0,1840018465
614,terre haute,Terre Haute,39.466,-87.3751,United States,US,USA,indiana,,78940.0,1840009671
2681,terrell,Terrell,32.734,-96.2931,United States,US,USA,texas,,19019.0,1840022065
1961,terrytown,Terrytown,29.9014,-90.0279,United States,US,USA,louisiana,,25844.0,1840013990
4370,terryville,Terryville,40.9093,-73.0486,United States,US,USA,new york,,10962.0,1840005105
1612,tewksbury,Tewksbury,42.612,-71.2278,United States,US,USA,massachusetts,,31168.0,1840053490
617,texarkana,Texarkana,33.45,-94.0847,United States,US,USA,texas,,78541.0,1840021987
1714,texarkana,Texarkana,33.436,-93.9959,United States,US,USA,arkansas,,29343.0,1840015708
923,texas city,Texas City,29.4154,-94.9682,United States,US,USA,texas,,54159.0,1840022234
1222,the acreage,The Acreage,26.774,-80.2779,United States,US,USA,florida,,40188.0,1840026061
1102,the colony,The Colony,33.0925,-96.8976,United States,US,USA,texas,,44916.0,1840022005
2294,the crossings,The Crossings,25.6708,-80.4018,United States,US,USA,florida,,22359.0,1840029008
3190,the dalles,The Dalles,45.6053,-121.1818,United States,US,USA,oregon,,15973.0,1840021212
861,the hammocks,The Hammocks,25.67,-80.4482,United States,US,USA,florida,,58548.0,1840029009
4441,the hills,The Hills,40.6561,-74.6215,United States,US,USA,new jersey,,10732.0,1840151839
4117,the pinery,The Pinery,39.4462,-104.7591,United States,US,USA,colorado,,11740.0,1840028583
4910,the village,The Village,35.5706,-97.5567,United States,US,USA,oklahoma,,9470.0,1840021742
584,the villages,The Villages,28.9034,-81.9887,United States,US,USA,florida,,82108.0,1840014065
389,the woodlands,The Woodlands,30.1738,-95.5134,United States,US,USA,texas,,116916.0,1840019585
3221,thibodaux,Thibodaux,29.7949,-90.8146,United States,US,USA,louisiana,,15792.0,1840015946
5165,thief river falls,Thief River Falls,48.1108,-96.1778,United States,US,USA,minnesota,,8841.0,1840008825
4800,thomaston,Thomaston,32.8907,-84.3272,United States,US,USA,georgia,,9798.0,1840015776
1846,thomasville,Thomasville,35.8813,-80.0807,United States,US,USA,north carolina,,27261.0,1840015361
2721,thomasville,Thomasville,30.8394,-83.9782,United States,US,USA,georgia,,18720.0,1840015893
3062,thompson,Thompson,41.6474,-74.6745,United States,US,USA,new york,,16614.0,1840058541
3420,thonotosassa,Thonotosassa,28.0464,-82.291,United States,US,USA,florida,,14660.0,1840014154
323,thornton,Thornton,39.9197,-104.9438,United States,US,USA,colorado,,142878.0,1840021422
218,thousand oaks,Thousand Oaks,34.1914,-118.8756,United States,US,USA,california,,208302.0,1840021844
3097,three lakes,Three Lakes,25.6415,-80.4,United States,US,USA,florida,,16426.0,1840029010
5082,tiburon,Tiburon,37.8854,-122.4637,United States,US,USA,california,,9035.0,1840022521
2863,tiffin,Tiffin,41.1165,-83.1805,United States,US,USA,ohio,,17814.0,1840000821
2972,tifton,Tifton,31.4624,-83.5203,United States,US,USA,georgia,,17140.0,1840015863
906,tigard,Tigard,45.4237,-122.7845,United States,US,USA,oregon,,55395.0,1840021206
2884,tillmans corner,Tillmans Corner,30.5819,-88.2128,United States,US,USA,alabama,,17678.0,1840013896
3840,timberlake,Timberlake,37.3167,-79.2481,United States,US,USA,virginia,,12833.0,1840006437
4288,timberlane,Timberlane,29.8781,-90.0303,United States,US,USA,louisiana,,11169.0,1840031154
1427,timberwood park,Timberwood Park,29.6995,-98.4838,United States,US,USA,texas,,34980.0,1840019651
4391,timonium,Timonium,39.4459,-76.6032,United States,US,USA,maryland,,10880.0,1840026624
913,tinley park,Tinley Park,41.567,-87.8049,United States,US,USA,illinois,,55007.0,1840011331
2637,tinton falls,Tinton Falls,40.2708,-74.0949,United States,US,USA,new jersey,,19252.0,1840001368
4602,tipp city,Tipp City,39.9644,-84.1866,United States,US,USA,ohio,,10344.0,1840010507
1014,titusville,Titusville,28.5727,-80.8193,United States,US,USA,florida,,49004.0,1840015962
3127,tiverton,Tiverton,41.609,-71.1741,United States,US,USA,rhode island,,16260.0,1840066125
5014,toccoa,Toccoa,34.581,-83.3263,United States,US,USA,georgia,,9173.0,1840015551
88,toledo,Toledo,41.6638,-83.5827,United States,US,USA,ohio,,492076.0,1840000572
4893,tomah,Tomah,43.9879,-90.4999,United States,US,USA,wisconsin,,9505.0,1840002566
3795,tomball,Tomball,30.0951,-95.6194,United States,US,USA,texas,,13032.0,1840022203
484,toms river,Toms River,39.9895,-74.1654,United States,US,USA,new jersey,,97034.0,1840081605
3348,tonawanda,Tonawanda,43.0105,-78.8805,United States,US,USA,new york,,15044.0,1840004381
1323,tooele,Tooele,40.5393,-112.3082,United States,US,USA,utah,,37265.0,1840021356
5202,topanga,Topanga,34.0965,-118.6053,United States,US,USA,california,,8781.0,1840025006
301,topeka,Topeka,39.0346,-95.6955,United States,US,USA,kansas,admin,150343.0,1840001621
5219,toppenish,Toppenish,46.3806,-120.3122,United States,US,USA,washington,,8746.0,1840021151
4843,topsham,Topsham,43.9614,-69.9587,United States,US,USA,maine,,9644.0,1840053028
322,torrance,Torrance,33.8346,-118.3416,United States,US,USA,california,,143499.0,1840021873
1400,torrington,Torrington,41.8349,-73.1282,United States,US,USA,connecticut,,35481.0,1840004770
4376,totowa,Totowa,40.9039,-74.2214,United States,US,USA,new jersey,,10919.0,1840000839
2842,towamencin,Towamencin,40.2417,-75.3387,United States,US,USA,pennsylvania,,17980.0,1840152389
545,town 'n' country,Town 'n' Country,28.0106,-82.5763,United States,US,USA,florida,,86544.0,1840029089
4166,town and country,Town and Country,38.6317,-90.479,United States,US,USA,missouri,,11605.0,1840010738
5074,townsend,Townsend,42.6671,-71.7115,United States,US,USA,massachusetts,,9052.0,1840053491
879,towson,Towson,39.3944,-76.619,United States,US,USA,maryland,,57683.0,1840005695
494,tracy,Tracy,37.7269,-121.4523,United States,US,USA,california,,95358.0,1840021518
3270,traverse city,Traverse City,44.7546,-85.6038,United States,US,USA,michigan,,15491.0,1840003946
4301,travilah,Travilah,39.057,-77.247,United States,US,USA,maryland,,11128.0,1840005846
4773,travis ranch,Travis Ranch,32.8015,-96.4775,United States,US,USA,texas,,9894.0,1840041568
1575,tredyffrin,Tredyffrin,40.0663,-75.454,United States,US,USA,pennsylvania,,31822.0,1840148599
4388,tremonton,Tremonton,41.7187,-112.189,United States,US,USA,utah,,10886.0,1840021326
3735,trenton,Trenton,39.4792,-84.462,United States,US,USA,ohio,,13304.0,1840003805
2795,trenton,Trenton,42.1394,-83.1929,United States,US,USA,michigan,,18242.0,1840003966
119,trenton,Trenton,40.2237,-74.7641,United States,US,USA,new jersey,admin,362501.0,1840001383
4263,triangle,Triangle,38.5483,-77.3195,United States,US,USA,virginia,,11265.0,1840006105
2629,trinity,Trinity,28.1809,-82.6582,United States,US,USA,florida,,19296.0,1840029012
3689,trophy club,Trophy Club,33.004,-97.1899,United States,US,USA,texas,,13454.0,1840022993
2232,trotwood,Trotwood,39.7926,-84.3165,United States,US,USA,ohio,,23041.0,1840010582
3184,troutdale,Troutdale,45.5372,-122.3955,United States,US,USA,oregon,,16000.0,1840021209
3683,troy,Troy,38.9708,-90.9714,United States,US,USA,missouri,,13467.0,1840010689
2875,troy,Troy,31.8021,-85.9664,United States,US,USA,alabama,,17733.0,1840005558
974,troy,Troy,42.7354,-73.6751,United States,US,USA,new york,,51054.0,1840003087
541,troy,Troy,42.5817,-83.1457,United States,US,USA,michigan,,87307.0,1840002434
4385,troy,Troy,38.7268,-89.8977,United States,US,USA,illinois,,10889.0,1840010709
1895,troy,Troy,40.0437,-84.2186,United States,US,USA,ohio,,26716.0,1840010508
3008,truckee,Truckee,39.3455,-120.1848,United States,US,USA,california,,16942.0,1840022462
4682,trumbull center,Trumbull Center,41.2415,-73.1836,United States,US,USA,connecticut,,10137.0,1840153084
1935,trussville,Trussville,33.6405,-86.5815,United States,US,USA,alabama,,26182.0,1840015672
1815,tualatin,Tualatin,45.3772,-122.7748,United States,US,USA,oregon,,27710.0,1840021207
1023,tuckahoe,Tuckahoe,37.5878,-77.5858,United States,US,USA,virginia,,48610.0,1840006395
1331,tucker,Tucker,33.8436,-84.2024,United States,US,USA,georgia,,37022.0,1840013701
55,tucson,Tucson,32.1541,-110.8787,United States,US,USA,arizona,,879871.0,1840022101
3871,tucson estates,Tucson Estates,32.1792,-111.1266,United States,US,USA,arizona,,12687.0,1840027929
4218,tucson mountains,Tucson Mountains,32.2822,-111.0773,United States,US,USA,arizona,,11428.0,1840153143
2390,tukwila,Tukwila,47.475,-122.2728,United States,US,USA,washington,,21479.0,1840021120
712,tulare,Tulare,36.1995,-119.34,United States,US,USA,california,,69984.0,1840021638
2484,tullahoma,Tullahoma,35.3721,-86.2172,United States,US,USA,tennessee,,20672.0,1840015410
62,tulsa,Tulsa,36.1283,-95.9042,United States,US,USA,oklahoma,,740620.0,1840021672
1905,tumwater,Tumwater,46.9891,-122.9175,United States,US,USA,washington,,26519.0,1840021145
1301,tupelo,Tupelo,34.2692,-88.7318,United States,US,USA,mississippi,,37825.0,1840015561
609,turlock,Turlock,37.5053,-120.8588,United States,US,USA,california,,79394.0,1840021533
272,tuscaloosa,Tuscaloosa,33.2348,-87.5268,United States,US,USA,alabama,,166253.0,1840005563
5060,tuscumbia,Tuscumbia,34.7204,-87.7035,United States,US,USA,alabama,,9084.0,1840005567
5063,tuskegee,Tuskegee,32.4409,-85.7131,United States,US,USA,alabama,,9070.0,1840004337
613,tustin,Tustin,33.7311,-117.8107,United States,US,USA,california,,79035.0,1840021967
1748,twentynine palms,Twentynine Palms,34.1478,-116.0659,United States,US,USA,california,,28738.0,1840021729
940,twin falls,Twin Falls,42.5645,-114.4613,United States,US,USA,idaho,,53219.0,1840021301
2621,twinsburg,Twinsburg,41.322,-81.4451,United States,US,USA,ohio,,19346.0,1840000805
4271,two rivers,Two Rivers,44.1565,-87.5824,United States,US,USA,wisconsin,,11224.0,1840002206
347,tyler,Tyler,32.3184,-95.3062,United States,US,USA,texas,,131037.0,1840022076
3953,tyngsborough,Tyngsborough,42.6662,-71.429,United States,US,USA,massachusetts,,12424.0,1840070201
1791,tysons,Tysons,38.9215,-77.2273,United States,US,USA,virginia,,28022.0,1840006040
3100,ukiah,Ukiah,39.1464,-123.2105,United States,US,USA,california,,16419.0,1840021420
3890,ulster,Ulster,41.9699,-74.0041,United States,US,USA,new york,,12628.0,1840087981
907,union,Union,42.1258,-76.0329,United States,US,USA,new york,,55365.0,1840058557
3918,union,Union,38.4399,-90.9927,United States,US,USA,missouri,,12560.0,1840010769
836,union,Union,40.6953,-74.2697,United States,US,USA,new jersey,,60119.0,1840056367
761,union city,Union City,40.7675,-74.0323,United States,US,USA,new jersey,,66375.0,1840001034
738,union city,Union City,37.6032,-122.0181,United States,US,USA,california,,68141.0,1840021539
1844,union city,Union City,33.5942,-84.5629,United States,US,USA,georgia,,27300.0,1840015610
4333,union city,Union City,36.4267,-89.0474,United States,US,USA,tennessee,,11040.0,1840015280
2212,union hill-novelty hill,Union Hill-Novelty Hill,47.6788,-122.0284,United States,US,USA,washington,,23272.0,1840074663
4307,union park,Union Park,28.5657,-81.2355,United States,US,USA,florida,,11111.0,1840014090
1482,uniondale,Uniondale,40.7176,-73.5947,United States,US,USA,new york,,33637.0,1840005279
4797,uniontown,Uniontown,39.8993,-79.7246,United States,US,USA,pennsylvania,,9819.0,1840000671
2387,unity,Unity,40.2811,-79.4236,United States,US,USA,pennsylvania,,21505.0,1840144811
2565,universal city,Universal City,29.5521,-98.3074,United States,US,USA,texas,,19853.0,1840022225
1018,university,University,28.0771,-82.4335,United States,US,USA,florida,,48868.0,1840073852
1434,university city,University City,38.6657,-90.3315,United States,US,USA,missouri,,34655.0,1840010739
3675,university heights,University Heights,41.4948,-81.535,United States,US,USA,ohio,,13508.0,1840003416
4156,university of california-santa barbara,University of California-Santa Barbara,34.4151,-119.8568,United States,US,USA,california,,11634.0,1840153164
5020,university of virginia,University of Virginia,38.0405,-78.5164,United States,US,USA,virginia,,9159.0,1840140574
2037,university park,University Park,32.8506,-96.7937,United States,US,USA,texas,,25104.0,1840022055
1430,university place,University Place,47.2147,-122.5461,United States,US,USA,washington,,34850.0,1840021130
615,upland,Upland,34.1178,-117.6604,United States,US,USA,california,,78940.0,1840021730
3919,upper,Upper,39.2563,-74.727,United States,US,USA,new jersey,,12559.0,1840081578
2199,upper allen,Upper Allen,40.18,-76.9808,United States,US,USA,pennsylvania,,23415.0,1840151634
1355,upper arlington,Upper Arlington,40.0272,-83.0704,United States,US,USA,ohio,,36319.0,1840003762
3023,upper chichester,Upper Chichester,39.8414,-75.4421,United States,US,USA,pennsylvania,,16833.0,1840142584
558,upper darby,Upper Darby,39.949,-75.2891,United States,US,USA,pennsylvania,,85190.0,1840035234
1877,upper dublin,Upper Dublin,40.1502,-75.1813,United States,US,USA,pennsylvania,,26887.0,1840152392
2966,upper grand lagoon,Upper Grand Lagoon,30.169,-85.7407,United States,US,USA,florida,,17162.0,1840029090
2981,upper gwynedd,Upper Gwynedd,40.2144,-75.2891,United States,US,USA,pennsylvania,,17112.0,1840152390
5127,upper leacock,Upper Leacock,40.0801,-76.1854,United States,US,USA,pennsylvania,,8920.0,1840142492
1855,upper macungie,Upper Macungie,40.5694,-75.6244,United States,US,USA,pennsylvania,,27100.0,1840146587
5176,upper makefield,Upper Makefield,40.2941,-74.925,United States,US,USA,pennsylvania,,8829.0,1840150060
1454,upper merion,Upper Merion,40.0902,-75.3791,United States,US,USA,pennsylvania,,34274.0,1840152386
3987,upper montclair,Upper Montclair,40.8433,-74.2006,United States,US,USA,new jersey,,12279.0,1840024255
1943,upper moreland,Upper Moreland,40.1572,-75.1021,United States,US,USA,pennsylvania,,26053.0,1840152387
2105,upper providence,Upper Providence,40.1654,-75.4888,United States,US,USA,pennsylvania,,24398.0,1840145447
2968,upper saucon,Upper Saucon,40.5364,-75.4084,United States,US,USA,pennsylvania,,17158.0,1840146376
3320,upper southampton,Upper Southampton,40.1723,-75.0363,United States,US,USA,pennsylvania,,15199.0,1840150058
2455,upper st. clair,Upper St. Clair,40.3336,-80.0842,United States,US,USA,pennsylvania,,20893.0,1840005397
3860,upper uwchlan,Upper Uwchlan,40.0817,-75.707,United States,US,USA,pennsylvania,,12731.0,1840145646
1284,urbana,Urbana,40.1107,-88.1973,United States,US,USA,illinois,,38447.0,1840010451
4293,urbana,Urbana,40.1085,-83.7541,United States,US,USA,ohio,,11153.0,1840010488
3581,urbana,Urbana,39.3274,-77.3423,United States,US,USA,maryland,,13897.0,1840024455
1069,urbandale,Urbandale,41.639,-93.7812,United States,US,USA,iowa,,46026.0,1840010184
401,utica,Utica,43.0962,-75.2261,United States,US,USA,new york,,114961.0,1840002746
3296,uvalde,Uvalde,29.2152,-99.7782,United States,US,USA,texas,,15344.0,1840022231
2643,uwchlan,Uwchlan,40.0522,-75.6679,United States,US,USA,pennsylvania,,19231.0,1840145647
3499,uxbridge,Uxbridge,42.0593,-71.638,United States,US,USA,massachusetts,,14318.0,1840053609
465,vacaville,Vacaville,38.3587,-121.9673,United States,US,USA,california,,102085.0,1840021498
3851,vadnais heights,Vadnais Heights,45.057,-93.0748,United States,US,USA,minnesota,,12789.0,1840010004
3233,vail,Vail,32.0217,-110.6937,United States,US,USA,arizona,,15722.0,1840019487
641,valdosta,Valdosta,30.8502,-83.2788,United States,US,USA,georgia,,76393.0,1840015894
3600,valencia west,Valencia West,32.1355,-111.1123,United States,US,USA,arizona,,13834.0,1840074666
2372,valinda,Valinda,34.04,-117.93,United States,US,USA,california,,21626.0,1840019213
2635,valle vista,Valle Vista,33.7436,-116.8871,United States,US,USA,california,,19263.0,1840019292
264,vallejo,Vallejo,38.1125,-122.2342,United States,US,USA,california,,171414.0,1840021499
4577,valley,Valley,32.8088,-85.181,United States,US,USA,alabama,,10406.0,1840015760
5121,valley center,Valley Center,37.8332,-97.3646,United States,US,USA,kansas,,8937.0,1840010848
4617,valley center,Valley Center,33.233,-117.0158,United States,US,USA,california,,10303.0,1840019349
5188,valley cottage,Valley Cottage,41.1162,-73.9433,United States,US,USA,new york,,8803.0,1840004971
3965,valley falls,Valley Falls,41.9233,-71.3924,United States,US,USA,rhode island,,12370.0,1840003295
1221,valley stream,Valley Stream,40.6647,-73.7043,United States,US,USA,new york,,40278.0,1840005331
1447,valparaiso,Valparaiso,41.4783,-87.0506,United States,US,USA,indiana,,34377.0,1840014674
1270,valrico,Valrico,27.9193,-82.2293,United States,US,USA,florida,,38820.0,1840028790
3512,van buren,Van Buren,43.1211,-76.3591,United States,US,USA,new york,,14246.0,1840058558
2189,van buren,Van Buren,35.4483,-94.3528,United States,US,USA,arkansas,,23545.0,1840015397
4453,van wert,Van Wert,40.8651,-84.5879,United States,US,USA,ohio,,10710.0,1840010350
242,vancouver,Vancouver,45.6366,-122.5967,United States,US,USA,washington,,192696.0,1840021189
3332,vandalia,Vandalia,39.8791,-84.193,United States,US,USA,ohio,,15100.0,1840003786
4568,vashon,Vashon,47.4122,-122.4726,United States,US,USA,washington,,10424.0,1840018414
1912,venice,Venice,27.1184,-82.4137,United States,US,USA,florida,,26467.0,1840015989
4992,ventnor city,Ventnor City,39.3457,-74.486,United States,US,USA,new jersey,,9220.0,1840001539
3878,verde village,Verde Village,34.7119,-111.9941,United States,US,USA,arizona,,12662.0,1840017843
4552,vermilion,Vermilion,41.4103,-82.3214,United States,US,USA,ohio,,10451.0,1840010234
4104,vermillion,Vermillion,42.7811,-96.9256,United States,US,USA,south dakota,,11800.0,1840003082
4636,vernal,Vernal,40.4517,-109.5378,United States,US,USA,utah,,10254.0,1840021391
4750,vernon,Vernon,34.1479,-99.3,United States,US,USA,texas,,9947.0,1840021912
2281,vernon,Vernon,41.1973,-74.4857,United States,US,USA,new jersey,,22513.0,1840081777
1887,vernon hills,Vernon Hills,42.234,-87.9608,United States,US,USA,illinois,,26772.0,1840011181
3033,vero beach,Vero Beach,27.6463,-80.393,United States,US,USA,florida,,16785.0,1840015985
1712,vero beach south,Vero Beach South,27.6132,-80.4163,United States,US,USA,florida,,29365.0,1840073853
3452,verona,Verona,42.9892,-89.5383,United States,US,USA,wisconsin,,14499.0,1840002903
3468,verona,Verona,40.8323,-74.2431,United States,US,USA,new jersey,,14441.0,1840131594
4590,versailles,Versailles,38.0486,-84.7258,United States,US,USA,kentucky,,10382.0,1840015212
1651,vestal,Vestal,42.0492,-76.026,United States,US,USA,new york,,30462.0,1840058562
1274,vestavia hills,Vestavia Hills,33.4518,-86.7437,United States,US,USA,alabama,,38704.0,1840015673
2451,vicksburg,Vicksburg,32.3173,-90.8868,United States,US,USA,mississippi,,20944.0,1840015802
3201,victor,Victor,42.9894,-77.4277,United States,US,USA,new york,,15908.0,1840004414
4365,victoria,Victoria,44.8634,-93.6585,United States,US,USA,minnesota,,10972.0,1840010007
757,victoria,Victoria,28.8287,-96.9849,United States,US,USA,texas,,66523.0,1840023044
118,victorville,Victorville,34.5277,-117.3536,United States,US,USA,california,,363596.0,1840021731
4433,vidalia,Vidalia,32.2125,-82.4019,United States,US,USA,georgia,,10762.0,1840015820
4816,vidor,Vidor,30.1291,-93.9967,United States,US,USA,texas,,9738.0,1840022193
4507,vienna,Vienna,39.324,-81.5383,United States,US,USA,west virginia,,10575.0,1840005787
3110,vienna,Vienna,38.8996,-77.2597,United States,US,USA,virginia,,16369.0,1840003829
3784,viera east,Viera East,28.2613,-80.7149,United States,US,USA,florida,,13082.0,1840039118
2965,viera west,Viera West,28.2467,-80.7387,United States,US,USA,florida,,17169.0,1840039133
4115,view park-windsor hills,View Park-Windsor Hills,33.9955,-118.3483,United States,US,USA,california,,11744.0,1840074686
2286,villa park,Villa Park,41.8865,-87.9779,United States,US,USA,illinois,,22456.0,1840011412
2865,villa rica,Villa Rica,33.7294,-84.9177,United States,US,USA,georgia,,17798.0,1840015679
5228,village green-green ridge,Village Green-Green Ridge,39.8639,-75.4257,United States,US,USA,pennsylvania,,8725.0,1840073727
5148,village st. george,Village St. George,30.3598,-91.0672,United States,US,USA,louisiana,,8880.0,1840031109
4772,villas,Villas,39.0157,-74.935,United States,US,USA,new jersey,,9897.0,1840005869
3662,villas,Villas,26.5504,-81.8678,United States,US,USA,florida,,13578.0,1840029092
3049,vincennes,Vincennes,38.6759,-87.5102,United States,US,USA,indiana,,16676.0,1840010730
3326,vincent,Vincent,34.0983,-117.9238,United States,US,USA,california,,15151.0,1840074687
524,vineland,Vineland,39.4653,-74.9981,United States,US,USA,new jersey,,91393.0,1840001551
3674,vineyard,Vineyard,40.3059,-111.7545,United States,US,USA,utah,,13510.0,1840022419
1154,vineyard,Vineyard,38.474,-121.324,United States,US,USA,california,,42645.0,1840018846
3669,vinings,Vinings,33.8608,-84.4686,United States,US,USA,georgia,,13538.0,1840013687
39,virginia beach,Virginia Beach,36.7335,-76.0435,United States,US,USA,virginia,,1431821.0,1840003871
271,visalia,Visalia,36.3276,-119.3269,United States,US,USA,california,,166273.0,1840021639
480,vista,Vista,33.1896,-117.2386,United States,US,USA,california,,98646.0,1840021994
1624,voorhees,Voorhees,39.845,-74.9549,United States,US,USA,new jersey,,31011.0,1840081683
4591,wabash,Wabash,40.8034,-85.8301,United States,US,USA,indiana,,10378.0,1840010335
235,waco,Waco,31.5599,-97.1882,United States,US,USA,texas,,197594.0,1840022140
3756,waconia,Waconia,44.8422,-93.7896,United States,US,USA,minnesota,,13223.0,1840010008
2477,wade hampton,Wade Hampton,34.8821,-82.3336,United States,US,USA,south carolina,,20703.0,1840035800
2114,wadsworth,Wadsworth,41.0279,-81.7323,United States,US,USA,ohio,,24302.0,1840010294
4494,waggaman,Waggaman,29.9373,-90.2354,United States,US,USA,louisiana,,10617.0,1840013991
2906,wahiawa,Wahiawa,21.5012,-158.0178,United States,US,USA,hawaii,,17515.0,1840029550
3822,waianae,Waianae,21.4568,-158.1758,United States,US,USA,hawaii,,12907.0,1840029552
4241,waihee-waiehu,Waihee-Waiehu,20.9188,-156.5063,United States,US,USA,hawaii,,11369.0,1840037549
3229,wailuku,Wailuku,20.8834,-156.5059,United States,US,USA,hawaii,,15754.0,1840023239
3524,waimalu,Waimalu,21.3913,-157.9345,United States,US,USA,hawaii,,14176.0,1840029588
4639,waimea,Waimea,20.0124,-155.6381,United States,US,USA,hawaii,,10242.0,1840137122
1233,waipahu,Waipahu,21.3859,-158.0101,United States,US,USA,hawaii,,39871.0,1840023258
4281,waipio,Waipio,21.4143,-157.9966,United States,US,USA,hawaii,,11196.0,1840029589
970,wake forest,Wake Forest,35.9632,-78.514,United States,US,USA,north carolina,,51199.0,1840016199
1845,wakefield,Wakefield,42.5035,-71.0656,United States,US,USA,massachusetts,,27284.0,1840053641
4045,wakefield,Wakefield,38.823,-77.2406,United States,US,USA,virginia,,12024.0,1840143806
366,waldorf,Waldorf,38.6085,-76.9194,United States,US,USA,maryland,,124186.0,1840006175
4699,waldwick,Waldwick,41.0133,-74.1259,United States,US,USA,new jersey,,10090.0,1840000921
2027,walker,Walker,42.9853,-85.7446,United States,US,USA,michigan,,25201.0,1840002925
4849,walker mill,Walker Mill,38.8758,-76.8854,United States,US,USA,maryland,,9626.0,1840031499
1910,wall,Wall,40.1674,-74.0974,United States,US,USA,new jersey,,26477.0,1840081643
1479,walla walla,Walla Walla,46.0671,-118.3368,United States,US,USA,washington,,33766.0,1840021174
2821,wallingford center,Wallingford Center,41.4499,-72.8189,United States,US,USA,connecticut,,18107.0,1840073312
4093,wallington,Wallington,40.8536,-74.1069,United States,US,USA,new jersey,,11825.0,1840000922
1633,wallkill,Wallkill,41.4854,-74.3939,United States,US,USA,new york,,30790.0,1840024229
1799,walnut,Walnut,34.0334,-117.8593,United States,US,USA,california,,27857.0,1840021875
716,walnut creek,Walnut Creek,37.9024,-122.0399,United States,US,USA,california,,69790.0,1840021531
3278,walnut park,Walnut Park,33.9682,-118.222,United States,US,USA,california,,15446.0,1840019218
1923,walpole,Walpole,42.1464,-71.2555,United States,US,USA,massachusetts,,26294.0,1840053559
779,waltham,Waltham,42.3889,-71.2423,United States,US,USA,massachusetts,,64723.0,1840000428
4973,walworth,Walworth,43.1633,-77.3131,United States,US,USA,new york,,9259.0,1840058571
4290,wanaque,Wanaque,41.044,-74.29,United States,US,USA,new jersey,,11162.0,1840000840
4382,wantage,Wantage,41.2431,-74.6258,United States,US,USA,new jersey,,10897.0,1840081776
2844,wantagh,Wantagh,40.6686,-73.5104,United States,US,USA,new york,,17964.0,1840005281
4782,wapakoneta,Wapakoneta,40.5664,-84.1916,United States,US,USA,ohio,,9867.0,1840010391
1777,wappinger,Wappinger,41.5899,-73.8918,United States,US,USA,new york,,28203.0,1840088006
4724,ware,Ware,42.2806,-72.2843,United States,US,USA,massachusetts,,10012.0,1840053468
2218,wareham,Wareham,41.7662,-70.6999,United States,US,USA,massachusetts,,23226.0,1840053578
1491,warminster,Warminster,40.2043,-75.0915,United States,US,USA,pennsylvania,,33484.0,1840035370
292,warner robins,Warner Robins,32.5961,-83.6527,United States,US,USA,georgia,,154327.0,1840015800
4561,warr acres,Warr Acres,35.5285,-97.6182,United States,US,USA,oklahoma,,10437.0,1840021743
3192,warren,Warren,40.6323,-74.5146,United States,US,USA,new jersey,,15962.0,1840081703
4965,warren,Warren,41.8434,-79.1444,United States,US,USA,pennsylvania,,9273.0,1840003334
330,warren,Warren,42.4934,-83.027,United States,US,USA,michigan,,138128.0,1840002418
4300,warren,Warren,41.7282,-71.2629,United States,US,USA,rhode island,,11138.0,1840066117
1258,warren,Warren,41.239,-80.8174,United States,US,USA,ohio,,39057.0,1840000652
2614,warrensburg,Warrensburg,38.7627,-93.726,United States,US,USA,missouri,,19437.0,1840010721
3659,warrensville heights,Warrensville Heights,41.4363,-81.5222,United States,US,USA,ohio,,13585.0,1840003419
4675,warrenton,Warrenton,38.7176,-77.7976,United States,US,USA,virginia,,10151.0,1840006058
5150,warrenton,Warrenton,38.8187,-91.1385,United States,US,USA,missouri,,8870.0,1840010714
3514,warrenville,Warrenville,41.8209,-88.1857,United States,US,USA,illinois,,14232.0,1840010164
1969,warrington,Warrington,40.2489,-75.158,United States,US,USA,pennsylvania,,25782.0,1840035400
3195,warrington,Warrington,30.3835,-87.2946,United States,US,USA,florida,,15935.0,1840013914
3068,warsaw,Warsaw,41.2448,-85.8465,United States,US,USA,indiana,,16592.0,1840010277
571,warwick,Warwick,41.7062,-71.4334,United States,US,USA,rhode island,,82871.0,1840003344
1570,warwick,Warwick,41.2597,-74.3614,United States,US,USA,new york,,31909.0,1840004881
3394,warwick,Warwick,40.2503,-75.0818,United States,US,USA,pennsylvania,,14817.0,1840150057
2668,warwick,Warwick,40.1558,-76.2799,United States,US,USA,pennsylvania,,19089.0,1840142491
1930,wasco,Wasco,35.5938,-119.3671,United States,US,USA,california,,26222.0,1840021738
5002,waseca,Waseca,44.0827,-93.5029,United States,US,USA,minnesota,,9209.0,1840010030
4011,washington,Washington,38.6586,-87.1591,United States,US,USA,indiana,,12192.0,1840010735
3341,washington,Washington,39.7494,-77.5579,United States,US,USA,pennsylvania,,15060.0,1840146370
8,washington,Washington,38.9047,-77.0163,United States,US,USA,district of columbia,primary,5146120.0,1840006060
4810,washington,Washington,35.5586,-77.0545,United States,US,USA,north carolina,,9754.0,1840015401
1016,washington,Washington,39.7469,-75.0724,United States,US,USA,new jersey,,48961.0,1840144649
3711,washington,Washington,40.1741,-80.2465,United States,US,USA,pennsylvania,,13361.0,1840003668
2808,washington,Washington,40.7877,-74.7918,United States,US,USA,new jersey,,18177.0,1840144404
3370,washington,Washington,38.5515,-91.0154,United States,US,USA,missouri,,14948.0,1840010770
1639,washington,Washington,37.1303,-113.4878,United States,US,USA,utah,,30686.0,1840021561
4964,washington,Washington,40.9884,-74.0636,United States,US,USA,new jersey,,9276.0,1840151551
3194,washington,Washington,40.705,-89.434,United States,US,USA,illinois,,15946.0,1840010377
3478,washington court house,Washington Court House,39.5381,-83.4281,United States,US,USA,ohio,,14406.0,1840003801
5005,washington terrace,Washington Terrace,41.1683,-111.9783,United States,US,USA,utah,,9196.0,1840021343
3007,washougal,Washougal,45.5825,-122.3451,United States,US,USA,washington,,16945.0,1840021190
4924,wasilla,Wasilla,61.577,-149.466,United States,US,USA,alaska,,9435.0,1840023371
2206,watauga,Watauga,32.8719,-97.2515,United States,US,USA,texas,,23336.0,1840022049
231,waterbury,Waterbury,41.5582,-73.0361,United States,US,USA,connecticut,,199965.0,1840004851
5010,waterford,Waterford,37.6429,-120.7553,United States,US,USA,california,,9177.0,1840021534
4573,waterford,Waterford,39.7415,-74.8207,United States,US,USA,new jersey,,10416.0,1840081681
4326,waterloo,Waterloo,38.3403,-90.1538,United States,US,USA,illinois,,11055.0,1840010803
408,waterloo,Waterloo,42.4918,-92.3522,United States,US,USA,iowa,,113832.0,1840000440
2084,watertown,Watertown,43.9734,-75.9094,United States,US,USA,new york,,24574.0,1840002200
2253,watertown,Watertown,44.9094,-97.1532,United States,US,USA,south dakota,,22859.0,1840002156
2247,watertown,Watertown,43.1893,-88.7285,United States,US,USA,wisconsin,,22873.0,1840003000
1410,watertown town,Watertown Town,42.37,-71.1774,United States,US,USA,massachusetts,,35270.0,1840031198
3044,waterville,Waterville,44.5441,-69.6624,United States,US,USA,maine,,16704.0,1840000305
4622,watervliet,Watervliet,42.7243,-73.7068,United States,US,USA,new york,,10285.0,1840002495
754,watsonville,Watsonville,36.9206,-121.7708,United States,US,USA,california,,66842.0,1840021581
3561,wauconda,Wauconda,42.2749,-88.1359,United States,US,USA,illinois,,14010.0,1840011184
1866,waukee,Waukee,41.5985,-93.8869,United States,US,USA,iowa,,26974.0,1840010181
534,waukegan,Waukegan,42.3698,-87.8716,United States,US,USA,illinois,,88919.0,1840010113
700,waukesha,Waukesha,43.0087,-88.2464,United States,US,USA,wisconsin,,70779.0,1840003008
3375,waunakee,Waunakee,43.1829,-89.4447,United States,US,USA,wisconsin,,14927.0,1840002904
4268,waupun,Waupun,43.6314,-88.7381,United States,US,USA,wisconsin,,11244.0,1840002600
642,wausau,Wausau,44.962,-89.6459,United States,US,USA,wisconsin,,76386.0,1840002163
1040,wauwatosa,Wauwatosa,43.0616,-88.0347,United States,US,USA,wisconsin,,47718.0,1840003033
4555,waverly,Waverly,42.725,-92.4708,United States,US,USA,iowa,,10446.0,1840000404
2210,waverly,Waverly,42.7401,-84.6354,United States,US,USA,michigan,,23301.0,1840006924
3927,wawarsing,Wawarsing,41.7526,-74.4172,United States,US,USA,new york,,12538.0,1840058585
1132,waxahachie,Waxahachie,32.4035,-96.8446,United States,US,USA,texas,,43591.0,1840022083
2380,waxhaw,Waxhaw,34.9363,-80.7439,United States,US,USA,north carolina,,21565.0,1840016458
3609,waycross,Waycross,31.2108,-82.3579,United States,US,USA,georgia,,13813.0,1840015871
3604,wayland,Wayland,42.3586,-71.3594,United States,US,USA,massachusetts,,13826.0,1840053492
2926,wayne,Wayne,42.2774,-83.3877,United States,US,USA,michigan,,17413.0,1840001846
931,wayne,Wayne,40.9481,-74.2453,United States,US,USA,new jersey,,53729.0,1840081808
2276,waynesboro,Waynesboro,38.0674,-78.9014,United States,US,USA,virginia,,22574.0,1840003848
4331,waynesboro,Waynesboro,39.7524,-77.5822,United States,US,USA,pennsylvania,,11044.0,1840001415
4575,waynesville,Waynesville,35.4854,-82.9996,United States,US,USA,north carolina,,10408.0,1840016297
5036,weare,Weare,43.0813,-71.7219,United States,US,USA,new hampshire,,9141.0,1840055744
4054,weatherford,Weatherford,35.538,-98.6853,United States,US,USA,oklahoma,,12014.0,1840021725
1472,weatherford,Weatherford,32.7536,-97.7723,United States,US,USA,texas,,33924.0,1840022041
3769,webb city,Webb City,37.1412,-94.4676,United States,US,USA,missouri,,13139.0,1840010878
3983,webster,Webster,29.5317,-95.1188,United States,US,USA,texas,,12283.0,1840022204
1088,webster,Webster,43.2294,-77.4454,United States,US,USA,new york,,45276.0,1840004286
2885,webster,Webster,42.0521,-71.8485,United States,US,USA,massachusetts,,17674.0,1840053610
2165,webster groves,Webster Groves,38.5866,-90.3544,United States,US,USA,missouri,,23771.0,1840010744
3682,weddington,Weddington,35.0228,-80.7383,United States,US,USA,north carolina,,13468.0,1840016459
5314,wedgefield,Wedgefield,28.4847,-81.0809,United States,US,USA,florida,,8556.0,1840014091
3006,weehawken,Weehawken,40.7677,-74.0168,United States,US,USA,new jersey,,16946.0,1840081754
3284,weigelstown,Weigelstown,39.9852,-76.8306,United States,US,USA,pennsylvania,,15401.0,1840005509
2714,weirton,Weirton,40.406,-80.5671,United States,US,USA,west virginia,,18785.0,1840005405
2131,wekiwa springs,Wekiwa Springs,28.6984,-81.4251,United States,US,USA,florida,,24109.0,1840029016
3137,welby,Welby,39.8403,-104.9655,United States,US,USA,colorado,,16232.0,1840028449
1678,wellesley,Wellesley,42.3043,-71.2855,United States,US,USA,massachusetts,,29906.0,1840053560
822,wellington,Wellington,26.6461,-80.2699,United States,US,USA,florida,,61497.0,1840018311
4183,wellington,Wellington,40.7,-105.0054,United States,US,USA,colorado,,11538.0,1840022411
4181,wells,Wells,43.3267,-70.6336,United States,US,USA,maine,,11544.0,1840053052
3530,wells branch,Wells Branch,30.4433,-97.679,United States,US,USA,texas,,14156.0,1840019588
591,wenatchee,Wenatchee,47.436,-120.3295,United States,US,USA,washington,,81106.0,1840021074
4172,wendell,Wendell,35.7819,-78.3952,United States,US,USA,north carolina,,11585.0,1840016200
1076,wentzville,Wentzville,38.8153,-90.8669,United States,US,USA,missouri,,45734.0,1840010717
1186,weslaco,Weslaco,26.1599,-97.9877,United States,US,USA,texas,,41437.0,1840022258
5126,wesley chapel,Wesley Chapel,34.9985,-80.6903,United States,US,USA,north carolina,,8923.0,1840017881
687,wesley chapel,Wesley Chapel,28.2106,-82.3238,United States,US,USA,florida,,71965.0,1840014118
848,west allis,West Allis,43.0068,-88.0296,United States,US,USA,wisconsin,,59588.0,1840003034
5066,west athens,West Athens,33.9235,-118.3033,United States,US,USA,california,,9064.0,1840028403
1143,west babylon,West Babylon,40.7129,-73.3585,United States,US,USA,new york,,43239.0,1840005109
1586,west bend,West Bend,43.4173,-88.1818,United States,US,USA,wisconsin,,31722.0,1840002829
3450,west bradford,West Bradford,39.9633,-75.716,United States,US,USA,pennsylvania,,14520.0,1840145641
4381,west caldwell,West Caldwell,40.8488,-74.2971,United States,US,USA,new jersey,,10897.0,1840131595
5119,west caln,West Caln,40.0237,-75.8866,United States,US,USA,pennsylvania,,8938.0,1840145648
3801,west carrollton,West Carrollton,39.6701,-84.2542,United States,US,USA,ohio,,13008.0,1840059955
2343,west carson,West Carson,33.8229,-118.2931,United States,US,USA,california,,21909.0,1840028405
2641,west chester,West Chester,39.9601,-75.6058,United States,US,USA,pennsylvania,,19235.0,1840001436
2007,west chicago,West Chicago,41.896,-88.2253,United States,US,USA,illinois,,25434.0,1840010165
2876,west columbia,West Columbia,33.9932,-81.0936,United States,US,USA,south carolina,,17723.0,1840015605
434,west covina,West Covina,34.0555,-117.9113,United States,US,USA,california,,107436.0,1840021876
4002,west deer,West Deer,40.6351,-79.8693,United States,US,USA,pennsylvania,,12230.0,1840147889
2305,west deptford,West Deptford,39.8431,-75.1852,United States,US,USA,new jersey,,22296.0,1840081678
714,west des moines,West Des Moines,41.5521,-93.7806,United States,US,USA,iowa,,69893.0,1840010185
5092,west donegal,West Donegal,40.1297,-76.6226,United States,US,USA,pennsylvania,,9009.0,1840142496
5340,west earl,West Earl,40.126,-76.1774,United States,US,USA,pennsylvania,,8507.0,1840152739
1641,west falls church,West Falls Church,38.8648,-77.1878,United States,US,USA,virginia,,30660.0,1840006117
1249,west fargo,West Fargo,46.8573,-96.9057,United States,US,USA,north dakota,,39325.0,1840001935
3513,west freehold,West Freehold,40.2324,-74.2943,United States,US,USA,new jersey,,14233.0,1840005454
4744,west glens falls,West Glens Falls,43.3057,-73.6964,United States,US,USA,new york,,9967.0,1840004184
2211,west goshen,West Goshen,39.9756,-75.5927,United States,US,USA,pennsylvania,,23281.0,1840133853
4402,west hanover,West Hanover,40.3635,-76.7468,United States,US,USA,pennsylvania,,10859.0,1840150556
2545,west haven,West Haven,41.2083,-112.0541,United States,US,USA,utah,,19977.0,1840021344
911,west haven,West Haven,41.2739,-72.9672,United States,US,USA,connecticut,,55147.0,1840004852
4473,west haverstraw,West Haverstraw,41.2063,-73.9884,United States,US,USA,new york,,10663.0,1840004990
2978,west hempfield,West Hempfield,40.0564,-76.4632,United States,US,USA,pennsylvania,,17119.0,1840152740
2471,west hempstead,West Hempstead,40.6959,-73.6507,United States,US,USA,new york,,20762.0,1840005282
1419,west hollywood,West Hollywood,34.0883,-118.3719,United States,US,USA,california,,35090.0,1840028098
1900,west islip,West Islip,40.7041,-73.2954,United States,US,USA,new york,,26559.0,1840005111
392,west jordan,West Jordan,40.6024,-112.0008,United States,US,USA,utah,,116277.0,1840021388
1104,west lafayette,West Lafayette,40.4432,-86.9238,United States,US,USA,indiana,,44802.0,1840010430
2937,west lampeter,West Lampeter,39.9947,-76.256,United States,US,USA,pennsylvania,,17357.0,1840152738
3257,west lealman,West Lealman,27.8192,-82.7384,United States,US,USA,florida,,15560.0,1840039134
1859,west linn,West Linn,45.367,-122.6399,United States,US,USA,oregon,,27065.0,1840021218
1501,west little river,West Little River,25.8571,-80.2367,United States,US,USA,florida,,33147.0,1840029096
5302,west long branch,West Long Branch,40.2883,-74.0185,United States,US,USA,new jersey,,8576.0,1840001370
2648,west manchester,West Manchester,39.9456,-76.7952,United States,US,USA,pennsylvania,,19196.0,1840144165
4919,west manheim,West Manheim,39.7458,-76.9431,United States,US,USA,pennsylvania,,9450.0,1840146058
1821,west melbourne,West Melbourne,28.0694,-80.6736,United States,US,USA,florida,,27643.0,1840015963
2125,west memphis,West Memphis,35.153,-90.1996,United States,US,USA,arkansas,,24147.0,1840015448
2623,west mifflin,West Mifflin,40.3581,-79.9073,United States,US,USA,pennsylvania,,19338.0,1840001273
2073,west milford,West Milford,41.106,-74.3914,United States,US,USA,new jersey,,24634.0,1840081809
3839,west monroe,West Monroe,32.512,-92.1513,United States,US,USA,louisiana,,12837.0,1840015795
957,west new york,West New York,40.7857,-74.0094,United States,US,USA,new jersey,,51683.0,1840001035
3143,west norriton,West Norriton,40.1308,-75.3794,United States,US,USA,pennsylvania,,16204.0,1840133862
1561,west odessa,West Odessa,31.8389,-102.5003,United States,US,USA,texas,,31985.0,1840037100
1029,west orange,West Orange,40.7893,-74.2628,United States,US,USA,new jersey,,48276.0,1840131596
380,west palm beach,West Palm Beach,26.7469,-80.132,United States,US,USA,florida,,119508.0,1840015993
3339,west park,West Park,25.984,-80.1923,United States,US,USA,florida,,15076.0,1840016002
2481,west pensacola,West Pensacola,30.4263,-87.2679,United States,US,USA,florida,,20679.0,1840013915
4752,west perrine,West Perrine,25.6061,-80.3639,United States,US,USA,florida,,9944.0,1840029018
3973,west plains,West Plains,36.7377,-91.868,United States,US,USA,missouri,,12341.0,1840010887
4743,west point,West Point,33.6064,-88.6572,United States,US,USA,mississippi,,9967.0,1840015681
4178,west point,West Point,41.122,-112.0995,United States,US,USA,utah,,11559.0,1840021354
2314,west puente valley,West Puente Valley,34.0513,-117.9681,United States,US,USA,california,,22198.0,1840028409
2279,west rancho dominguez,West Rancho Dominguez,33.9057,-118.2683,United States,US,USA,california,,22560.0,1840028406
2976,west richland,West Richland,46.3115,-119.3999,United States,US,USA,washington,,17126.0,1840021168
918,west sacramento,West Sacramento,38.5557,-121.5505,United States,US,USA,california,,54496.0,1840021483
1087,west seneca,West Seneca,42.8374,-78.7509,United States,US,USA,new york,,45329.0,1840058604
2245,west springfield,West Springfield,38.7771,-77.2268,United States,US,USA,virginia,,22905.0,1840006041
1753,west springfield,West Springfield,42.1253,-72.6503,United States,US,USA,massachusetts,,28635.0,1840031158
2435,west st. paul,West St. Paul,44.9018,-93.0858,United States,US,USA,minnesota,,21076.0,1840010012
3379,west university place,West University Place,29.7157,-95.4321,United States,US,USA,texas,,14907.0,1840022205
331,west valley city,West Valley City,40.6886,-112.0123,United States,US,USA,utah,,137955.0,1840021389
4420,west vero corridor,West Vero Corridor,27.6363,-80.4844,United States,US,USA,florida,,10802.0,1840073271
1620,west warwick,West Warwick,41.6986,-71.5157,United States,US,USA,rhode island,,31025.0,1840106223
2550,west whiteland,West Whiteland,40.0227,-75.6239,United States,US,USA,pennsylvania,,19951.0,1840146650
2002,west whittier-los nietos,West Whittier-Los Nietos,33.9759,-118.0689,United States,US,USA,california,,25459.0,1840074745
1685,west windsor,West Windsor,40.2897,-74.6266,United States,US,USA,new jersey,,29791.0,1840081655
5040,westampton,Westampton,40.0168,-74.8213,United States,US,USA,new jersey,,9133.0,1840081634
2376,westborough,Westborough,42.2681,-71.614,United States,US,USA,massachusetts,,21591.0,1840053611
2505,westbrook,Westbrook,43.6954,-70.3539,United States,US,USA,maine,,20484.0,1840000329
3222,westbury,Westbury,40.7599,-73.5891,United States,US,USA,new york,,15789.0,1840005332
2058,westchase,Westchase,28.0597,-82.611,United States,US,USA,florida,,24818.0,1840029017
3077,westchester,Westchester,41.8492,-87.8906,United States,US,USA,illinois,,16524.0,1840011332
942,westchester,Westchester,25.7471,-80.3523,United States,US,USA,florida,,53082.0,1840014241
2208,westerly,Westerly,41.3635,-71.7899,United States,US,USA,rhode island,,23318.0,1840026106
3717,western springs,Western Springs,41.8023,-87.9006,United States,US,USA,illinois,,13353.0,1840011333
1278,westerville,Westerville,40.1241,-82.921,United States,US,USA,ohio,,38543.0,1840003763
972,westfield,Westfield,40.0341,-86.1529,United States,US,USA,indiana,,51109.0,1840010500
1207,westfield,Westfield,42.1382,-72.7561,United States,US,USA,massachusetts,,40673.0,1840000463
1635,westfield,Westfield,40.6516,-74.3432,United States,US,USA,new jersey,,30760.0,1840001096
2083,westford,Westford,42.5864,-71.4401,United States,US,USA,massachusetts,,24584.0,1840053493
1466,westlake,Westlake,41.4524,-81.9294,United States,US,USA,ohio,,34036.0,1840003420
565,westland,Westland,42.3192,-83.3805,United States,US,USA,michigan,,84155.0,1840001847
397,westminster,Westminster,39.8837,-105.0624,United States,US,USA,colorado,,115546.0,1840021423
2527,westminster,Westminster,39.5796,-77.0067,United States,US,USA,maryland,,20257.0,1840005701
531,westminster,Westminster,33.7523,-117.9938,United States,US,USA,california,,90147.0,1840021969
1453,westmont,Westmont,33.9417,-118.3018,United States,US,USA,california,,34291.0,1840028408
2120,westmont,Westmont,41.7948,-87.9742,United States,US,USA,illinois,,24201.0,1840011414
3590,westmont,Westmont,39.9082,-75.0551,United States,US,USA,new jersey,,13870.0,1840033439
3224,weston,Weston,44.8906,-89.5487,United States,US,USA,wisconsin,,15784.0,1840038093
739,weston,Weston,26.1006,-80.4054,United States,US,USA,florida,,67952.0,1840016003
4212,weston,Weston,42.3589,-71.3001,United States,US,USA,massachusetts,,11443.0,1840053494
4051,westphalia,Westphalia,38.8356,-76.8298,United States,US,USA,maryland,,12020.0,1840024549
3109,westport,Westport,41.5886,-71.0837,United States,US,USA,massachusetts,,16382.0,1840070239
4278,westtown,Westtown,39.9417,-75.5565,United States,US,USA,pennsylvania,,11201.0,1840035366
4094,westview,Westview,25.8825,-80.2415,United States,US,USA,florida,,11823.0,1840029098
5107,westwood,Westwood,42.3031,-85.6286,United States,US,USA,michigan,,8968.0,1840006978
4273,westwood,Westwood,40.9878,-74.0308,United States,US,USA,new jersey,,11221.0,1840000923
3142,westwood,Westwood,42.2202,-71.2106,United States,US,USA,massachusetts,,16213.0,1840053561
4429,westwood lakes,Westwood Lakes,25.7237,-80.3717,United States,US,USA,florida,,10768.0,1840028796
875,weymouth,Weymouth,42.1981,-70.9466,United States,US,USA,massachusetts,,57786.0,1840132442
5262,wharton,Wharton,29.3177,-96.1022,United States,US,USA,texas,,8671.0,1840022229
1549,wheat ridge,Wheat Ridge,39.7728,-105.1028,United States,US,USA,colorado,,32158.0,1840021431
2741,wheatfield,Wheatfield,43.0975,-78.8831,United States,US,USA,new york,,18551.0,1840088041
952,wheaton,Wheaton,39.0492,-77.0573,United States,US,USA,maryland,,52172.0,1840031295
935,wheaton,Wheaton,41.8561,-88.1085,United States,US,USA,illinois,,53453.0,1840010166
1897,wheeling,Wheeling,40.0752,-80.6951,United States,US,USA,west virginia,,26670.0,1840005510
1279,wheeling,Wheeling,42.1308,-87.924,United States,US,USA,illinois,,38495.0,1840011334
5156,whippany,Whippany,40.8233,-74.4184,United States,US,USA,new jersey,,8862.0,1840033441
3304,white,White,40.621,-79.1513,United States,US,USA,pennsylvania,,15286.0,1840151488
2138,white bear lake,White Bear Lake,45.0656,-93.015,United States,US,USA,minnesota,,24026.0,1840010005
3353,white center,White Center,47.5086,-122.3479,United States,US,USA,washington,,15017.0,1840037727
4377,white city,White City,42.4316,-122.8322,United States,US,USA,oregon,,10913.0,1840018673
4717,white horse,White Horse,40.1919,-74.7023,United States,US,USA,new jersey,,10040.0,1840005475
3586,white house,White House,36.4648,-86.6666,United States,US,USA,tennessee,,13875.0,1840015274
4541,white marsh,White Marsh,39.3819,-76.4574,United States,US,USA,maryland,,10480.0,1840005696
5240,white meadow lake,White Meadow Lake,40.9241,-74.5107,United States,US,USA,new jersey,,8706.0,1840005198
2705,white oak,White Oak,39.2106,-84.606,United States,US,USA,ohio,,18845.0,1840034164
3094,white oak,White Oak,39.0451,-76.9885,United States,US,USA,maryland,,16458.0,1840005847
843,white plains,White Plains,41.022,-73.7547,United States,US,USA,new york,,59818.0,1840003477
2819,white settlement,White Settlement,32.7554,-97.4605,United States,US,USA,texas,,18119.0,1840022051
3405,whitefish bay,Whitefish Bay,43.1131,-87.9003,United States,US,USA,wisconsin,,14750.0,1840003036
1729,whitehall,Whitehall,40.6571,-75.5046,United States,US,USA,pennsylvania,,29128.0,1840147555
2546,whitehall,Whitehall,39.9682,-82.8833,United States,US,USA,ohio,,19974.0,1840003764
5196,whitehouse,Whitehouse,32.2222,-95.221,United States,US,USA,texas,,8794.0,1840022077
2570,whitemarsh,Whitemarsh,40.104,-75.2483,United States,US,USA,pennsylvania,,19800.0,1840102027
2840,whitestown,Whitestown,43.135,-75.3404,United States,US,USA,new york,,17996.0,1840088046
4259,whitestown,Whitestown,39.9706,-86.3612,United States,US,USA,indiana,,11276.0,1840010514
3236,whitewater,Whitewater,42.8372,-88.7341,United States,US,USA,wisconsin,,15705.0,1840002476
3317,whitman,Whitman,42.08,-70.9399,United States,US,USA,massachusetts,,15215.0,1840053580
1067,whitney,Whitney,36.1008,-115.0379,United States,US,USA,nevada,,46268.0,1840033834
2519,whitpain,Whitpain,40.1578,-75.2769,United States,US,USA,pennsylvania,,20347.0,1840145445
550,whittier,Whittier,33.9678,-118.0188,United States,US,USA,california,,85925.0,1840021878
85,wichita,Wichita,37.6895,-97.3443,United States,US,USA,kansas,,501760.0,1840001686
462,wichita falls,Wichita Falls,33.9072,-98.5291,United States,US,USA,texas,,102558.0,1840021923
3884,wickliffe,Wickliffe,41.6072,-81.469,United States,US,USA,ohio,,12639.0,1840000546
3441,wilbraham,Wilbraham,42.127,-72.4308,United States,US,USA,massachusetts,,14551.0,1840053629
1332,wildomar,Wildomar,33.6173,-117.2582,United States,US,USA,california,,36953.0,1840022902
3038,wildwood,Wildwood,28.7752,-82.0075,United States,US,USA,florida,,16739.0,1840015956
1413,wildwood,Wildwood,38.58,-90.6698,United States,US,USA,missouri,,35168.0,1840010746
1118,wilkes-barre,Wilkes-Barre,41.2469,-75.876,United States,US,USA,pennsylvania,,44217.0,1840000777
3526,wilkinsburg,Wilkinsburg,40.4442,-79.8733,United States,US,USA,pennsylvania,,14165.0,1840001278
517,williamsburg,Williamsburg,37.2693,-76.7076,United States,US,USA,virginia,,91935.0,1840001720
1823,williamsport,Williamsport,41.2399,-77.037,United States,US,USA,pennsylvania,,27629.0,1840000637
3389,williamstown,Williamstown,39.6874,-74.9786,United States,US,USA,new jersey,,14855.0,1840016785
2867,willimantic,Willimantic,41.7171,-72.2114,United States,US,USA,connecticut,,17774.0,1840003284
1566,willingboro,Willingboro,40.028,-74.8882,United States,US,USA,new jersey,,31944.0,1840081630
1794,williston,Williston,48.1814,-103.6364,United States,US,USA,north dakota,,27964.0,1840001871
4694,williston,Williston,44.4345,-73.0888,United States,US,USA,vermont,,10098.0,1840071854
4256,willistown,Willistown,40.001,-75.4915,United States,US,USA,pennsylvania,,11286.0,1840104145
2427,willmar,Willmar,45.1216,-95.0569,United States,US,USA,minnesota,,21136.0,1840009995
2153,willoughby,Willoughby,41.6459,-81.4084,United States,US,USA,ohio,,23934.0,1840000547
4736,willoughby hills,Willoughby Hills,41.5873,-81.4333,United States,US,USA,ohio,,9979.0,1840000548
3579,willow grove,Willow Grove,40.1469,-75.1174,United States,US,USA,pennsylvania,,13919.0,1840005471
4725,willow street,Willow Street,39.981,-76.2706,United States,US,USA,pennsylvania,,10010.0,1840005494
2370,willowbrook,Willowbrook,33.9209,-118.2356,United States,US,USA,california,,21642.0,1840019220
5039,willowbrook,Willowbrook,41.7641,-87.9454,United States,US,USA,illinois,,9138.0,1840011409
3523,willowick,Willowick,41.6342,-81.4678,United States,US,USA,ohio,,14182.0,1840000549
1827,wilmette,Wilmette,42.0771,-87.7282,United States,US,USA,illinois,,27550.0,1840011316
3885,wilmington,Wilmington,39.4362,-83.8141,United States,US,USA,ohio,,12637.0,1840010630
697,wilmington,Wilmington,39.7415,-75.5416,United States,US,USA,delaware,,71124.0,1840005579
164,wilmington,Wilmington,34.2099,-77.8866,United States,US,USA,north carolina,,275128.0,1840015576
2221,wilmington,Wilmington,42.5609,-71.1654,United States,US,USA,massachusetts,,23195.0,1840053495
3461,wilmington island,Wilmington Island,32.0033,-80.9752,United States,US,USA,georgia,,14457.0,1840029461
1038,wilson,Wilson,35.7311,-77.9284,United States,US,USA,north carolina,,47740.0,1840015383
1932,wilsonville,Wilsonville,45.3109,-122.7702,United States,US,USA,oregon,,26183.0,1840021219
2924,wilton,Wilton,43.1502,-73.7276,United States,US,USA,new york,,17417.0,1840058618
4227,wilton manors,Wilton Manors,26.1593,-80.1395,United States,US,USA,florida,,11403.0,1840016004
3803,wimauma,Wimauma,27.6964,-82.3034,United States,US,USA,florida,,13003.0,1840014155
4584,winchendon,Winchendon,42.6667,-72.0487,United States,US,USA,massachusetts,,10392.0,1840053615
4856,winchester,Winchester,35.1898,-86.1075,United States,US,USA,tennessee,,9600.0,1840015466
2661,winchester,Winchester,38.0018,-84.1908,United States,US,USA,kentucky,,19133.0,1840015216
2252,winchester,Winchester,42.4518,-71.1463,United States,US,USA,massachusetts,,22862.0,1840053496
546,winchester,Winchester,39.1735,-78.1746,United States,US,USA,virginia,,86501.0,1840001623
1305,winchester,Winchester,36.1365,-115.137,United States,US,USA,nevada,,37774.0,1840033770
2704,winder,Winder,33.9917,-83.7218,United States,US,USA,georgia,,18847.0,1840015623
2691,windham,Windham,43.7981,-70.4056,United States,US,USA,maine,,18967.0,1840066537
3196,windham,Windham,42.8076,-71.2995,United States,US,USA,new hampshire,,15922.0,1840055881
1936,windsor,Windsor,38.5422,-122.8089,United States,US,USA,california,,26179.0,1840022484
1373,windsor,Windsor,40.469,-104.9198,United States,US,USA,colorado,,35918.0,1840022401
5097,windsor,Windsor,43.2405,-89.2948,United States,US,USA,wisconsin,,8992.0,1840006867
4122,winfield,Winfield,37.274,-96.95,United States,US,USA,kansas,,11731.0,1840001701
4735,winfield,Winfield,41.8787,-88.1507,United States,US,USA,illinois,,9982.0,1840011410
3931,winnetka,Winnetka,42.1064,-87.7421,United States,US,USA,illinois,,12508.0,1840011317
1949,winona,Winona,44.0505,-91.6684,United States,US,USA,minnesota,,25998.0,1840010034
1229,winslow,Winslow,39.7027,-74.9029,United States,US,USA,new jersey,,39899.0,1840081680
5173,winslow,Winslow,35.0243,-110.7095,United States,US,USA,arizona,,8831.0,1840021583
104,winston-salem,Winston-Salem,36.1029,-80.261,United States,US,USA,north carolina,,434231.0,1840015324
1049,winter garden,Winter Garden,28.5421,-81.5967,United States,US,USA,florida,,47182.0,1840015965
2334,winter gardens,Winter Gardens,32.8376,-116.9268,United States,US,USA,california,,22003.0,1840019351
148,winter haven,Winter Haven,28.0118,-81.7014,United States,US,USA,florida,,296830.0,1840015970
1677,winter park,Winter Park,28.5989,-81.3442,United States,US,USA,florida,,29929.0,1840015966
1283,winter springs,Winter Springs,28.6889,-81.2703,United States,US,USA,florida,,38448.0,1840015959
4489,winterville,Winterville,35.5291,-77.4,United States,US,USA,north carolina,,10624.0,1840016279
2710,winthrop,Winthrop,42.3761,-70.9846,United States,US,USA,massachusetts,,18807.0,1840132450
4217,winton,Winton,37.3854,-120.6173,United States,US,USA,california,,11429.0,1840018933
2717,wisconsin rapids,Wisconsin Rapids,44.3927,-89.8265,United States,US,USA,wisconsin,,18756.0,1840002333
2977,wixom,Wixom,42.5243,-83.5346,United States,US,USA,michigan,,17126.0,1840000407
1192,woburn,Woburn,42.4869,-71.1543,United States,US,USA,massachusetts,,41205.0,1840003124
3179,wolf trap,Wolf Trap,38.9395,-77.2842,United States,US,USA,virginia,,16020.0,1840006042
3577,wood dale,Wood Dale,41.9668,-87.9808,United States,US,USA,illinois,,13926.0,1840010167
4612,wood river,Wood River,38.8631,-90.0774,United States,US,USA,illinois,,10315.0,1840010711
4697,wood-ridge,Wood-Ridge,40.8508,-74.0878,United States,US,USA,new jersey,,10094.0,1840000925
455,woodbridge,Woodbridge,40.5611,-74.2943,United States,US,USA,new jersey,,103428.0,1840081695
1138,woodbridge,Woodbridge,38.6409,-77.258,United States,US,USA,virginia,,43443.0,1840006106
4714,woodburn,Woodburn,38.8503,-77.2322,United States,US,USA,virginia,,10046.0,1840024584
1882,woodburn,Woodburn,45.1472,-122.8603,United States,US,USA,oregon,,26845.0,1840021230
4214,woodbury,Woodbury,41.3284,-74.1004,United States,US,USA,new york,,11437.0,1840004883
633,woodbury,Woodbury,44.9057,-92.923,United States,US,USA,minnesota,,76945.0,1840009998
4966,woodbury,Woodbury,40.8176,-73.4703,United States,US,USA,new york,,9270.0,1840150821
4732,woodbury,Woodbury,39.8379,-75.1524,United States,US,USA,new jersey,,9992.0,1840001527
2982,woodcrest,Woodcrest,33.8789,-117.3687,United States,US,USA,california,,17111.0,1840019296
4770,woodfield,Woodfield,34.0587,-80.9309,United States,US,USA,south carolina,,9901.0,1840035853
3852,woodhaven,Woodhaven,42.132,-83.2374,United States,US,USA,michigan,,12761.0,1840001848
3693,woodinville,Woodinville,47.757,-122.1477,United States,US,USA,washington,,13440.0,1840021121
825,woodland,Woodland,38.6712,-121.75,United States,US,USA,california,,61256.0,1840021485
3738,woodland park,Woodland Park,40.8904,-74.1946,United States,US,USA,new jersey,,13284.0,1840056421
1214,woodlawn,Woodlawn,39.3054,-76.7489,United States,US,USA,maryland,,40476.0,1840005697
2351,woodlawn,Woodlawn,38.7332,-77.1149,United States,US,USA,virginia,,21828.0,1840145210
4628,woodlyn,Woodlyn,39.8774,-75.3445,United States,US,USA,pennsylvania,,10276.0,1840035266
4110,woodmere,Woodmere,29.8493,-90.0751,United States,US,USA,louisiana,,11775.0,1840031148
2802,woodmere,Woodmere,40.6375,-73.7219,United States,US,USA,new york,,18198.0,1840005284
5179,woodmoor,Woodmoor,39.1063,-104.8456,United States,US,USA,colorado,,8819.0,1840028584
1473,woodridge,Woodridge,41.737,-88.0409,United States,US,USA,illinois,,33889.0,1840011411
4191,woods cross,Woods Cross,40.8731,-111.917,United States,US,USA,utah,,11490.0,1840021355
1919,woodstock,Woodstock,42.3096,-88.4353,United States,US,USA,illinois,,26316.0,1840010107
1356,woodstock,Woodstock,34.1026,-84.5091,United States,US,USA,georgia,,36297.0,1840015574
4063,woodward,Woodward,36.4247,-99.4058,United States,US,USA,oklahoma,,11976.0,1840021636
4901,woodway,Woodway,31.4988,-97.2314,United States,US,USA,texas,,9483.0,1840022142
3788,woolwich,Woolwich,39.74,-75.317,United States,US,USA,new jersey,,13056.0,1840081674
1147,woonsocket,Woonsocket,42.001,-71.4993,United States,US,USA,rhode island,,43074.0,1840003290
1862,wooster,Wooster,40.8172,-81.9336,United States,US,USA,ohio,,27012.0,1840000961
90,worcester,Worcester,42.2705,-71.8079,United States,US,USA,massachusetts,,487014.0,1840000434
4503,worcester,Worcester,40.1899,-75.3522,United States,US,USA,pennsylvania,,10588.0,1840035368
2094,world golf village,World Golf Village,29.9654,-81.4896,United States,US,USA,florida,,24485.0,1840039162
4442,worth,Worth,41.6877,-87.7916,United States,US,USA,illinois,,10731.0,1840011318
3613,worthington,Worthington,43.6281,-95.599,United States,US,USA,minnesota,,13792.0,1840010036
3402,worthington,Worthington,40.095,-83.0209,United States,US,USA,ohio,,14754.0,1840010522
3978,wrentham,Wrentham,42.0513,-71.3552,United States,US,USA,massachusetts,,12305.0,1840053562
1848,wright,Wright,30.4445,-86.6419,United States,US,USA,florida,,27233.0,1840013921
2080,wyandotte,Wyandotte,42.2113,-83.1558,United States,US,USA,michigan,,24593.0,1840001849
3019,wyckoff,Wyckoff,40.9989,-74.1676,United States,US,USA,new jersey,,16866.0,1840081803
859,wylie,Wylie,33.0362,-96.5161,United States,US,USA,texas,,58991.0,1840022018
4029,wyndham,Wyndham,37.6924,-77.6123,United States,US,USA,virginia,,12084.0,1840006396
635,wyoming,Wyoming,42.8908,-85.7066,United States,US,USA,michigan,,76865.0,1840000374
5234,wyoming,Wyoming,39.2297,-84.4816,United States,US,USA,ohio,,8712.0,1840001619
4312,wyomissing,Wyomissing,40.3317,-75.9703,United States,US,USA,pennsylvania,,11100.0,1840001196
1993,xenia,Xenia,39.6829,-83.9413,United States,US,USA,ohio,,25555.0,1840003790
340,yakima,Yakima,46.5923,-120.5496,United States,US,USA,washington,,134003.0,1840021154
3268,yankton,Yankton,42.8901,-97.3927,United States,US,USA,south dakota,,15501.0,1840003058
2038,yarmouth,Yarmouth,41.6756,-70.2242,United States,US,USA,massachusetts,,25091.0,1840053508
5093,yarmouth,Yarmouth,43.7978,-70.1719,United States,US,USA,maine,,9006.0,1840053071
4631,yazoo city,Yazoo City,32.8619,-90.4075,United States,US,USA,mississippi,,10270.0,1840015766
4027,yeadon,Yeadon,39.9325,-75.2527,United States,US,USA,pennsylvania,,12091.0,1840000715
4493,yelm,Yelm,46.9398,-122.6262,United States,US,USA,washington,,10618.0,1840021146
217,yonkers,Yonkers,40.9466,-73.8673,United States,US,USA,new york,,209529.0,1840003478
745,yorba linda,Yorba Linda,33.889,-117.7714,United States,US,USA,california,,67407.0,1840021970
5246,york,York,34.9967,-81.2341,United States,US,USA,south carolina,,8697.0,1840015489
3588,york,York,43.186,-70.666,United States,US,USA,maine,,13873.0,1840066551
185,york,York,39.9651,-76.7315,United States,US,USA,pennsylvania,,246769.0,1840001472
4466,yorkshire,Yorkshire,38.7882,-77.4496,United States,US,USA,virginia,,10678.0,1840006107
4163,yorktown,Yorktown,40.183,-85.5123,United States,US,USA,indiana,,11617.0,1840010463
1368,yorktown,Yorktown,41.2727,-73.8092,United States,US,USA,new york,,35969.0,1840088070
2295,yorkville,Yorkville,41.6563,-88.4507,United States,US,USA,illinois,,22350.0,1840010216
138,youngstown,Youngstown,41.0993,-80.6463,United States,US,USA,ohio,,315751.0,1840003563
3053,youngsville,Youngsville,30.0963,-91.9968,United States,US,USA,louisiana,,16664.0,1840015931
2552,ypsilanti,Ypsilanti,42.244,-83.6208,United States,US,USA,michigan,,19937.0,1840000459
358,yuba city,Yuba City,39.1357,-121.6383,United States,US,USA,california,,127854.0,1840021463
920,yucaipa,Yucaipa,34.0336,-117.0429,United States,US,USA,california,,54348.0,1840021732
2363,yucca valley,Yucca Valley,34.1234,-116.4216,United States,US,USA,california,,21744.0,1840022726
2060,yukon,Yukon,35.5201,-97.7639,United States,US,USA,oklahoma,,24802.0,1840021740
3264,yulee,Yulee,30.635,-81.5678,United States,US,USA,florida,,15521.0,1840013928
318,yuma,Yuma,32.5995,-114.5491,United States,US,USA,arizona,,144509.0,1840021998
2589,zachary,Zachary,30.6643,-91.1634,United States,US,USA,louisiana,,19637.0,1840015908
2067,zanesville,Zanesville,39.9565,-82.0132,United States,US,USA,ohio,,24726.0,1840001496
2754,zephyrhills,Zephyrhills,28.2409,-82.1797,United States,US,USA,florida,,18471.0,1840015968
2099,zion,Zion,42.4603,-87.8511,United States,US,USA,illinois,,24466.0,1840010114
1601,zionsville,Zionsville,39.9897,-86.3182,United States,US,USA,indiana,,31442.0,1840010515
